case_id,case_label,mode,seed,ue_id,selected_slots,successful_slots,selection_fraction,success_fraction,final_delivered_bits,final_wait_slots,cqi,demand_factor
t0375_j0625,37.5% throughput + 62.5% Jain fairness,deterministic,1701,0,422,383,0.0844,0.0766,624497.702911377,2,10,2.0
t0375_j0625,37.5% throughput + 62.5% Jain fairness,deterministic,1701,1,789,703,0.1578,0.1406,1889386.370361328,4,13,2.0
t0375_j0625,37.5% throughput + 62.5% Jain fairness,deterministic,1701,2,251,216,0.0502,0.0432,583611.9089355469,18,13,0.5
t0375_j0625,37.5% throughput + 62.5% Jain fairness,deterministic,1701,3,252,226,0.0504,0.0452,685093.907043457,3,14,0.5
t0375_j0625,37.5% throughput + 62.5% Jain fairness,deterministic,1701,4,141,126,0.0282,0.0252,11794.306396484377,26,1,0.5
t0375_j0625,37.5% throughput + 62.5% Jain fairness,deterministic,1701,5,191,175,0.0382,0.035,100100.07957458496,22,5,1.0
t0375_j0625,37.5% throughput + 62.5% Jain fairness,deterministic,1701,6,149,135,0.0298,0.027,30992.840301513672,12,3,0.5
t0375_j0625,37.5% throughput + 62.5% Jain fairness,deterministic,1701,7,264,236,0.0528,0.0472,778466.7388916016,19,15,0.5
t0375_j0625,37.5% throughput + 62.5% Jain fairness,deterministic,1701,8,231,206,0.0462,0.0412,294469.9358825684,0,9,1.0
t0375_j0625,37.5% throughput + 62.5% Jain fairness,deterministic,1701,9,279,262,0.0558,0.0524,71299.87338256836,10,3,2.0
t0375_j0625,37.5% throughput + 62.5% Jain fairness,deterministic,1701,10,376,334,0.0752,0.0668,428651.2512207031,12,8,2.0
t0375_j0625,37.5% throughput + 62.5% Jain fairness,deterministic,1701,11,184,157,0.0368,0.0314,180033.5255126953,11,8,0.5
t0375_j0625,37.5% throughput + 62.5% Jain fairness,deterministic,1701,12,238,205,0.0476,0.041,296208.2471923828,13,9,1.0
t0375_j0625,37.5% throughput + 62.5% Jain fairness,deterministic,1701,13,139,126,0.0278,0.0252,11640.276275634766,17,1,0.5
t0375_j0625,37.5% throughput + 62.5% Jain fairness,deterministic,1701,14,260,233,0.052,0.0466,538996.8728027344,18,12,1.0
t0375_j0625,37.5% throughput + 62.5% Jain fairness,deterministic,1701,15,202,168,0.0404,0.0336,276151.8585205078,16,10,0.5
t0375_j0625,37.5% throughput + 62.5% Jain fairness,deterministic,1701,16,219,198,0.0438,0.0396,225664.142578125,7,8,1.0
t0375_j0625,37.5% throughput + 62.5% Jain fairness,deterministic,1701,17,198,181,0.0396,0.0362,133355.46844482422,24,6,1.0
t0375_j0625,37.5% throughput + 62.5% Jain fairness,deterministic,1701,18,374,334,0.0748,0.0668,429204.349609375,3,8,2.0
t0375_j0625,37.5% throughput + 62.5% Jain fairness,deterministic,1701,19,326,292,0.0652,0.0584,888331.0423583984,14,14,1.0
t0375_j0625,37.5% throughput + 62.5% Jain fairness,deterministic,1701,20,333,291,0.0666,0.0582,889070.0864868164,11,14,1.0
t0375_j0625,37.5% throughput + 62.5% Jain fairness,deterministic,1701,21,245,217,0.049,0.0434,581651.2866210938,9,13,0.5
t0375_j0625,37.5% throughput + 62.5% Jain fairness,deterministic,1701,22,152,135,0.0304,0.027,31591.998901367188,13,3,0.5
t0375_j0625,37.5% throughput + 62.5% Jain fairness,deterministic,1701,23,171,151,0.0342,0.0302,16019.132568359377,26,1,1.0
t0375_j0625,37.5% throughput + 62.5% Jain fairness,deterministic,1701,24,276,250,0.0552,0.05,42298.773582458496,0,2,2.0
t0375_j0625,37.5% throughput + 62.5% Jain fairness,deterministic,1701,25,155,139,0.031,0.0278,50239.28268432617,22,4,0.5
t0375_j0625,37.5% throughput + 62.5% Jain fairness,deterministic,1701,26,359,315,0.0718,0.063,1039293.2235717772,13,15,1.0
t0375_j0625,37.5% throughput + 62.5% Jain fairness,deterministic,1701,27,331,298,0.0662,0.0596,252101.29321289065,15,6,2.0
t0375_j0625,37.5% throughput + 62.5% Jain fairness,deterministic,1701,28,153,135,0.0306,0.027,31374.123046875,12,3,0.5
t0375_j0625,37.5% throughput + 62.5% Jain fairness,deterministic,1701,29,159,135,0.0318,0.027,31374.123046875,12,3,0.5
t0375_j0625,37.5% throughput + 62.5% Jain fairness,deterministic,1701,30,182,158,0.0364,0.0316,26144.638275146484,0,2,1.0
t0375_j0625,37.5% throughput + 62.5% Jain fairness,deterministic,1701,31,176,158,0.0352,0.0316,25873.70938110352,14,2,1.0
t0375_j0625,37.5% throughput + 62.5% Jain fairness,deterministic,1701,32,175,158,0.035,0.0316,25941.441604614258,7,2,1.0
t0375_j0625,37.5% throughput + 62.5% Jain fairness,deterministic,1701,33,205,182,0.041,0.0364,132675.95013427734,6,6,1.0
t0375_j0625,37.5% throughput + 62.5% Jain fairness,deterministic,1701,34,297,256,0.0594,0.0512,690792.5954589844,7,13,1.0
t0375_j0625,37.5% throughput + 62.5% Jain fairness,deterministic,1701,35,140,126,0.028,0.0252,11816.31069946289,35,1,0.5
t0375_j0625,37.5% throughput + 62.5% Jain fairness,deterministic,1701,36,358,316,0.0716,0.0632,1044911.0247802734,4,15,1.0
t0375_j0625,37.5% throughput + 62.5% Jain fairness,deterministic,1701,37,170,158,0.034,0.0316,178374.2303466797,1,8,0.5
t0375_j0625,37.5% throughput + 62.5% Jain fairness,deterministic,1701,38,181,158,0.0362,0.0316,26212.370498657227,2,2,1.0
t0375_j0625,37.5% throughput + 62.5% Jain fairness,deterministic,1701,39,193,168,0.0386,0.0336,274968.3505554199,24,10,0.5
t0375_j0625,37.5% throughput + 62.5% Jain fairness,deterministic,1701,40,225,203,0.045,0.0406,470212.7530517578,10,12,0.5
t0375_j0625,37.5% throughput + 62.5% Jain fairness,deterministic,1701,41,204,190,0.0408,0.038,167897.92864990234,22,7,1.0
t0375_j0625,37.5% throughput + 62.5% Jain fairness,deterministic,1701,42,175,157,0.035,0.0314,178650.77954101562,24,8,0.5
t0375_j0625,37.5% throughput + 62.5% Jain fairness,deterministic,1701,43,372,334,0.0744,0.0668,431693.2923583984,0,8,2.0
t0375_j0625,37.5% throughput + 62.5% Jain fairness,deterministic,1701,44,254,226,0.0508,0.0452,686571.995300293,12,14,0.5
t0375_j0625,37.5% throughput + 62.5% Jain fairness,deterministic,1701,45,778,702,0.1556,0.1404,1880236.7995605469,2,13,2.0
t0375_j0625,37.5% throughput + 62.5% Jain fairness,deterministic,1701,46,165,147,0.033,0.0294,102777.14447021484,4,6,0.5
t0375_j0625,37.5% throughput + 62.5% Jain fairness,deterministic,1701,47,179,162,0.0358,0.0324,230847.74194335935,29,9,0.5
t0375_j0625,37.5% throughput + 62.5% Jain fairness,deterministic,1701,48,241,223,0.0482,0.0446,436325.3539123535,0,11,1.0
t0375_j0625,37.5% throughput + 62.5% Jain fairness,deterministic,1701,49,1068,973,0.2136,0.1946,3199739.059753418,1,15,2.0
t0375_j0625,37.5% throughput + 62.5% Jain fairness,deterministic,1701,50,209,189,0.0418,0.0378,168111.26782226562,24,7,1.0
t0375_j0625,37.5% throughput + 62.5% Jain fairness,deterministic,1701,51,877,795,0.1754,0.159,2402632.4614868164,3,14,2.0
t0375_j0625,37.5% throughput + 62.5% Jain fairness,deterministic,1701,52,250,226,0.05,0.0452,681398.6864013672,12,14,0.5
t0375_j0625,37.5% throughput + 62.5% Jain fairness,deterministic,1701,53,225,198,0.045,0.0396,226217.24096679688,10,8,1.0
t0375_j0625,37.5% throughput + 62.5% Jain fairness,deterministic,1701,54,135,127,0.027,0.0254,11794.306396484377,4,1,0.5
t0375_j0625,37.5% throughput + 62.5% Jain fairness,deterministic,1701,55,224,202,0.0448,0.0404,465702.31896972656,23,12,0.5
t0375_j0625,37.5% throughput + 62.5% Jain fairness,deterministic,1701,56,245,222,0.049,0.0444,435365.3421325684,19,11,1.0
t0375_j0625,37.5% throughput + 62.5% Jain fairness,deterministic,1701,57,149,135,0.0298,0.027,31047.30926513672,17,3,0.5
t0375_j0625,37.5% throughput + 62.5% Jain fairness,deterministic,1701,58,180,163,0.036,0.0326,232238.3909912109,3,9,0.5
t0375_j0625,37.5% throughput + 62.5% Jain fairness,deterministic,1701,59,162,143,0.0324,0.0286,74631.57831573486,18,5,0.5
t0375_j0625,37.5% throughput + 62.5% Jain fairness,deterministic,1701,60,219,198,0.0438,0.0396,225387.59338378903,0,8,1.0
t0375_j0625,37.5% throughput + 62.5% Jain fairness,deterministic,1701,61,285,249,0.057,0.0498,42095.57691192627,10,2,2.0
t0375_j0625,37.5% throughput + 62.5% Jain fairness,deterministic,1701,62,224,198,0.0448,0.0396,225664.142578125,0,8,1.0
t0375_j0625,37.5% throughput + 62.5% Jain fairness,deterministic,1701,63,194,176,0.0388,0.0352,100987.04230499268,10,5,1.0
t0375_j0625,37.5% throughput + 62.5% Jain fairness,deterministic,1701,64,167,153,0.0334,0.0306,133550.32189941406,5,7,0.5
t0375_j0625,37.5% throughput + 62.5% Jain fairness,deterministic,1701,65,141,127,0.0282,0.0254,11750.297790527344,6,1,0.5
t0375_j0625,37.5% throughput + 62.5% Jain fairness,deterministic,1701,66,251,222,0.0502,0.0444,438725.3833618164,2,11,1.0
t0375_j0625,37.5% throughput + 62.5% Jain fairness,deterministic,1701,67,165,147,0.033,0.0294,102607.26489257812,22,6,0.5
t0375_j0625,37.5% throughput + 62.5% Jain fairness,deterministic,1701,68,428,383,0.0856,0.0766,624892.2055664062,0,10,2.0
t0375_j0625,37.5% throughput + 62.5% Jain fairness,deterministic,1701,69,177,157,0.0354,0.0314,179203.8779296875,17,8,0.5
t0375_j0625,37.5% throughput + 62.5% Jain fairness,deterministic,1701,70,405,356,0.081,0.0712,539571.8305664062,11,9,2.0
t0375_j0625,37.5% throughput + 62.5% Jain fairness,deterministic,1701,71,1070,972,0.214,0.1944,3194923.801574707,0,15,2.0
t0375_j0625,37.5% throughput + 62.5% Jain fairness,deterministic,1701,72,401,356,0.0802,0.0712,542353.1286621094,1,9,2.0
t0375_j0625,37.5% throughput + 62.5% Jain fairness,deterministic,1701,73,146,131,0.0292,0.0262,18626.3614654541,14,2,0.5
t0375_j0625,37.5% throughput + 62.5% Jain fairness,deterministic,1701,74,137,131,0.0274,0.0262,18660.227577209476,22,2,0.5
t0375_j0625,37.5% throughput + 62.5% Jain fairness,deterministic,1701,75,240,215,0.048,0.043,347951.34173583984,6,10,1.0
t0375_j0625,37.5% throughput + 62.5% Jain fairness,deterministic,1701,76,203,182,0.0406,0.0364,132675.95013427734,3,6,1.0
t0375_j0625,37.5% throughput + 62.5% Jain fairness,deterministic,1701,77,201,190,0.0402,0.038,168324.6069946289,8,7,1.0
t0375_j0625,37.5% throughput + 62.5% Jain fairness,deterministic,1701,78,228,206,0.0456,0.0412,294469.9358825684,8,9,1.0
t0375_j0625,37.5% throughput + 62.5% Jain fairness,deterministic,1701,79,216,190,0.0432,0.038,168537.9461669922,3,7,1.0
t0375_j0625,37.5% throughput + 62.5% Jain fairness,deterministic,1701,80,162,147,0.0324,0.0294,102437.3853149414,25,6,0.5
t0375_j0625,37.5% throughput + 62.5% Jain fairness,deterministic,1701,81,332,292,0.0664,0.0584,889809.1306152344,0,14,1.0
t0375_j0625,37.5% throughput + 62.5% Jain fairness,deterministic,1701,82,449,414,0.0898,0.0828,811689.9598083496,4,11,2.0
t0375_j0625,37.5% throughput + 62.5% Jain fairness,deterministic,1701,83,775,696,0.155,0.1392,1866512.443359375,4,13,2.0
t0375_j0625,37.5% throughput + 62.5% Jain fairness,deterministic,1701,84,162,143,0.0324,0.0286,74631.57831573486,21,5,0.5
t0375_j0625,37.5% throughput + 62.5% Jain fairness,deterministic,1701,85,157,143,0.0314,0.0286,74504.86935424805,13,5,0.5
t0375_j0625,37.5% throughput + 62.5% Jain fairness,deterministic,1701,86,881,782,0.1762,0.1564,2373809.740478516,4,14,2.0
t0375_j0625,37.5% throughput + 62.5% Jain fairness,deterministic,1701,87,159,147,0.0318,0.0294,102097.62615966795,32,6,0.5
t0375_j0625,37.5% throughput + 62.5% Jain fairness,deterministic,1701,88,304,275,0.0608,0.055,119253.1069946289,3,4,2.0
t0375_j0625,37.5% throughput + 62.5% Jain fairness,deterministic,1701,89,201,181,0.0402,0.0362,133015.70928955078,25,6,1.0
t0375_j0625,37.5% throughput + 62.5% Jain fairness,deterministic,1701,90,227,198,0.0454,0.0396,227599.98693847656,3,8,1.0
t0375_j0625,37.5% throughput + 62.5% Jain fairness,deterministic,1701,91,178,162,0.0356,0.0324,230847.74194335935,28,9,0.5
t0375_j0625,37.5% throughput + 62.5% Jain fairness,deterministic,1701,92,172,152,0.0344,0.0304,133336.98272705078,10,7,0.5
t0375_j0625,37.5% throughput + 62.5% Jain fairness,deterministic,1701,93,146,130,0.0292,0.026,18761.825912475582,27,2,0.5
t0375_j0625,37.5% throughput + 62.5% Jain fairness,deterministic,1701,94,360,335,0.072,0.067,431969.8415527344,12,8,2.0
t0375_j0625,37.5% throughput + 62.5% Jain fairness,deterministic,1701,95,164,147,0.0328,0.0294,102437.3853149414,22,6,0.5
t0375_j0625,37.5% throughput + 62.5% Jain fairness,deterministic,1701,96,321,292,0.0642,0.0584,884635.8217163086,4,14,1.0
t0375_j0625,37.5% throughput + 62.5% Jain fairness,deterministic,1701,97,165,138,0.033,0.0276,50239.28268432617,28,4,0.5
t0375_j0625,37.5% throughput + 62.5% Jain fairness,deterministic,1701,98,203,182,0.0406,0.0364,133185.5888671875,5,6,1.0
t0375_j0625,37.5% throughput + 62.5% Jain fairness,deterministic,1701,99,140,126,0.028,0.0252,11662.28057861328,36,1,0.5
t0375_j0625,37.5% throughput + 62.5% Jain fairness,deterministic,1701,100,358,316,0.0716,0.0632,1046516.1108398438,8,15,1.0
t0375_j0625,37.5% throughput + 62.5% Jain fairness,deterministic,1701,101,421,384,0.0842,0.0768,625286.7082214355,1,10,2.0
t0375_j0625,37.5% throughput + 62.5% Jain fairness,deterministic,1701,102,293,275,0.0586,0.055,119426.94534301758,12,4,2.0
t0375_j0625,37.5% throughput + 62.5% Jain fairness,deterministic,1701,103,198,169,0.0396,0.0338,69361.50100708008,26,4,1.0
t0375_j0625,37.5% throughput + 62.5% Jain fairness,deterministic,1701,104,218,206,0.0436,0.0412,290993.31326293945,15,9,1.0
t0375_j0625,37.5% throughput + 62.5% Jain fairness,deterministic,1701,105,207,184,0.0414,0.0368,362404.4468688965,9,11,0.5
t0375_j0625,37.5% throughput + 62.5% Jain fairness,deterministic,1701,106,295,256,0.059,0.0512,692753.2177734375,1,13,1.0
t0375_j0625,37.5% throughput + 62.5% Jain fairness,deterministic,1701,107,152,139,0.0304,0.0278,50152.36351013184,22,4,0.5
t0375_j0625,37.5% throughput + 62.5% Jain fairness,deterministic,1701,108,244,214,0.0488,0.0428,348345.84439086914,22,10,1.0
t0375_j0625,37.5% throughput + 62.5% Jain fairness,deterministic,1701,109,157,143,0.0314,0.0286,74378.16039276123,10,5,0.5
t0375_j0625,37.5% throughput + 62.5% Jain fairness,deterministic,1701,110,254,233,0.0508,0.0466,536741.6557617188,15,12,1.0
t0375_j0625,37.5% throughput + 62.5% Jain fairness,deterministic,1701,111,357,316,0.0714,0.0632,1043305.9387207032,2,15,1.0
t0375_j0625,37.5% throughput + 62.5% Jain fairness,deterministic,1701,112,156,143,0.0312,0.0286,74378.16039276123,4,5,0.5
t0375_j0625,37.5% throughput + 62.5% Jain fairness,deterministic,1701,113,180,162,0.036,0.0324,231543.0664672852,8,9,0.5
t0375_j0625,37.5% throughput + 62.5% Jain fairness,deterministic,1701,114,145,135,0.029,0.027,31591.998901367188,23,3,0.5
t0375_j0625,37.5% throughput + 62.5% Jain fairness,deterministic,1701,115,775,691,0.155,0.1382,1852134.5463867188,4,13,2.0
t0375_j0625,37.5% throughput + 62.5% Jain fairness,deterministic,1701,116,168,151,0.0336,0.0302,16173.162689208984,25,1,1.0
t0375_j0625,37.5% throughput + 62.5% Jain fairness,deterministic,1701,117,191,169,0.0382,0.0338,274179.3452453613,2,10,0.5
t0375_j0625,37.5% throughput + 62.5% Jain fairness,deterministic,1701,118,177,157,0.0354,0.0314,178097.68115234375,20,8,0.5
t0375_j0625,37.5% throughput + 62.5% Jain fairness,deterministic,1701,119,187,169,0.0374,0.0338,272601.33462524414,8,10,0.5
t0375_j0625,37.5% throughput + 62.5% Jain fairness,deterministic,1701,120,163,147,0.0326,0.0294,102607.26489257812,18,6,0.5
t0375_j0625,37.5% throughput + 62.5% Jain fairness,deterministic,1701,121,203,175,0.0406,0.035,100733.62438201904,16,5,1.0
t0375_j0625,37.5% throughput + 62.5% Jain fairness,deterministic,1701,122,145,135,0.029,0.027,31591.998901367188,25,3,0.5
t0375_j0625,37.5% throughput + 62.5% Jain fairness,deterministic,1701,123,344,316,0.0688,0.0632,327902.3079223633,2,7,2.0
t0375_j0625,37.5% throughput + 62.5% Jain fairness,deterministic,1701,124,379,333,0.0758,0.0666,428374.7020263672,10,8,2.0
t0375_j0625,37.5% throughput + 62.5% Jain fairness,deterministic,1701,125,145,126,0.029,0.0252,11860.319305419922,21,1,0.5
t0375_j0625,37.5% throughput + 62.5% Jain fairness,deterministic,1701,126,319,286,0.0638,0.0572,180433.56115722656,0,5,2.0
t0375_j0625,37.5% throughput + 62.5% Jain fairness,deterministic,1701,127,301,275,0.0602,0.055,119340.02616882324,8,4,2.0
t0375_j0625,37.5% throughput + 62.5% Jain fairness,deterministic,1701,128,166,143,0.0332,0.0286,75265.12312316895,2,5,0.5
t0375_j0625,37.5% throughput + 62.5% Jain fairness,deterministic,1701,129,176,152,0.0352,0.0304,135043.69610595703,6,7,0.5
t0375_j0625,37.5% throughput + 62.5% Jain fairness,deterministic,1701,130,383,358,0.0766,0.0716,539224.1683044434,4,9,2.0
t0375_j0625,37.5% throughput + 62.5% Jain fairness,deterministic,1701,131,396,356,0.0792,0.0712,539919.4928283691,13,9,2.0
t0375_j0625,37.5% throughput + 62.5% Jain fairness,deterministic,1701,132,175,152,0.035,0.0304,134403.6785888672,5,7,0.5
t0375_j0625,37.5% throughput + 62.5% Jain fairness,deterministic,1701,133,201,182,0.0402,0.0364,133355.46844482422,16,6,1.0
t0375_j0625,37.5% throughput + 62.5% Jain fairness,deterministic,1701,134,233,205,0.0466,0.041,292731.6245727539,15,9,1.0
t0375_j0625,37.5% throughput + 62.5% Jain fairness,deterministic,1701,135,291,261,0.0582,0.0522,71027.52856445312,7,3,2.0
t0375_j0625,37.5% throughput + 62.5% Jain fairness,deterministic,1701,136,164,151,0.0328,0.0302,16173.162689208984,20,1,1.0
t0375_j0625,37.5% throughput + 62.5% Jain fairness,deterministic,1701,137,308,274,0.0616,0.0548,118818.51112365724,17,4,2.0
t0375_j0625,37.5% throughput + 62.5% Jain fairness,deterministic,1701,138,220,198,0.044,0.0396,224834.4949951172,14,8,1.0
t0375_j0625,37.5% throughput + 62.5% Jain fairness,deterministic,1701,139,222,202,0.0444,0.0404,465138.5147094727,21,12,0.5
t0375_j0625,37.5% throughput + 62.5% Jain fairness,deterministic,1701,140,250,226,0.05,0.0452,685093.907043457,14,14,0.5
t0375_j0625,37.5% throughput + 62.5% Jain fairness,deterministic,1701,141,160,147,0.032,0.0294,102097.62615966795,25,6,0.5
t0375_j0625,37.5% throughput + 62.5% Jain fairness,deterministic,1701,142,185,165,0.037,0.033,43357.29504394531,6,3,1.0
t0375_j0625,37.5% throughput + 62.5% Jain fairness,deterministic,1701,143,167,147,0.0334,0.0294,102947.02404785156,20,6,0.5
t0375_j0625,37.5% throughput + 62.5% Jain fairness,deterministic,1701,144,221,203,0.0442,0.0406,466829.9274902344,1,12,0.5
t0375_j0625,37.5% throughput + 62.5% Jain fairness,deterministic,1701,145,227,203,0.0454,0.0406,469648.9487915039,8,12,0.5
t0375_j0625,37.5% throughput + 62.5% Jain fairness,deterministic,1701,146,204,184,0.0408,0.0368,361924.4409790039,21,11,0.5
t0375_j0625,37.5% throughput + 62.5% Jain fairness,deterministic,1701,147,178,157,0.0356,0.0314,179203.8779296875,8,8,0.5
t0375_j0625,37.5% throughput + 62.5% Jain fairness,deterministic,1701,148,154,147,0.0308,0.0294,101418.1078491211,15,6,0.5
t0375_j0625,37.5% throughput + 62.5% Jain fairness,deterministic,1701,149,203,182,0.0406,0.0364,132506.07055664062,9,6,1.0
t0375_j0625,37.5% throughput + 62.5% Jain fairness,deterministic,1701,150,199,175,0.0398,0.035,100353.4974975586,16,5,1.0
t0375_j0625,37.5% throughput + 62.5% Jain fairness,deterministic,1701,151,169,158,0.0338,0.0316,26178.504386901852,24,2,1.0
t0375_j0625,37.5% throughput + 62.5% Jain fairness,deterministic,1701,152,330,292,0.066,0.0584,889809.1306152344,0,14,1.0
t0375_j0625,37.5% throughput + 62.5% Jain fairness,deterministic,1701,153,172,152,0.0344,0.0304,133977.00024414062,10,7,0.5
t0375_j0625,37.5% throughput + 62.5% Jain fairness,deterministic,1701,154,219,206,0.0438,0.0412,291688.63778686523,17,9,1.0
t0375_j0625,37.5% throughput + 62.5% Jain fairness,deterministic,1701,155,195,176,0.039,0.0352,99466.53476715088,7,5,1.0
t0375_j0625,37.5% throughput + 62.5% Jain fairness,deterministic,1701,156,226,215,0.0452,0.043,344006.3151855469,14,10,1.0
t0375_j0625,37.5% throughput + 62.5% Jain fairness,deterministic,1701,157,346,317,0.0692,0.0634,1037688.137512207,1,15,1.0
t0375_j0625,37.5% throughput + 62.5% Jain fairness,deterministic,1701,158,178,163,0.0356,0.0326,231195.40420532227,7,9,0.5
t0375_j0625,37.5% throughput + 62.5% Jain fairness,deterministic,1701,159,181,165,0.0362,0.033,43520.70193481445,7,3,1.0
t0375_j0625,37.5% throughput + 62.5% Jain fairness,deterministic,1701,160,876,788,0.1752,0.1576,2389329.667175293,5,14,2.0
t0375_j0625,37.5% throughput + 62.5% Jain fairness,deterministic,1701,161,401,356,0.0802,0.0712,540962.4796142578,6,9,2.0
t0375_j0625,37.5% throughput + 62.5% Jain fairness,deterministic,1701,162,168,152,0.0336,0.0304,133123.6435546875,21,7,0.5
t0375_j0625,37.5% throughput + 62.5% Jain fairness,deterministic,1701,163,139,126,0.0278,0.0252,11530.254760742188,22,1,0.5
t0375_j0625,37.5% throughput + 62.5% Jain fairness,deterministic,1701,164,344,315,0.0688,0.063,328755.6646118164,9,7,2.0
t0375_j0625,37.5% throughput + 62.5% Jain fairness,deterministic,1701,165,145,130,0.029,0.026,18863.4242477417,26,2,0.5
t0375_j0625,37.5% throughput + 62.5% Jain fairness,deterministic,1701,166,775,703,0.155,0.1406,1881543.881103516,5,13,2.0
t0375_j0625,37.5% throughput + 62.5% Jain fairness,deterministic,1701,167,163,143,0.0326,0.0286,75138.41416168213,4,5,0.5
t0375_j0625,37.5% throughput + 62.5% Jain fairness,deterministic,1701,168,172,152,0.0344,0.0304,133763.66107177734,18,7,0.5
t0375_j0625,37.5% throughput + 62.5% Jain fairness,deterministic,1701,169,165,147,0.033,0.0294,102777.14447021484,13,6,0.5
t0375_j0625,37.5% throughput + 62.5% Jain fairness,deterministic,1701,170,177,157,0.0354,0.0314,178650.77954101562,16,8,0.5
t0375_j0625,37.5% throughput + 62.5% Jain fairness,deterministic,1701,171,279,255,0.0558,0.051,681643.0246582031,13,13,1.0
t0375_j0625,37.5% throughput + 62.5% Jain fairness,deterministic,1701,172,311,287,0.0622,0.0574,181193.81492614743,0,5,2.0
t0375_j0625,37.5% throughput + 62.5% Jain fairness,deterministic,1701,173,460,411,0.092,0.0822,812649.9715881348,11,11,2.0
t0375_j0625,37.5% throughput + 62.5% Jain fairness,deterministic,1701,174,262,234,0.0524,0.0468,541815.8941040039,2,12,1.0
t0375_j0625,37.5% throughput + 62.5% Jain fairness,deterministic,1701,175,166,151,0.0332,0.0302,16063.141174316406,28,1,1.0
t0375_j0625,37.5% throughput + 62.5% Jain fairness,deterministic,1701,176,297,261,0.0594,0.0522,70918.59063720703,15,3,2.0
t0375_j0625,37.5% throughput + 62.5% Jain fairness,deterministic,1701,177,255,238,0.051,0.0476,26185.120544433597,14,1,2.0
t0375_j0625,37.5% throughput + 62.5% Jain fairness,deterministic,1701,178,172,157,0.0344,0.0314,178097.68115234375,18,8,0.5
t0375_j0625,37.5% throughput + 62.5% Jain fairness,deterministic,1701,179,173,157,0.0346,0.0314,178097.68115234375,27,8,0.5
t0375_j0625,37.5% throughput + 62.5% Jain fairness,deterministic,1701,180,405,356,0.081,0.0712,541657.8041381836,9,9,2.0
t0375_j0625,37.5% throughput + 62.5% Jain fairness,deterministic,1701,181,257,233,0.0514,0.0466,537305.4600219727,7,12,1.0
t0375_j0625,37.5% throughput + 62.5% Jain fairness,deterministic,1701,182,190,175,0.038,0.035,100606.91542053224,16,5,1.0
t0375_j0625,37.5% throughput + 62.5% Jain fairness,deterministic,1701,183,258,233,0.0516,0.0466,537305.4600219727,9,12,1.0
t0375_j0625,37.5% throughput + 62.5% Jain fairness,deterministic,1701,184,343,315,0.0686,0.063,329182.34295654297,9,7,2.0
t0375_j0625,37.5% throughput + 62.5% Jain fairness,deterministic,1701,185,230,206,0.046,0.0412,294122.27362060547,3,9,1.0
t0375_j0625,37.5% throughput + 62.5% Jain fairness,deterministic,1701,186,238,205,0.0476,0.041,295512.92266845703,12,9,1.0
t0375_j0625,37.5% throughput + 62.5% Jain fairness,deterministic,1701,187,178,162,0.0356,0.0324,230500.07968139648,28,9,0.5
t0375_j0625,37.5% throughput + 62.5% Jain fairness,deterministic,1701,188,150,135,0.03,0.027,31047.30926513672,13,3,0.5
t0375_j0625,37.5% throughput + 62.5% Jain fairness,deterministic,1701,189,205,190,0.041,0.038,167257.9111328125,8,7,1.0
t0375_j0625,37.5% throughput + 62.5% Jain fairness,deterministic,1701,190,170,152,0.034,0.0304,133123.6435546875,11,7,0.5
t0375_j0625,37.5% throughput + 62.5% Jain fairness,deterministic,1701,191,374,334,0.0748,0.0668,431140.19396972656,12,8,2.0
t0375_j0625,37.5% throughput + 62.5% Jain fairness,deterministic,1701,192,143,131,0.0286,0.0262,18998.888694763184,14,2,0.5
t0375_j0625,37.5% throughput + 62.5% Jain fairness,deterministic,1701,193,165,158,0.033,0.0316,176714.93518066406,16,8,0.5
t0375_j0625,37.5% throughput + 62.5% Jain fairness,deterministic,1701,194,186,165,0.0372,0.033,43411.76400756836,19,3,1.0
t0375_j0625,37.5% throughput + 62.5% Jain fairness,deterministic,1701,195,243,223,0.0486,0.0446,437285.3656921387,3,11,1.0
t0375_j0625,37.5% throughput + 62.5% Jain fairness,deterministic,1701,196,178,165,0.0356,0.033,43248.35711669922,21,3,1.0
t0375_j0625,37.5% throughput + 62.5% Jain fairness,deterministic,1701,197,409,384,0.0818,0.0768,623708.6976013184,3,10,2.0
t0375_j0625,37.5% throughput + 62.5% Jain fairness,deterministic,1701,198,872,789,0.1744,0.1578,2387112.534790039,1,14,2.0
t0375_j0625,37.5% throughput + 62.5% Jain fairness,deterministic,1701,199,160,143,0.032,0.0286,74631.57831573486,11,5,0.5
t0375_j0625,37.5% throughput + 62.5% Jain fairness,deterministic,1701,200,318,292,0.0636,0.0584,880940.6010742188,2,14,1.0
t0375_j0625,37.5% throughput + 62.5% Jain fairness,deterministic,1701,201,232,215,0.0464,0.043,346373.33111572266,11,10,1.0
t0375_j0625,37.5% throughput + 62.5% Jain fairness,deterministic,1701,202,316,291,0.0632,0.0582,878723.4686889648,13,14,1.0
t0375_j0625,37.5% throughput + 62.5% Jain fairness,deterministic,1701,203,265,238,0.053,0.0476,26185.120544433597,0,1,2.0
t0375_j0625,37.5% throughput + 62.5% Jain fairness,deterministic,1701,204,163,152,0.0326,0.0304,132270.28686523438,21,7,0.5
t0375_j0625,37.5% throughput + 62.5% Jain fairness,deterministic,1701,205,164,147,0.0328,0.0294,102777.14447021484,23,6,0.5
t0375_j0625,37.5% throughput + 62.5% Jain fairness,deterministic,1701,206,210,181,0.042,0.0362,134204.8663330078,13,6,1.0
t0375_j0625,37.5% throughput + 62.5% Jain fairness,deterministic,1701,207,174,163,0.0348,0.0326,230152.4174194336,9,9,0.5
t0375_j0625,37.5% throughput + 62.5% Jain fairness,deterministic,1701,208,219,197,0.0438,0.0394,225111.04418945312,22,8,1.0
t0375_j0625,37.5% throughput + 62.5% Jain fairness,deterministic,1701,209,768,698,0.1536,0.1396,1867165.9841308596,1,13,2.0
t0375_j0625,37.5% throughput + 62.5% Jain fairness,deterministic,1701,210,140,126,0.028,0.0252,11706.289184570312,19,1,0.5
t0375_j0625,37.5% throughput + 62.5% Jain fairness,deterministic,1701,211,233,217,0.0466,0.0434,577076.5012207031,18,13,0.5
t0375_j0625,37.5% throughput + 62.5% Jain fairness,deterministic,1701,212,264,236,0.0528,0.0472,778466.7388916016,14,15,0.5
t0375_j0625,37.5% throughput + 62.5% Jain fairness,deterministic,1701,213,206,182,0.0412,0.0364,133015.70928955078,12,6,1.0
t0375_j0625,37.5% throughput + 62.5% Jain fairness,deterministic,1701,214,153,135,0.0306,0.027,31591.998901367188,5,3,0.5
t0375_j0625,37.5% throughput + 62.5% Jain fairness,deterministic,1701,215,160,147,0.032,0.0294,102267.50573730467,27,6,0.5
t0375_j0625,37.5% throughput + 62.5% Jain fairness,deterministic,1701,216,133,126,0.0266,0.0252,11596.267669677734,30,1,0.5
t0375_j0625,37.5% throughput + 62.5% Jain fairness,deterministic,1701,217,373,334,0.0746,0.0668,431693.2923583984,6,8,2.0
t0375_j0625,37.5% throughput + 62.5% Jain fairness,deterministic,1701,218,245,215,0.049,0.043,349134.84970092773,0,10,1.0
t0375_j0625,37.5% throughput + 62.5% Jain fairness,deterministic,1701,219,204,182,0.0408,0.0364,133355.46844482422,7,6,1.0
t0375_j0625,37.5% throughput + 62.5% Jain fairness,deterministic,1701,220,353,315,0.0706,0.063,1038490.6805419922,11,15,1.0
t0375_j0625,37.5% throughput + 62.5% Jain fairness,deterministic,1701,221,875,787,0.175,0.1574,2386373.490661621,3,14,2.0
t0375_j0625,37.5% throughput + 62.5% Jain fairness,deterministic,1701,222,165,142,0.033,0.0284,74884.9962387085,27,5,0.5
t0375_j0625,37.5% throughput + 62.5% Jain fairness,deterministic,1701,223,323,292,0.0646,0.0584,884635.8217163086,5,14,1.0
t0375_j0625,37.5% throughput + 62.5% Jain fairness,deterministic,1701,224,248,223,0.0496,0.0446,439205.389251709,1,11,1.0
t0375_j0625,37.5% throughput + 62.5% Jain fairness,deterministic,1701,225,772,703,0.1544,0.1406,1878276.1772460935,4,13,2.0
t0375_j0625,37.5% throughput + 62.5% Jain fairness,deterministic,1701,226,274,250,0.0548,0.05,42231.04135894776,5,2,2.0
t0375_j0625,37.5% throughput + 62.5% Jain fairness,deterministic,1701,227,231,216,0.0462,0.0432,345978.82846069336,2,10,1.0
t0375_j0625,37.5% throughput + 62.5% Jain fairness,deterministic,1701,228,142,126,0.0284,0.0252,11530.254760742188,34,1,0.5
t0375_j0625,37.5% throughput + 62.5% Jain fairness,deterministic,1701,229,153,139,0.0306,0.0278,49891.60598754883,20,4,0.5
t0375_j0625,37.5% throughput + 62.5% Jain fairness,deterministic,1701,230,237,215,0.0474,0.043,347951.34173583984,2,10,1.0
t0375_j0625,37.5% throughput + 62.5% Jain fairness,deterministic,1701,231,181,165,0.0362,0.033,42976.012298583984,25,3,1.0
t0375_j0625,37.5% throughput + 62.5% Jain fairness,deterministic,1701,232,212,189,0.0424,0.0378,168111.26782226562,16,7,1.0
t0375_j0625,37.5% throughput + 62.5% Jain fairness,deterministic,1701,233,181,165,0.0362,0.033,43030.48126220703,20,3,1.0
t0375_j0625,37.5% throughput + 62.5% Jain fairness,deterministic,1701,234,1086,967,0.2172,0.1934,3194923.801574707,0,15,2.0
t0375_j0625,37.5% throughput + 62.5% Jain fairness,deterministic,1701,235,185,165,0.037,0.033,43030.48126220703,16,3,1.0
t0375_j0625,37.5% throughput + 62.5% Jain fairness,deterministic,1701,236,261,237,0.0522,0.0474,780071.8249511719,1,15,0.5
t0375_j0625,37.5% throughput + 62.5% Jain fairness,deterministic,1701,237,163,147,0.0326,0.0294,102267.50573730467,11,6,0.5
t0375_j0625,37.5% throughput + 62.5% Jain fairness,deterministic,1701,238,300,261,0.06,0.0522,70918.59063720703,9,3,2.0
t0375_j0625,37.5% throughput + 62.5% Jain fairness,deterministic,1701,239,217,198,0.0434,0.0396,224281.3966064453,7,8,1.0
t0375_j0625,37.5% throughput + 62.5% Jain fairness,deterministic,1701,240,170,152,0.034,0.0304,16195.1669921875,9,1,1.0
t0375_j0625,37.5% throughput + 62.5% Jain fairness,deterministic,1701,241,349,316,0.0698,0.0632,1038490.6805419922,1,15,1.0
t0375_j0625,37.5% throughput + 62.5% Jain fairness,deterministic,1701,242,184,165,0.0368,0.033,43084.95022583008,13,3,1.0
t0375_j0625,37.5% throughput + 62.5% Jain fairness,deterministic,1701,243,286,261,0.0572,0.0522,70864.12167358398,18,3,2.0
t0375_j0625,37.5% throughput + 62.5% Jain fairness,deterministic,1701,244,221,198,0.0442,0.0396,225664.142578125,4,8,1.0
t0375_j0625,37.5% throughput + 62.5% Jain fairness,deterministic,1701,245,235,215,0.047,0.043,346767.83377075195,8,10,1.0
t0375_j0625,37.5% throughput + 62.5% Jain fairness,deterministic,1701,246,184,165,0.0368,0.033,43575.1708984375,12,3,1.0
t0375_j0625,37.5% throughput + 62.5% Jain fairness,deterministic,1701,247,223,206,0.0446,0.0412,292383.962310791,12,9,1.0
t0375_j0625,37.5% throughput + 62.5% Jain fairness,deterministic,1701,248,219,198,0.0438,0.0396,225111.04418945312,6,8,1.0
t0375_j0625,37.5% throughput + 62.5% Jain fairness,deterministic,1701,249,459,412,0.0918,0.0824,812649.9715881348,9,11,2.0
t0375_j0625,37.5% throughput + 62.5% Jain fairness,deterministic,1701,250,244,217,0.0488,0.0434,584918.9904785156,2,13,0.5
t0375_j0625,37.5% throughput + 62.5% Jain fairness,deterministic,1701,251,180,157,0.036,0.0314,179480.42712402344,10,8,0.5
t0375_j0625,37.5% throughput + 62.5% Jain fairness,deterministic,1701,252,142,135,0.0284,0.027,30829.43341064453,19,3,0.5
t0375_j0625,37.5% throughput + 62.5% Jain fairness,deterministic,1701,253,250,226,0.05,0.0452,684354.8629150391,11,14,0.5
t0375_j0625,37.5% throughput + 62.5% Jain fairness,deterministic,1701,254,188,165,0.0376,0.033,43302.826080322266,9,3,1.0
t0375_j0625,37.5% throughput + 62.5% Jain fairness,deterministic,1701,255,164,152,0.0328,0.0304,16063.141174316406,6,1,1.0
t0375_j0625,37.5% throughput + 62.5% Jain fairness,deterministic,1701,256,185,169,0.037,0.0338,272206.83197021484,9,10,0.5
t0375_j0625,37.5% throughput + 62.5% Jain fairness,deterministic,1701,257,265,236,0.053,0.0472,776861.6528320312,10,15,0.5
t0375_j0625,37.5% throughput + 62.5% Jain fairness,deterministic,1701,258,281,257,0.0562,0.0514,685564.2692871094,1,13,1.0
t0375_j0625,37.5% throughput + 62.5% Jain fairness,deterministic,1701,259,229,203,0.0458,0.0406,470212.7530517578,12,12,0.5
t0375_j0625,37.5% throughput + 62.5% Jain fairness,deterministic,1701,260,217,202,0.0434,0.0404,462883.297668457,23,12,0.5
t0375_j0625,37.5% throughput + 62.5% Jain fairness,deterministic,1701,261,187,169,0.0374,0.0338,273390.33993530273,17,10,0.5
t0375_j0625,37.5% throughput + 62.5% Jain fairness,deterministic,1701,262,172,158,0.0344,0.0316,26043.03993988037,18,2,1.0
t0375_j0625,37.5% throughput + 62.5% Jain fairness,deterministic,1701,263,176,158,0.0352,0.0316,26246.2366104126,11,2,1.0
t0375_j0625,37.5% throughput + 62.5% Jain fairness,deterministic,1701,264,164,147,0.0328,0.0294,102947.02404785156,9,6,0.5
t0375_j0625,37.5% throughput + 62.5% Jain fairness,deterministic,1701,265,175,152,0.035,0.0304,134190.3394165039,8,7,0.5
t0375_j0625,37.5% throughput + 62.5% Jain fairness,deterministic,1701,266,282,249,0.0564,0.0498,42129.44302368164,9,2,2.0
t0375_j0625,37.5% throughput + 62.5% Jain fairness,deterministic,1701,267,269,233,0.0538,0.0466,545762.5239257812,2,12,1.0
t0375_j0625,37.5% throughput + 62.5% Jain fairness,deterministic,1701,268,201,175,0.0402,0.035,100860.33334350586,8,5,1.0
t0375_j0625,37.5% throughput + 62.5% Jain fairness,deterministic,1701,269,179,158,0.0358,0.0316,26178.504386901852,11,2,1.0
t0375_j0625,37.5% throughput + 62.5% Jain fairness,deterministic,1701,270,193,169,0.0386,0.0338,68579.22843933105,27,4,1.0
t0375_j0625,37.5% throughput + 62.5% Jain fairness,deterministic,1701,271,167,152,0.0334,0.0304,16173.162689208984,10,1,1.0
t0375_j0625,37.5% throughput + 62.5% Jain fairness,deterministic,1701,272,452,413,0.0904,0.0826,811689.9598083496,1,11,2.0
t0375_j0625,37.5% throughput + 62.5% Jain fairness,deterministic,1701,273,223,198,0.0446,0.0396,226217.24096679688,3,8,1.0
t0375_j0625,37.5% throughput + 62.5% Jain fairness,deterministic,1701,274,254,233,0.0508,0.0466,534486.4387207031,4,12,1.0
t0375_j0625,37.5% throughput + 62.5% Jain fairness,deterministic,1701,275,887,793,0.1774,0.1586,2411500.991027832,1,14,2.0
t0375_j0625,37.5% throughput + 62.5% Jain fairness,deterministic,1701,276,170,157,0.034,0.0314,176991.484375,28,8,0.5
t0375_j0625,37.5% throughput + 62.5% Jain fairness,deterministic,1701,277,206,184,0.0412,0.0368,363844.4645385742,23,11,0.5
t0375_j0625,37.5% throughput + 62.5% Jain fairness,deterministic,1701,278,160,147,0.032,0.0294,102607.26489257812,20,6,0.5
t0375_j0625,37.5% throughput + 62.5% Jain fairness,deterministic,1701,279,255,232,0.051,0.0464,534486.4387207031,9,12,1.0
t0375_j0625,37.5% throughput + 62.5% Jain fairness,deterministic,1701,280,155,143,0.031,0.0286,74124.7424697876,6,5,0.5
t0375_j0625,37.5% throughput + 62.5% Jain fairness,deterministic,1701,281,882,789,0.1764,0.1578,2395981.0643310547,3,14,2.0
t0375_j0625,37.5% throughput + 62.5% Jain fairness,deterministic,1701,282,166,147,0.0332,0.0294,102607.26489257812,2,6,0.5
t0375_j0625,37.5% throughput + 62.5% Jain fairness,deterministic,1701,283,155,135,0.031,0.027,31319.654083251957,0,3,0.5
t0375_j0625,37.5% throughput + 62.5% Jain fairness,deterministic,1701,284,212,189,0.0424,0.0378,167684.58947753906,24,7,1.0
t0375_j0625,37.5% throughput + 62.5% Jain fairness,deterministic,1701,285,146,130,0.0292,0.026,18761.825912475582,33,2,0.5
t0375_j0625,37.5% throughput + 62.5% Jain fairness,deterministic,1701,286,455,413,0.091,0.0826,812169.9656982422,5,11,2.0
t0375_j0625,37.5% throughput + 62.5% Jain fairness,deterministic,1701,287,258,226,0.0516,0.0452,690267.2159423828,9,14,0.5
t0375_j0625,37.5% throughput + 62.5% Jain fairness,deterministic,1701,288,451,413,0.0902,0.0826,811689.9598083496,6,11,2.0
t0375_j0625,37.5% throughput + 62.5% Jain fairness,deterministic,1701,289,247,222,0.0494,0.0444,437285.3656921387,8,11,1.0
t0375_j0625,37.5% throughput + 62.5% Jain fairness,deterministic,1701,290,154,139,0.0308,0.0278,50152.36351013184,23,4,0.5
t0375_j0625,37.5% throughput + 62.5% Jain fairness,deterministic,1701,291,172,158,0.0344,0.0316,178097.68115234375,4,8,0.5
t0375_j0625,37.5% throughput + 62.5% Jain fairness,deterministic,1701,292,194,175,0.0388,0.035,100353.4974975586,16,5,1.0
t0375_j0625,37.5% throughput + 62.5% Jain fairness,deterministic,1701,293,225,206,0.045,0.0412,293079.2868347168,14,9,1.0
t0375_j0625,37.5% throughput + 62.5% Jain fairness,deterministic,1701,294,334,298,0.0668,0.0596,251591.65447998047,11,6,2.0
t0375_j0625,37.5% throughput + 62.5% Jain fairness,deterministic,1701,295,168,158,0.0336,0.0316,177544.58276367188,5,8,0.5
t0375_j0625,37.5% throughput + 62.5% Jain fairness,deterministic,1701,296,254,227,0.0508,0.0454,688789.1276855469,0,14,0.5
t0375_j0625,37.5% throughput + 62.5% Jain fairness,deterministic,1701,297,153,134,0.0306,0.0268,31210.71615600586,27,3,0.5
t0375_j0625,37.5% throughput + 62.5% Jain fairness,deterministic,1701,298,230,206,0.046,0.0412,294469.9358825684,0,9,1.0
t0375_j0625,37.5% throughput + 62.5% Jain fairness,deterministic,1701,299,241,217,0.0482,0.0434,582304.8273925781,2,13,0.5
t0375_j0625,37.5% throughput + 62.5% Jain fairness,deterministic,1701,300,213,190,0.0426,0.038,170457.99871826172,6,7,1.0
t0375_j0625,37.5% throughput + 62.5% Jain fairness,deterministic,1701,301,161,142,0.0322,0.0284,74504.86935424805,25,5,0.5
t0375_j0625,37.5% throughput + 62.5% Jain fairness,deterministic,1701,302,186,170,0.0372,0.034,68839.98596191406,7,4,1.0
t0375_j0625,37.5% throughput + 62.5% Jain fairness,deterministic,1701,303,184,162,0.0368,0.0324,232238.3909912109,29,9,0.5
t0375_j0625,37.5% throughput + 62.5% Jain fairness,deterministic,1701,304,172,158,0.0344,0.0316,26178.504386901852,12,2,1.0
t0375_j0625,37.5% throughput + 62.5% Jain fairness,deterministic,1701,305,777,704,0.1554,0.1408,1885465.1257324216,5,13,2.0
t0375_j0625,37.5% throughput + 62.5% Jain fairness,deterministic,1701,306,178,158,0.0356,0.0316,26110.772163391117,14,2,1.0
t0375_j0625,37.5% throughput + 62.5% Jain fairness,deterministic,1701,307,188,170,0.0376,0.034,68492.30926513672,16,4,1.0
t0375_j0625,37.5% throughput + 62.5% Jain fairness,deterministic,1701,308,224,206,0.0448,0.0412,292731.6245727539,8,9,1.0
t0375_j0625,37.5% throughput + 62.5% Jain fairness,deterministic,1701,309,273,233,0.0546,0.0466,542943.5026245117,2,12,1.0
t0375_j0625,37.5% throughput + 62.5% Jain fairness,deterministic,1701,310,289,249,0.0578,0.0498,42129.44302368164,2,2,2.0
t0375_j0625,37.5% throughput + 62.5% Jain fairness,deterministic,1701,311,282,256,0.0564,0.0512,686871.3508300781,2,13,1.0
t0375_j0625,37.5% throughput + 62.5% Jain fairness,deterministic,1701,312,347,315,0.0694,0.063,330035.6996459961,0,7,2.0
t0375_j0625,37.5% throughput + 62.5% Jain fairness,deterministic,1701,313,176,157,0.0352,0.0314,178097.68115234375,25,8,0.5
t0375_j0625,37.5% throughput + 62.5% Jain fairness,deterministic,1701,314,180,162,0.036,0.0324,231195.40420532227,12,9,0.5
t0375_j0625,37.5% throughput + 62.5% Jain fairness,deterministic,1701,315,238,214,0.0476,0.0428,347162.33642578125,14,10,1.0
t0375_j0625,37.5% throughput + 62.5% Jain fairness,deterministic,1701,316,344,316,0.0688,0.0632,329609.02130126953,4,7,2.0
t0375_j0625,37.5% throughput + 62.5% Jain fairness,deterministic,1701,317,242,222,0.0484,0.0444,433925.3244628906,13,11,1.0
t0375_j0625,37.5% throughput + 62.5% Jain fairness,deterministic,1701,318,151,143,0.0302,0.0286,73617.90662384033,28,5,0.5
t0375_j0625,37.5% throughput + 62.5% Jain fairness,deterministic,1701,319,460,412,0.092,0.0824,814569.9951477051,5,11,2.0
t0375_j0625,37.5% throughput + 62.5% Jain fairness,deterministic,1701,320,250,232,0.05,0.0464,532231.2216796875,6,12,1.0
t0375_j0625,37.5% throughput + 62.5% Jain fairness,deterministic,1701,321,354,315,0.0708,0.063,328755.6646118164,5,7,2.0
t0375_j0625,37.5% throughput + 62.5% Jain fairness,deterministic,1701,322,198,181,0.0396,0.0362,134204.8663330078,24,6,1.0
t0375_j0625,37.5% throughput + 62.5% Jain fairness,deterministic,1701,323,291,262,0.0582,0.0524,71190.93545532227,1,3,2.0
t0375_j0625,37.5% throughput + 62.5% Jain fairness,deterministic,1701,324,300,275,0.06,0.055,119166.18782043456,12,4,2.0
t0375_j0625,37.5% throughput + 62.5% Jain fairness,deterministic,1701,325,193,176,0.0386,0.0352,101493.87815093994,3,5,1.0
t0375_j0625,37.5% throughput + 62.5% Jain fairness,deterministic,1701,326,181,163,0.0362,0.0326,232586.05325317383,1,9,0.5
t0375_j0625,37.5% throughput + 62.5% Jain fairness,deterministic,1701,327,231,217,0.0462,0.0434,577076.5012207031,17,13,0.5
t0375_j0625,37.5% throughput + 62.5% Jain fairness,deterministic,1701,328,206,184,0.0412,0.0368,363844.4645385742,21,11,0.5
t0375_j0625,37.5% throughput + 62.5% Jain fairness,deterministic,1701,329,189,169,0.0378,0.0338,274179.3452453613,25,10,0.5
t0375_j0625,37.5% throughput + 62.5% Jain fairness,deterministic,1701,330,188,162,0.0376,0.0324,233281.3777770996,12,9,0.5
t0375_j0625,37.5% throughput + 62.5% Jain fairness,deterministic,1701,331,388,358,0.0776,0.0716,538876.5060424805,2,9,2.0
t0375_j0625,37.5% throughput + 62.5% Jain fairness,deterministic,1701,332,246,217,0.0492,0.0434,585572.53125,11,13,0.5
t0375_j0625,37.5% throughput + 62.5% Jain fairness,deterministic,1701,333,176,151,0.0352,0.0302,15997.12826538086,21,1,1.0
t0375_j0625,37.5% throughput + 62.5% Jain fairness,deterministic,1701,334,188,169,0.0376,0.0338,273784.84259033203,17,10,0.5
t0375_j0625,37.5% throughput + 62.5% Jain fairness,deterministic,1701,335,223,197,0.0446,0.0394,224557.94580078125,18,8,1.0
t0375_j0625,37.5% throughput + 62.5% Jain fairness,deterministic,1701,336,254,226,0.0508,0.0452,686571.995300293,15,14,0.5
t0375_j0625,37.5% throughput + 62.5% Jain fairness,deterministic,1701,337,218,203,0.0436,0.0406,465702.31896972656,3,12,0.5
t0375_j0625,37.5% throughput + 62.5% Jain fairness,deterministic,1701,338,217,202,0.0434,0.0404,462883.297668457,19,12,0.5
t0375_j0625,37.5% throughput + 62.5% Jain fairness,deterministic,1701,339,1085,974,0.217,0.1948,3211777.205200196,3,15,2.0
t0375_j0625,37.5% throughput + 62.5% Jain fairness,deterministic,1701,340,366,335,0.0732,0.067,431969.8415527344,3,8,2.0
t0375_j0625,37.5% throughput + 62.5% Jain fairness,deterministic,1701,341,211,190,0.0422,0.038,168324.6069946289,6,7,1.0
t0375_j0625,37.5% throughput + 62.5% Jain fairness,deterministic,1701,342,352,315,0.0704,0.063,1038490.6805419922,12,15,1.0
t0375_j0625,37.5% throughput + 62.5% Jain fairness,deterministic,1701,343,275,249,0.055,0.0498,42129.44302368164,16,2,2.0
t0375_j0625,37.5% throughput + 62.5% Jain fairness,deterministic,1701,344,210,198,0.042,0.0396,222898.6506347656,12,8,1.0
t0375_j0625,37.5% throughput + 62.5% Jain fairness,deterministic,1701,345,392,357,0.0784,0.0714,542005.4664001465,3,9,2.0
t0375_j0625,37.5% throughput + 62.5% Jain fairness,deterministic,1701,346,182,162,0.0364,0.0324,231890.72872924805,25,9,0.5
t0375_j0625,37.5% throughput + 62.5% Jain fairness,deterministic,1701,347,258,233,0.0516,0.0466,539560.6770629883,19,12,1.0
t0375_j0625,37.5% throughput + 62.5% Jain fairness,deterministic,1701,348,770,697,0.154,0.1394,1864551.8210449216,2,13,2.0
t0375_j0625,37.5% throughput + 62.5% Jain fairness,deterministic,1701,349,187,170,0.0374,0.034,69274.58183288574,24,4,1.0
t0375_j0625,37.5% throughput + 62.5% Jain fairness,deterministic,1701,350,312,287,0.0624,0.0574,181447.2328491211,10,5,2.0
t0375_j0625,37.5% throughput + 62.5% Jain fairness,deterministic,1701,351,229,205,0.0458,0.041,292383.962310791,22,9,1.0
t0375_j0625,37.5% throughput + 62.5% Jain fairness,deterministic,1701,352,272,237,0.0544,0.0474,26075.099029541016,13,1,2.0
t0375_j0625,37.5% throughput + 62.5% Jain fairness,deterministic,1701,353,236,217,0.0472,0.0434,579690.6643066406,14,13,0.5
t0375_j0625,37.5% throughput + 62.5% Jain fairness,deterministic,1701,354,187,164,0.0374,0.0328,43357.29504394531,22,3,1.0
t0375_j0625,37.5% throughput + 62.5% Jain fairness,deterministic,1701,355,324,286,0.0648,0.0572,180813.688041687,4,5,2.0
t0375_j0625,37.5% throughput + 62.5% Jain fairness,deterministic,1701,356,194,175,0.0388,0.035,101240.46022796632,13,5,1.0
t0375_j0625,37.5% throughput + 62.5% Jain fairness,deterministic,1701,357,463,411,0.0926,0.0822,813129.9774780273,9,11,2.0
t0375_j0625,37.5% throughput + 62.5% Jain fairness,deterministic,1701,358,165,147,0.033,0.0294,102607.26489257812,4,6,0.5
t0375_j0625,37.5% throughput + 62.5% Jain fairness,deterministic,1701,359,424,382,0.0848,0.0764,622525.1896362305,12,10,2.0
t0375_j0625,37.5% throughput + 62.5% Jain fairness,deterministic,1701,360,170,143,0.034,0.0286,75265.12312316895,0,5,0.5
t0375_j0625,37.5% throughput + 62.5% Jain fairness,deterministic,1701,361,214,189,0.0428,0.0378,168537.9461669922,22,7,1.0
t0375_j0625,37.5% throughput + 62.5% Jain fairness,deterministic,1701,362,180,169,0.036,0.0338,271023.3240051269,20,10,0.5
t0375_j0625,37.5% throughput + 62.5% Jain fairness,deterministic,1701,363,373,334,0.0746,0.0668,430863.6447753906,6,8,2.0
t0375_j0625,37.5% throughput + 62.5% Jain fairness,deterministic,1701,364,222,197,0.0444,0.0394,225111.04418945312,20,8,1.0
t0375_j0625,37.5% throughput + 62.5% Jain fairness,deterministic,1701,365,257,221,0.0514,0.0442,439205.389251709,22,11,1.0
t0375_j0625,37.5% throughput + 62.5% Jain fairness,deterministic,1701,366,253,232,0.0506,0.0464,532231.2216796875,14,12,1.0
t0375_j0625,37.5% throughput + 62.5% Jain fairness,deterministic,1701,367,199,182,0.0398,0.0364,132675.95013427734,22,6,1.0
t0375_j0625,37.5% throughput + 62.5% Jain fairness,deterministic,1701,368,341,298,0.0682,0.0596,251421.77490234372,9,6,2.0
t0375_j0625,37.5% throughput + 62.5% Jain fairness,deterministic,1701,369,249,214,0.0498,0.0428,350712.8603210449,10,10,1.0
t0375_j0625,37.5% throughput + 62.5% Jain fairness,deterministic,1701,370,323,292,0.0646,0.0584,883157.7334594727,7,14,1.0
t0375_j0625,37.5% throughput + 62.5% Jain fairness,deterministic,1701,371,225,206,0.045,0.0412,293426.9490966797,3,9,1.0
t0375_j0625,37.5% throughput + 62.5% Jain fairness,deterministic,1701,372,352,316,0.0704,0.0632,1043305.9387207032,0,15,1.0
t0375_j0625,37.5% throughput + 62.5% Jain fairness,deterministic,1701,373,139,126,0.0278,0.0252,11772.30209350586,30,1,0.5
t0375_j0625,37.5% throughput + 62.5% Jain fairness,deterministic,1701,374,783,698,0.1566,0.1396,1873701.3918457031,6,13,2.0
t0375_j0625,37.5% throughput + 62.5% Jain fairness,deterministic,1701,375,174,152,0.0348,0.0304,134190.3394165039,10,7,0.5
t0375_j0625,37.5% throughput + 62.5% Jain fairness,deterministic,1701,376,351,315,0.0702,0.063,1040898.3096313477,9,15,1.0
t0375_j0625,37.5% throughput + 62.5% Jain fairness,deterministic,1701,377,230,205,0.046,0.041,293774.6113586426,16,9,1.0
t0375_j0625,37.5% throughput + 62.5% Jain fairness,deterministic,1701,378,136,127,0.0272,0.0254,11618.27197265625,9,1,0.5
t0375_j0625,37.5% throughput + 62.5% Jain fairness,deterministic,1701,379,250,222,0.05,0.0444,437765.3715820313,12,11,1.0
t0375_j0625,37.5% throughput + 62.5% Jain fairness,deterministic,1701,380,307,261,0.0614,0.0522,71081.99752807617,0,3,2.0
t0375_j0625,37.5% throughput + 62.5% Jain fairness,deterministic,1701,381,190,176,0.038,0.0352,101367.16918945312,0,5,1.0
t0375_j0625,37.5% throughput + 62.5% Jain fairness,deterministic,1701,382,147,135,0.0294,0.027,31156.24719238281,17,3,0.5
t0375_j0625,37.5% throughput + 62.5% Jain fairness,deterministic,1701,383,221,206,0.0442,0.0412,292036.3000488281,4,9,1.0
t0375_j0625,37.5% throughput + 62.5% Jain fairness,deterministic,1701,384,230,204,0.046,0.0408,474723.18713378906,2,12,0.5
t0375_j0625,37.5% throughput + 62.5% Jain fairness,deterministic,1701,385,360,314,0.072,0.0628,328115.64709472656,12,7,2.0
t0375_j0625,37.5% throughput + 62.5% Jain fairness,deterministic,1701,386,277,256,0.0554,0.0512,681643.0246582031,11,13,1.0
t0375_j0625,37.5% throughput + 62.5% Jain fairness,deterministic,1701,387,241,223,0.0482,0.0446,435365.3421325684,0,11,1.0
t0375_j0625,37.5% throughput + 62.5% Jain fairness,deterministic,1701,388,245,215,0.049,0.043,349923.8550109863,3,10,1.0
t0375_j0625,37.5% throughput + 62.5% Jain fairness,deterministic,1701,389,243,214,0.0486,0.0428,348345.84439086914,22,10,1.0
t0375_j0625,37.5% throughput + 62.5% Jain fairness,deterministic,1701,390,429,382,0.0858,0.0764,625286.7082214355,12,10,2.0
t0375_j0625,37.5% throughput + 62.5% Jain fairness,deterministic,1701,391,280,256,0.056,0.0512,683603.6469726562,16,13,1.0
t0375_j0625,37.5% throughput + 62.5% Jain fairness,deterministic,1701,392,196,169,0.0392,0.0338,274968.3505554199,14,10,0.5
t0375_j0625,37.5% throughput + 62.5% Jain fairness,deterministic,1701,393,208,182,0.0416,0.0364,133865.10717773438,11,6,1.0
t0375_j0625,37.5% throughput + 62.5% Jain fairness,deterministic,1701,394,218,198,0.0436,0.0396,224004.84741210935,19,8,1.0
t0375_j0625,37.5% throughput + 62.5% Jain fairness,deterministic,1701,395,408,356,0.0816,0.0712,543743.7777099609,0,9,2.0
t0375_j0625,37.5% throughput + 62.5% Jain fairness,deterministic,1701,396,144,126,0.0288,0.0252,11706.289184570312,20,1,0.5
t0375_j0625,37.5% throughput + 62.5% Jain fairness,deterministic,1701,397,350,316,0.07,0.0632,1040095.7666015624,6,15,1.0
t0375_j0625,37.5% throughput + 62.5% Jain fairness,deterministic,1701,398,279,256,0.0558,0.0512,684257.1877441406,10,13,1.0
t0375_j0625,37.5% throughput + 62.5% Jain fairness,deterministic,1701,399,198,182,0.0396,0.0364,133695.22760009766,17,6,1.0
t0375_j0625,37.5% throughput + 62.5% Jain fairness,deterministic,1701,400,237,214,0.0474,0.0428,346767.83377075195,19,10,1.0
t0375_j0625,37.5% throughput + 62.5% Jain fairness,deterministic,1701,401,199,184,0.0398,0.0368,359044.40563964844,4,11,0.5
t0375_j0625,37.5% throughput + 62.5% Jain fairness,deterministic,1701,402,4923,4431,0.9846,0.8862,14577391.593017578,0,15,2.0
t0375_j0625,37.5% throughput + 62.5% Jain fairness,deterministic,1701,403,238,215,0.0476,0.043,347951.34173583984,12,10,1.0
t0375_j0625,37.5% throughput + 62.5% Jain fairness,deterministic,1701,404,154,139,0.0308,0.0278,50239.28268432617,11,4,0.5
t0375_j0625,37.5% throughput + 62.5% Jain fairness,deterministic,1701,405,200,184,0.04,0.0368,360964.4291992188,15,11,0.5
t0375_j0625,37.5% throughput + 62.5% Jain fairness,deterministic,1701,406,167,147,0.0334,0.0294,102947.02404785156,12,6,0.5
t0375_j0625,37.5% throughput + 62.5% Jain fairness,deterministic,1701,407,347,315,0.0694,0.063,328969.0037841797,10,7,2.0
t0375_j0625,37.5% throughput + 62.5% Jain fairness,deterministic,1701,408,204,182,0.0408,0.0364,132845.82971191406,9,6,1.0
t0375_j0625,37.5% throughput + 62.5% Jain fairness,deterministic,1701,409,187,168,0.0374,0.0336,271417.82666015625,27,10,0.5
t0375_j0625,37.5% throughput + 62.5% Jain fairness,deterministic,1701,410,242,222,0.0484,0.0444,436325.3539123535,19,11,1.0
t0375_j0625,37.5% throughput + 62.5% Jain fairness,deterministic,1701,411,239,217,0.0478,0.0434,582304.8273925781,19,13,0.5
t0375_j0625,37.5% throughput + 62.5% Jain fairness,deterministic,1701,412,209,184,0.0418,0.0368,364804.4763183594,12,11,0.5
t0375_j0625,37.5% throughput + 62.5% Jain fairness,deterministic,1701,413,196,175,0.0392,0.035,100100.07957458496,21,5,1.0
t0375_j0625,37.5% throughput + 62.5% Jain fairness,deterministic,1701,414,371,335,0.0742,0.067,433076.0383300781,6,8,2.0
t0375_j0625,37.5% throughput + 62.5% Jain fairness,deterministic,1701,415,357,316,0.0714,0.0632,1042503.395690918,1,15,1.0
t0375_j0625,37.5% throughput + 62.5% Jain fairness,deterministic,1701,416,204,190,0.0408,0.038,167684.58947753906,9,7,1.0
t0375_j0625,37.5% throughput + 62.5% Jain fairness,deterministic,1701,417,254,226,0.0508,0.0452,686571.995300293,3,14,0.5
t0375_j0625,37.5% throughput + 62.5% Jain fairness,deterministic,1701,418,322,292,0.0644,0.0584,885374.8658447266,12,14,1.0
t0375_j0625,37.5% throughput + 62.5% Jain fairness,deterministic,1701,419,262,236,0.0524,0.0472,774454.0237426758,9,15,0.5
t0375_j0625,37.5% throughput + 62.5% Jain fairness,deterministic,1701,420,174,163,0.0348,0.0326,230152.4174194336,5,9,0.5
t0375_j0625,37.5% throughput + 62.5% Jain fairness,deterministic,1701,421,172,158,0.0344,0.0316,178650.77954101562,6,8,0.5
t0375_j0625,37.5% throughput + 62.5% Jain fairness,deterministic,1701,422,178,163,0.0356,0.0326,231195.40420532227,11,9,0.5
t0375_j0625,37.5% throughput + 62.5% Jain fairness,deterministic,1701,423,246,222,0.0492,0.0444,437765.3715820313,8,11,1.0
t0375_j0625,37.5% throughput + 62.5% Jain fairness,deterministic,1701,424,170,151,0.034,0.0302,16151.158386230469,23,1,1.0
t0375_j0625,37.5% throughput + 62.5% Jain fairness,deterministic,1701,425,186,169,0.0372,0.0338,273390.33993530273,26,10,0.5
t0375_j0625,37.5% throughput + 62.5% Jain fairness,deterministic,1701,426,222,198,0.0444,0.0396,226217.24096679688,9,8,1.0
t0375_j0625,37.5% throughput + 62.5% Jain fairness,deterministic,1701,427,145,131,0.029,0.0262,18897.29035949707,6,2,0.5
t0375_j0625,37.5% throughput + 62.5% Jain fairness,deterministic,1701,428,170,158,0.034,0.0316,177821.1319580078,5,8,0.5
t0375_j0625,37.5% throughput + 62.5% Jain fairness,deterministic,1701,429,163,147,0.0326,0.0294,102267.50573730467,29,6,0.5
t0375_j0625,37.5% throughput + 62.5% Jain fairness,deterministic,1701,430,223,197,0.0446,0.0394,224004.84741210935,17,8,1.0
t0375_j0625,37.5% throughput + 62.5% Jain fairness,deterministic,1701,431,210,184,0.042,0.0368,362884.45275878906,5,11,0.5
t0375_j0625,37.5% throughput + 62.5% Jain fairness,deterministic,1701,432,188,168,0.0376,0.0336,272601.33462524414,24,10,0.5
t0375_j0625,37.5% throughput + 62.5% Jain fairness,deterministic,1701,433,151,143,0.0302,0.0286,73871.32454681396,9,5,0.5
t0375_j0625,37.5% throughput + 62.5% Jain fairness,deterministic,1701,434,176,163,0.0352,0.0326,231195.40420532227,5,9,0.5
t0375_j0625,37.5% throughput + 62.5% Jain fairness,deterministic,1701,435,191,175,0.0382,0.035,99339.82580566406,21,5,1.0
t0375_j0625,37.5% throughput + 62.5% Jain fairness,deterministic,1701,436,451,413,0.0902,0.0826,810249.9421386719,2,11,2.0
t0375_j0625,37.5% throughput + 62.5% Jain fairness,deterministic,1701,437,300,275,0.06,0.055,119253.1069946289,8,4,2.0
t0375_j0625,37.5% throughput + 62.5% Jain fairness,deterministic,1701,438,140,126,0.028,0.0252,11596.267669677734,36,1,0.5
t0375_j0625,37.5% throughput + 62.5% Jain fairness,deterministic,1701,439,181,169,0.0362,0.0338,270628.82135009766,20,10,0.5
t0375_j0625,37.5% throughput + 62.5% Jain fairness,deterministic,1701,440,170,152,0.034,0.0304,133336.98272705078,17,7,0.5
t0375_j0625,37.5% throughput + 62.5% Jain fairness,deterministic,1701,441,163,152,0.0326,0.0304,132270.28686523438,27,7,0.5
t0375_j0625,37.5% throughput + 62.5% Jain fairness,deterministic,1701,442,175,157,0.035,0.0314,178097.68115234375,22,8,0.5
t0375_j0625,37.5% throughput + 62.5% Jain fairness,deterministic,1701,443,279,249,0.0558,0.0498,42061.7108001709,6,2,2.0
t0375_j0625,37.5% throughput + 62.5% Jain fairness,deterministic,1701,444,227,197,0.0454,0.0394,225387.59338378903,19,8,1.0
t0375_j0625,37.5% throughput + 62.5% Jain fairness,deterministic,1701,445,177,158,0.0354,0.0316,26246.2366104126,2,2,1.0
t0375_j0625,37.5% throughput + 62.5% Jain fairness,deterministic,1701,446,186,162,0.0372,0.0324,233281.3777770996,18,9,0.5
t0375_j0625,37.5% throughput + 62.5% Jain fairness,deterministic,1701,447,143,126,0.0286,0.0252,11750.297790527344,9,1,0.5
t0375_j0625,37.5% throughput + 62.5% Jain fairness,deterministic,1701,448,251,221,0.0502,0.0442,437285.3656921387,16,11,1.0
t0375_j0625,37.5% throughput + 62.5% Jain fairness,deterministic,1701,449,140,131,0.028,0.0262,18694.093688964844,17,2,0.5
t0375_j0625,37.5% throughput + 62.5% Jain fairness,deterministic,1701,450,236,218,0.0472,0.0436,581651.2866210938,0,13,0.5
t0375_j0625,37.5% throughput + 62.5% Jain fairness,deterministic,1701,451,249,221,0.0498,0.0442,436805.3598022461,15,11,1.0
t0375_j0625,37.5% throughput + 62.5% Jain fairness,deterministic,1701,452,163,148,0.0326,0.0296,102437.3853149414,0,6,0.5
t0375_j0625,37.5% throughput + 62.5% Jain fairness,deterministic,1701,453,184,169,0.0368,0.0338,271812.32931518555,19,10,0.5
t0375_j0625,37.5% throughput + 62.5% Jain fairness,deterministic,1701,454,279,248,0.0558,0.0496,41993.97857666016,19,2,2.0
t0375_j0625,37.5% throughput + 62.5% Jain fairness,deterministic,1701,455,146,135,0.0292,0.027,30720.49548339844,20,3,0.5
t0375_j0625,37.5% throughput + 62.5% Jain fairness,deterministic,1701,456,240,217,0.048,0.0434,580997.7458496094,9,13,0.5
t0375_j0625,37.5% throughput + 62.5% Jain fairness,deterministic,1701,457,349,315,0.0698,0.063,1036083.0514526368,13,15,1.0
t0375_j0625,37.5% throughput + 62.5% Jain fairness,deterministic,1701,458,266,236,0.0532,0.0472,780071.8249511719,7,15,0.5
t0375_j0625,37.5% throughput + 62.5% Jain fairness,deterministic,1701,459,140,127,0.028,0.0254,11728.293487548828,9,1,0.5
t0375_j0625,37.5% throughput + 62.5% Jain fairness,deterministic,1701,460,236,217,0.0472,0.0434,579690.6643066406,18,13,0.5
t0375_j0625,37.5% throughput + 62.5% Jain fairness,deterministic,1701,461,184,162,0.0368,0.0324,232238.3909912109,8,9,0.5
t0375_j0625,37.5% throughput + 62.5% Jain fairness,deterministic,1701,462,196,175,0.0392,0.035,100100.07957458496,25,5,1.0
t0375_j0625,37.5% throughput + 62.5% Jain fairness,deterministic,1701,463,355,314,0.071,0.0628,327475.6295776367,12,7,2.0
t0375_j0625,37.5% throughput + 62.5% Jain fairness,deterministic,1701,464,1064,960,0.2128,0.192,3155599.1931152344,4,15,2.0
t0375_j0625,37.5% throughput + 62.5% Jain fairness,deterministic,1701,465,190,170,0.038,0.034,69361.50100708008,6,4,1.0
t0375_j0625,37.5% throughput + 62.5% Jain fairness,deterministic,1701,466,172,153,0.0344,0.0306,133977.00024414062,1,7,0.5
t0375_j0625,37.5% throughput + 62.5% Jain fairness,deterministic,1701,467,243,222,0.0486,0.0444,435365.3421325684,15,11,1.0
t0375_j0625,37.5% throughput + 62.5% Jain fairness,deterministic,1701,468,455,412,0.091,0.0824,808329.9185791016,11,11,2.0
t0375_j0625,37.5% throughput + 62.5% Jain fairness,deterministic,1701,469,181,157,0.0362,0.0314,178927.32873535156,25,8,0.5
t0375_j0625,37.5% throughput + 62.5% Jain fairness,deterministic,1701,470,173,158,0.0346,0.0316,25805.977157592773,15,2,1.0
t0375_j0625,37.5% throughput + 62.5% Jain fairness,deterministic,1701,471,176,165,0.0352,0.033,43193.88815307617,23,3,1.0
t0375_j0625,37.5% throughput + 62.5% Jain fairness,deterministic,1701,472,185,168,0.037,0.0336,271023.3240051269,24,10,0.5
t0375_j0625,37.5% throughput + 62.5% Jain fairness,deterministic,1701,473,881,791,0.1762,0.1582,2398937.2408447266,3,14,2.0
t0375_j0625,37.5% throughput + 62.5% Jain fairness,deterministic,1701,474,353,315,0.0706,0.063,1039293.2235717772,13,15,1.0
t0375_j0625,37.5% throughput + 62.5% Jain fairness,deterministic,1701,475,144,130,0.0288,0.026,18727.95980072021,34,2,0.5
t0375_j0625,37.5% throughput + 62.5% Jain fairness,deterministic,1701,476,155,139,0.031,0.0278,50152.36351013184,28,4,0.5
t0375_j0625,37.5% throughput + 62.5% Jain fairness,deterministic,1701,477,185,169,0.037,0.0338,272206.83197021484,4,10,0.5
t0375_j0625,37.5% throughput + 62.5% Jain fairness,deterministic,1701,478,221,206,0.0442,0.0412,292036.3000488281,18,9,1.0
t0375_j0625,37.5% throughput + 62.5% Jain fairness,deterministic,1701,479,188,164,0.0376,0.0328,43357.29504394531,23,3,1.0
t0375_j0625,37.5% throughput + 62.5% Jain fairness,deterministic,1701,480,180,157,0.036,0.0314,179480.42712402344,16,8,0.5
t0375_j0625,37.5% throughput + 62.5% Jain fairness,deterministic,1701,481,146,126,0.0292,0.0252,11816.31069946289,14,1,0.5
t0375_j0625,37.5% throughput + 62.5% Jain fairness,deterministic,1701,482,201,184,0.0402,0.0368,360484.4233093262,16,11,0.5
t0375_j0625,37.5% throughput + 62.5% Jain fairness,deterministic,1701,483,291,256,0.0582,0.0512,691446.1362304688,15,13,1.0
t0375_j0625,37.5% throughput + 62.5% Jain fairness,deterministic,1701,484,256,233,0.0512,0.0466,538433.0685424805,8,12,1.0
t0375_j0625,37.5% throughput + 62.5% Jain fairness,deterministic,1701,485,338,297,0.0676,0.0594,250572.37701416016,15,6,2.0
t0375_j0625,37.5% throughput + 62.5% Jain fairness,deterministic,1701,486,170,152,0.034,0.0304,132910.30438232422,23,7,0.5
t0375_j0625,37.5% throughput + 62.5% Jain fairness,deterministic,1701,487,195,170,0.039,0.034,68926.9051361084,11,4,1.0
t0375_j0625,37.5% throughput + 62.5% Jain fairness,deterministic,1701,488,328,291,0.0656,0.0582,881679.6452026367,8,14,1.0
t0375_j0625,37.5% throughput + 62.5% Jain fairness,deterministic,1701,489,155,135,0.031,0.027,31210.71615600586,10,3,0.5
t0375_j0625,37.5% throughput + 62.5% Jain fairness,deterministic,1701,490,181,162,0.0362,0.0324,231543.0664672852,14,9,0.5
t0375_j0625,37.5% throughput + 62.5% Jain fairness,deterministic,1701,491,242,222,0.0484,0.0444,435365.3421325684,16,11,1.0
t0375_j0625,37.5% throughput + 62.5% Jain fairness,deterministic,1701,492,139,131,0.0278,0.0262,18897.29035949707,15,2,0.5
t0375_j0625,37.5% throughput + 62.5% Jain fairness,deterministic,1701,493,205,182,0.041,0.0364,133865.10717773438,13,6,1.0
t0375_j0625,37.5% throughput + 62.5% Jain fairness,deterministic,1701,494,377,333,0.0754,0.0666,432246.3907470703,3,8,2.0
t0375_j0625,37.5% throughput + 62.5% Jain fairness,deterministic,1701,495,503,462,0.1006,0.0924,1063898.639099121,2,12,2.0
t0375_j0625,37.5% throughput + 62.5% Jain fairness,deterministic,1701,496,198,175,0.0396,0.035,100353.4974975586,16,5,1.0
t0375_j0625,37.5% throughput + 62.5% Jain fairness,deterministic,1701,497,274,249,0.0548,0.0498,42129.44302368164,15,2,2.0
t0375_j0625,37.5% throughput + 62.5% Jain fairness,deterministic,1701,498,172,158,0.0344,0.0316,178374.2303466797,10,8,0.5
t0375_j0625,37.5% throughput + 62.5% Jain fairness,deterministic,1701,499,277,249,0.0554,0.0498,42095.57691192627,19,2,2.0
t0375_j0625,37.5% throughput + 62.5% Jain fairness,deterministic,1701,500,276,249,0.0552,0.0498,42061.7108001709,10,2,2.0
t0375_j0625,37.5% throughput + 62.5% Jain fairness,deterministic,1701,501,258,236,0.0516,0.0472,773651.4807128906,20,15,0.5
t0375_j0625,37.5% throughput + 62.5% Jain fairness,deterministic,1701,502,248,227,0.0496,0.0454,684354.8629150391,0,14,0.5
t0375_j0625,37.5% throughput + 62.5% Jain fairness,deterministic,1701,503,168,147,0.0336,0.0294,102777.14447021484,1,6,0.5
t0375_j0625,37.5% throughput + 62.5% Jain fairness,deterministic,1701,504,238,217,0.0476,0.0434,580997.7458496094,13,13,0.5
t0375_j0625,37.5% throughput + 62.5% Jain fairness,deterministic,1701,505,323,291,0.0646,0.0582,883157.7334594727,12,14,1.0
t0375_j0625,37.5% throughput + 62.5% Jain fairness,deterministic,1701,506,173,158,0.0346,0.0316,25907.575492858887,28,2,1.0
t0375_j0625,37.5% throughput + 62.5% Jain fairness,deterministic,1701,507,253,222,0.0506,0.0444,439205.389251709,1,11,1.0
t0375_j0625,37.5% throughput + 62.5% Jain fairness,deterministic,1701,508,180,165,0.036,0.033,43139.419189453125,11,3,1.0
t0375_j0625,37.5% throughput + 62.5% Jain fairness,deterministic,1701,509,178,157,0.0356,0.0314,179203.8779296875,17,8,0.5
t0375_j0625,37.5% throughput + 62.5% Jain fairness,deterministic,1701,510,168,147,0.0336,0.0294,103286.783203125,14,6,0.5
t0375_j0625,37.5% throughput + 62.5% Jain fairness,deterministic,1701,511,251,222,0.0502,0.0444,439685.3951416016,5,11,1.0
t0375_j0625,37.5% throughput + 62.5% Jain fairness,deterministic,1701,512,239,215,0.0478,0.043,348740.34704589844,0,10,1.0
t0375_j0625,37.5% throughput + 62.5% Jain fairness,deterministic,1701,513,147,140,0.0294,0.028,49891.60598754883,1,4,0.5
t0375_j0625,37.5% throughput + 62.5% Jain fairness,deterministic,1701,514,145,131,0.029,0.0262,18998.888694763184,14,2,0.5
t0375_j0625,37.5% throughput + 62.5% Jain fairness,deterministic,1701,515,142,131,0.0284,0.0262,18795.69202423096,11,2,0.5
t0375_j0625,37.5% throughput + 62.5% Jain fairness,deterministic,1701,516,171,152,0.0342,0.0304,16151.158386230469,2,1,1.0
t0375_j0625,37.5% throughput + 62.5% Jain fairness,deterministic,1701,517,331,298,0.0662,0.0596,251591.65447998047,12,6,2.0
t0375_j0625,37.5% throughput + 62.5% Jain fairness,deterministic,1701,518,155,139,0.031,0.0278,49804.68681335449,21,4,0.5
t0375_j0625,37.5% throughput + 62.5% Jain fairness,deterministic,1701,519,248,222,0.0496,0.0444,437285.3656921387,7,11,1.0
t0375_j0625,37.5% throughput + 62.5% Jain fairness,deterministic,1701,520,243,227,0.0486,0.0454,682876.7746582031,5,14,0.5
t0375_j0625,37.5% throughput + 62.5% Jain fairness,deterministic,1701,521,171,158,0.0342,0.0316,26009.173828125,14,2,1.0
t0375_j0625,37.5% throughput + 62.5% Jain fairness,deterministic,1701,522,181,158,0.0362,0.0316,26076.906051635742,4,2,1.0
t0375_j0625,37.5% throughput + 62.5% Jain fairness,deterministic,1701,523,518,460,0.1036,0.092,1068409.0731811523,10,12,2.0
t0375_j0625,37.5% throughput + 62.5% Jain fairness,deterministic,1701,524,328,299,0.0656,0.0598,252101.29321289065,4,6,2.0
t0375_j0625,37.5% throughput + 62.5% Jain fairness,deterministic,1701,525,880,790,0.176,0.158,2394502.9760742188,1,14,2.0
t0375_j0625,37.5% throughput + 62.5% Jain fairness,deterministic,1701,526,243,214,0.0486,0.0428,348740.34704589844,20,10,1.0
t0375_j0625,37.5% throughput + 62.5% Jain fairness,deterministic,1701,527,164,143,0.0328,0.0286,75011.70520019531,6,5,0.5
t0375_j0625,37.5% throughput + 62.5% Jain fairness,deterministic,1701,528,181,169,0.0362,0.0338,271417.82666015625,13,10,0.5
t0375_j0625,37.5% throughput + 62.5% Jain fairness,deterministic,1701,529,187,169,0.0374,0.0338,272601.33462524414,15,10,0.5
t0375_j0625,37.5% throughput + 62.5% Jain fairness,deterministic,1701,530,769,703,0.1538,0.1406,1876315.5549316409,4,13,2.0
t0375_j0625,37.5% throughput + 62.5% Jain fairness,deterministic,1701,531,340,316,0.068,0.0632,1032872.879333496,13,15,1.0
t0375_j0625,37.5% throughput + 62.5% Jain fairness,deterministic,1701,532,181,170,0.0362,0.034,69100.74348449707,11,4,1.0
t0375_j0625,37.5% throughput + 62.5% Jain fairness,deterministic,1701,533,145,130,0.029,0.026,18931.15647125244,36,2,0.5
t0375_j0625,37.5% throughput + 62.5% Jain fairness,deterministic,1701,534,517,460,0.1034,0.092,1067845.2689208984,9,12,2.0
t0375_j0625,37.5% throughput + 62.5% Jain fairness,deterministic,1701,535,150,135,0.03,0.027,31265.185119628903,0,3,0.5
t0375_j0625,37.5% throughput + 62.5% Jain fairness,deterministic,1701,536,177,162,0.0354,0.0324,230500.07968139648,27,9,0.5
t0375_j0625,37.5% throughput + 62.5% Jain fairness,deterministic,1701,537,183,170,0.0366,0.034,68666.14761352539,12,4,1.0
t0375_j0625,37.5% throughput + 62.5% Jain fairness,deterministic,1701,538,189,170,0.0378,0.034,69361.50100708008,13,4,1.0
t0375_j0625,37.5% throughput + 62.5% Jain fairness,deterministic,1701,539,185,170,0.037,0.034,68926.9051361084,20,4,1.0
t0375_j0625,37.5% throughput + 62.5% Jain fairness,deterministic,1701,540,211,184,0.0422,0.0368,364324.4704284668,12,11,0.5
t0375_j0625,37.5% throughput + 62.5% Jain fairness,deterministic,1701,541,260,236,0.052,0.0472,776059.1098022461,13,15,0.5
t0375_j0625,37.5% throughput + 62.5% Jain fairness,deterministic,1701,542,235,215,0.047,0.043,347162.33642578125,15,10,1.0
t0375_j0625,37.5% throughput + 62.5% Jain fairness,deterministic,1701,543,182,157,0.0364,0.0314,26009.173828125,18,2,1.0
t0375_j0625,37.5% throughput + 62.5% Jain fairness,deterministic,1701,544,259,234,0.0518,0.0468,540688.2855834961,8,12,1.0
t0375_j0625,37.5% throughput + 62.5% Jain fairness,deterministic,1701,545,398,357,0.0796,0.0714,542700.7909240723,0,9,2.0
t0375_j0625,37.5% throughput + 62.5% Jain fairness,deterministic,1701,546,179,169,0.0358,0.0338,270234.3186950684,12,10,0.5
t0375_j0625,37.5% throughput + 62.5% Jain fairness,deterministic,1701,547,225,206,0.045,0.0412,292731.6245727539,9,9,1.0
t0375_j0625,37.5% throughput + 62.5% Jain fairness,deterministic,1701,548,417,383,0.0834,0.0766,623708.6976013184,10,10,2.0
t0375_j0625,37.5% throughput + 62.5% Jain fairness,deterministic,1701,549,219,198,0.0438,0.0396,224557.94580078125,17,8,1.0
t0375_j0625,37.5% throughput + 62.5% Jain fairness,deterministic,1701,550,336,291,0.0672,0.0582,890548.1747436523,14,14,1.0
t0375_j0625,37.5% throughput + 62.5% Jain fairness,deterministic,1701,551,181,169,0.0362,0.0338,271417.82666015625,8,10,0.5
t0375_j0625,37.5% throughput + 62.5% Jain fairness,deterministic,1701,552,206,182,0.0412,0.0364,133185.5888671875,13,6,1.0
t0375_j0625,37.5% throughput + 62.5% Jain fairness,deterministic,1701,553,876,792,0.1752,0.1584,2398937.2408447266,5,14,2.0
t0375_j0625,37.5% throughput + 62.5% Jain fairness,deterministic,1701,554,221,197,0.0442,0.0394,224557.94580078125,21,8,1.0
t0375_j0625,37.5% throughput + 62.5% Jain fairness,deterministic,1701,555,174,158,0.0348,0.0316,26381.70105743408,3,2,1.0
t0375_j0625,37.5% throughput + 62.5% Jain fairness,deterministic,1701,556,251,221,0.0502,0.0442,437285.3656921387,17,11,1.0
t0375_j0625,37.5% throughput + 62.5% Jain fairness,deterministic,1701,557,258,233,0.0516,0.0466,537305.4600219727,8,12,1.0
t0375_j0625,37.5% throughput + 62.5% Jain fairness,deterministic,1701,558,167,158,0.0334,0.0316,176991.484375,15,8,0.5
t0375_j0625,37.5% throughput + 62.5% Jain fairness,deterministic,1701,559,177,157,0.0354,0.0314,178927.32873535156,4,8,0.5
t0375_j0625,37.5% throughput + 62.5% Jain fairness,deterministic,1701,560,149,134,0.0298,0.0268,31047.30926513672,34,3,0.5
t0375_j0625,37.5% throughput + 62.5% Jain fairness,deterministic,1701,561,187,169,0.0374,0.0338,272995.83728027344,8,10,0.5
t0375_j0625,37.5% throughput + 62.5% Jain fairness,deterministic,1701,562,188,170,0.0376,0.034,68405.39009094238,18,4,1.0
t0375_j0625,37.5% throughput + 62.5% Jain fairness,deterministic,1701,563,261,233,0.0522,0.0466,538996.8728027344,7,12,1.0
t0375_j0625,37.5% throughput + 62.5% Jain fairness,deterministic,1701,564,164,151,0.0328,0.0302,16019.132568359377,31,1,1.0
t0375_j0625,37.5% throughput + 62.5% Jain fairness,deterministic,1701,565,198,184,0.0396,0.0368,359044.40563964844,6,11,0.5
t0375_j0625,37.5% throughput + 62.5% Jain fairness,deterministic,1701,566,200,184,0.04,0.0368,360964.4291992188,7,11,0.5
t0375_j0625,37.5% throughput + 62.5% Jain fairness,deterministic,1701,567,254,233,0.0508,0.0466,535614.0472412109,1,12,1.0
t0375_j0625,37.5% throughput + 62.5% Jain fairness,deterministic,1701,568,182,169,0.0364,0.0338,271417.82666015625,24,10,0.5
t0375_j0625,37.5% throughput + 62.5% Jain fairness,deterministic,1701,569,272,249,0.0544,0.0498,42095.57691192627,17,2,2.0
t0375_j0625,37.5% throughput + 62.5% Jain fairness,deterministic,1701,570,183,169,0.0366,0.0338,271417.82666015625,16,10,0.5
t0375_j0625,37.5% throughput + 62.5% Jain fairness,deterministic,1701,571,158,143,0.0316,0.0286,74124.7424697876,23,5,0.5
t0375_j0625,37.5% throughput + 62.5% Jain fairness,deterministic,1701,572,257,233,0.0514,0.0466,538996.8728027344,14,12,1.0
t0375_j0625,37.5% throughput + 62.5% Jain fairness,deterministic,1701,573,185,165,0.037,0.033,42976.012298583984,7,3,1.0
t0375_j0625,37.5% throughput + 62.5% Jain fairness,deterministic,1701,574,216,198,0.0432,0.0396,224004.84741210935,2,8,1.0
t0375_j0625,37.5% throughput + 62.5% Jain fairness,deterministic,1701,575,263,236,0.0526,0.0472,777664.1958618164,13,15,0.5
t0375_j0625,37.5% throughput + 62.5% Jain fairness,deterministic,1701,576,502,456,0.1004,0.0912,1051494.9453735352,2,12,2.0
t0375_j0625,37.5% throughput + 62.5% Jain fairness,deterministic,1701,577,154,139,0.0308,0.0278,50152.36351013184,15,4,0.5
t0375_j0625,37.5% throughput + 62.5% Jain fairness,deterministic,1701,578,146,135,0.0292,0.027,31101.77822875977,6,3,0.5
t0375_j0625,37.5% throughput + 62.5% Jain fairness,deterministic,1701,579,344,315,0.0688,0.063,328115.64709472656,6,7,2.0
t0375_j0625,37.5% throughput + 62.5% Jain fairness,deterministic,1701,580,148,130,0.0296,0.026,19032.754806518555,30,2,0.5
t0375_j0625,37.5% throughput + 62.5% Jain fairness,deterministic,1701,581,767,697,0.1534,0.1394,1861284.1171875,3,13,2.0
t0375_j0625,37.5% throughput + 62.5% Jain fairness,deterministic,1701,582,217,198,0.0434,0.0396,224834.4949951172,6,8,1.0
t0375_j0625,37.5% throughput + 62.5% Jain fairness,deterministic,1701,583,224,203,0.0448,0.0406,468521.3402709961,16,12,0.5
t0375_j0625,37.5% throughput + 62.5% Jain fairness,deterministic,1701,584,137,126,0.0274,0.0252,11640.276275634766,27,1,0.5
t0375_j0625,37.5% throughput + 62.5% Jain fairness,deterministic,1701,585,196,175,0.0392,0.035,101240.46022796632,19,5,1.0
t0375_j0625,37.5% throughput + 62.5% Jain fairness,deterministic,1701,586,290,262,0.058,0.0524,71245.40441894531,3,3,2.0
t0375_j0625,37.5% throughput + 62.5% Jain fairness,deterministic,1701,587,148,131,0.0296,0.0262,19066.62091827393,4,2,0.5
t0375_j0625,37.5% throughput + 62.5% Jain fairness,deterministic,1701,588,151,134,0.0302,0.0268,30938.371337890625,26,3,0.5
t0375_j0625,37.5% throughput + 62.5% Jain fairness,deterministic,1701,589,205,190,0.041,0.038,166617.89361572266,19,7,1.0
t0375_j0625,37.5% throughput + 62.5% Jain fairness,deterministic,1701,590,156,139,0.0312,0.0278,50413.12103271485,8,4,0.5
t0375_j0625,37.5% throughput + 62.5% Jain fairness,deterministic,1701,591,213,198,0.0426,0.0396,223175.1998291016,11,8,1.0
t0375_j0625,37.5% throughput + 62.5% Jain fairness,deterministic,1701,592,148,134,0.0296,0.0268,31101.77822875977,32,3,0.5
t0375_j0625,37.5% throughput + 62.5% Jain fairness,deterministic,1701,593,397,357,0.0794,0.0714,543743.7777099609,7,9,2.0
t0375_j0625,37.5% throughput + 62.5% Jain fairness,deterministic,1701,594,150,134,0.03,0.0268,31210.71615600586,27,3,0.5
t0375_j0625,37.5% throughput + 62.5% Jain fairness,deterministic,1701,595,170,151,0.034,0.0302,15975.123962402344,19,1,1.0
t0375_j0625,37.5% throughput + 62.5% Jain fairness,deterministic,1701,596,179,164,0.0358,0.0328,43084.95022583008,25,3,1.0
t0375_j0625,37.5% throughput + 62.5% Jain fairness,deterministic,1701,597,167,153,0.0334,0.0306,133123.6435546875,0,7,0.5
t0375_j0625,37.5% throughput + 62.5% Jain fairness,deterministic,1701,598,237,217,0.0474,0.0434,579037.1235351562,20,13,0.5
t0375_j0625,37.5% throughput + 62.5% Jain fairness,deterministic,1701,599,175,158,0.035,0.0316,26043.03993988037,21,2,1.0
t0375_j0625,37.5% throughput + 62.5% Jain fairness,deterministic,1701,600,151,134,0.0302,0.0268,30883.902374267574,29,3,0.5
t0375_j0625,37.5% throughput + 62.5% Jain fairness,deterministic,1701,601,320,286,0.064,0.0572,180180.14323425293,1,5,2.0
t0375_j0625,37.5% throughput + 62.5% Jain fairness,deterministic,1701,602,222,207,0.0444,0.0414,293079.2868347168,0,9,1.0
t0375_j0625,37.5% throughput + 62.5% Jain fairness,deterministic,1701,603,142,126,0.0284,0.0252,11530.254760742188,16,1,0.5
t0375_j0625,37.5% throughput + 62.5% Jain fairness,deterministic,1701,604,150,130,0.03,0.026,19032.754806518555,22,2,0.5
t0375_j0625,37.5% throughput + 62.5% Jain fairness,deterministic,1701,605,330,298,0.066,0.0596,251591.65447998047,11,6,2.0
t0375_j0625,37.5% throughput + 62.5% Jain fairness,deterministic,1701,606,206,181,0.0412,0.0362,135563.90295410156,26,6,1.0
t0375_j0625,37.5% throughput + 62.5% Jain fairness,deterministic,1701,607,179,162,0.0358,0.0324,230847.74194335935,11,9,0.5
t0375_j0625,37.5% throughput + 62.5% Jain fairness,deterministic,1701,608,263,238,0.0526,0.0476,26185.120544433597,10,1,2.0
t0375_j0625,37.5% throughput + 62.5% Jain fairness,deterministic,1701,609,219,202,0.0438,0.0404,463447.1019287109,21,12,0.5
t0375_j0625,37.5% throughput + 62.5% Jain fairness,deterministic,1701,610,231,215,0.0462,0.043,346373.33111572266,8,10,1.0
t0375_j0625,37.5% throughput + 62.5% Jain fairness,deterministic,1701,611,317,292,0.0634,0.0584,879462.5128173828,1,14,1.0
t0375_j0625,37.5% throughput + 62.5% Jain fairness,deterministic,1701,612,183,162,0.0366,0.0324,232238.3909912109,21,9,0.5
t0375_j0625,37.5% throughput + 62.5% Jain fairness,deterministic,1701,613,187,170,0.0374,0.034,68926.9051361084,22,4,1.0
t0375_j0625,37.5% throughput + 62.5% Jain fairness,deterministic,1701,614,200,181,0.04,0.0362,134034.9867553711,25,6,1.0
t0375_j0625,37.5% throughput + 62.5% Jain fairness,deterministic,1701,615,215,189,0.043,0.0378,168111.26782226562,17,7,1.0
t0375_j0625,37.5% throughput + 62.5% Jain fairness,deterministic,1701,616,138,131,0.0276,0.0262,18457.03090667725,25,2,0.5
t0375_j0625,37.5% throughput + 62.5% Jain fairness,deterministic,1701,617,202,175,0.0404,0.035,101240.46022796632,12,5,1.0
t0375_j0625,37.5% throughput + 62.5% Jain fairness,deterministic,1701,618,250,222,0.05,0.0444,438245.3774719238,2,11,1.0
t0375_j0625,37.5% throughput + 62.5% Jain fairness,deterministic,1701,619,162,142,0.0324,0.0284,74124.7424697876,27,5,0.5
t0375_j0625,37.5% throughput + 62.5% Jain fairness,deterministic,1701,620,259,232,0.0518,0.0464,538433.0685424805,19,12,1.0
t0375_j0625,37.5% throughput + 62.5% Jain fairness,deterministic,1701,621,258,236,0.0516,0.0472,774454.0237426758,14,15,0.5
t0375_j0625,37.5% throughput + 62.5% Jain fairness,deterministic,1701,622,161,148,0.0322,0.0296,102777.14447021484,0,6,0.5
t0375_j0625,37.5% throughput + 62.5% Jain fairness,deterministic,1701,623,193,169,0.0386,0.0338,275362.8532104492,18,10,0.5
t0375_j0625,37.5% throughput + 62.5% Jain fairness,deterministic,1701,624,184,164,0.0368,0.0328,43357.29504394531,24,3,1.0
t0375_j0625,37.5% throughput + 62.5% Jain fairness,deterministic,1701,625,174,158,0.0348,0.0316,179203.8779296875,2,8,0.5
t0375_j0625,37.5% throughput + 62.5% Jain fairness,deterministic,1701,626,227,203,0.0454,0.0406,468521.3402709961,5,12,0.5
t0375_j0625,37.5% throughput + 62.5% Jain fairness,deterministic,1701,627,366,335,0.0732,0.067,430310.5463867188,0,8,2.0
t0375_j0625,37.5% throughput + 62.5% Jain fairness,deterministic,1701,628,1099,981,0.2198,0.1962,3239063.6682128906,3,15,2.0
t0375_j0625,37.5% throughput + 62.5% Jain fairness,deterministic,1701,629,162,147,0.0324,0.0294,102267.50573730467,21,6,0.5
t0375_j0625,37.5% throughput + 62.5% Jain fairness,deterministic,1701,630,170,147,0.034,0.0294,103286.783203125,1,6,0.5
t0375_j0625,37.5% throughput + 62.5% Jain fairness,deterministic,1701,631,216,198,0.0432,0.0396,224281.3966064453,15,8,1.0
t0375_j0625,37.5% throughput + 62.5% Jain fairness,deterministic,1701,632,426,383,0.0852,0.0766,626864.7188415527,3,10,2.0
t0375_j0625,37.5% throughput + 62.5% Jain fairness,deterministic,1701,633,168,147,0.0336,0.0294,103286.783203125,18,6,0.5
t0375_j0625,37.5% throughput + 62.5% Jain fairness,deterministic,1701,634,169,152,0.0338,0.0304,133123.6435546875,18,7,0.5
t0375_j0625,37.5% throughput + 62.5% Jain fairness,deterministic,1701,635,232,205,0.0464,0.041,294817.59814453125,17,9,1.0
t0375_j0625,37.5% throughput + 62.5% Jain fairness,deterministic,1701,636,186,165,0.0372,0.033,43520.70193481445,8,3,1.0
t0375_j0625,37.5% throughput + 62.5% Jain fairness,deterministic,1701,637,154,143,0.0308,0.0286,74124.7424697876,20,5,0.5
t0375_j0625,37.5% throughput + 62.5% Jain fairness,deterministic,1701,638,167,158,0.0334,0.0316,26009.173828125,21,2,1.0
t0375_j0625,37.5% throughput + 62.5% Jain fairness,deterministic,1701,639,190,169,0.038,0.0338,274179.3452453613,6,10,0.5
t0375_j0625,37.5% throughput + 62.5% Jain fairness,deterministic,1701,640,237,215,0.0474,0.043,347162.33642578125,13,10,1.0
t0375_j0625,37.5% throughput + 62.5% Jain fairness,deterministic,1701,641,464,412,0.0928,0.0824,814089.9892578125,6,11,2.0
t0375_j0625,37.5% throughput + 62.5% Jain fairness,deterministic,1701,642,141,126,0.0282,0.0252,11662.28057861328,33,1,0.5
t0375_j0625,37.5% throughput + 62.5% Jain fairness,deterministic,1701,643,184,162,0.0368,0.0324,232238.3909912109,10,9,0.5
t0375_j0625,37.5% throughput + 62.5% Jain fairness,deterministic,1701,644,175,162,0.035,0.0324,229457.0928955078,23,9,0.5
t0375_j0625,37.5% throughput + 62.5% Jain fairness,deterministic,1701,645,332,292,0.0664,0.0584,891287.2188720703,6,14,1.0
t0375_j0625,37.5% throughput + 62.5% Jain fairness,deterministic,1701,646,201,184,0.0402,0.0368,361444.4350891113,11,11,0.5
t0375_j0625,37.5% throughput + 62.5% Jain fairness,deterministic,1701,647,216,190,0.0432,0.038,168751.28533935547,4,7,1.0
t0375_j0625,37.5% throughput + 62.5% Jain fairness,deterministic,1701,648,252,226,0.0504,0.0452,685093.907043457,18,14,0.5
t0375_j0625,37.5% throughput + 62.5% Jain fairness,deterministic,1701,649,328,291,0.0656,0.0582,883157.7334594727,5,14,1.0
t0375_j0625,37.5% throughput + 62.5% Jain fairness,deterministic,1701,650,213,198,0.0426,0.0396,224281.3966064453,19,8,1.0
t0375_j0625,37.5% throughput + 62.5% Jain fairness,deterministic,1701,651,175,165,0.035,0.033,43193.88815307617,26,3,1.0
t0375_j0625,37.5% throughput + 62.5% Jain fairness,deterministic,1701,652,141,126,0.0282,0.0252,11838.315002441406,35,1,0.5
t0375_j0625,37.5% throughput + 62.5% Jain fairness,deterministic,1701,653,184,164,0.0368,0.0328,42921.54333496094,29,3,1.0
t0375_j0625,37.5% throughput + 62.5% Jain fairness,deterministic,1701,654,178,162,0.0356,0.0324,230500.07968139648,23,9,0.5
t0375_j0625,37.5% throughput + 62.5% Jain fairness,deterministic,1701,655,176,151,0.0352,0.0302,16019.132568359377,17,1,1.0
t0375_j0625,37.5% throughput + 62.5% Jain fairness,deterministic,1701,656,184,168,0.0368,0.0336,271417.82666015625,28,10,0.5
t0375_j0625,37.5% throughput + 62.5% Jain fairness,deterministic,1701,657,148,134,0.0296,0.0268,30938.371337890625,35,3,0.5
t0375_j0625,37.5% throughput + 62.5% Jain fairness,deterministic,1701,658,260,238,0.052,0.0476,26141.11193847656,13,1,2.0
t0375_j0625,37.5% throughput + 62.5% Jain fairness,deterministic,1701,659,220,198,0.044,0.0396,225111.04418945312,7,8,1.0
t0375_j0625,37.5% throughput + 62.5% Jain fairness,deterministic,1701,660,211,190,0.0422,0.038,168751.28533935547,13,7,1.0
t0375_j0625,37.5% throughput + 62.5% Jain fairness,deterministic,1701,661,457,412,0.0914,0.0824,813129.9774780273,7,11,2.0
t0375_j0625,37.5% throughput + 62.5% Jain fairness,deterministic,1701,662,243,214,0.0486,0.0428,347162.33642578125,20,10,1.0
t0375_j0625,37.5% throughput + 62.5% Jain fairness,deterministic,1701,663,287,256,0.0574,0.0512,688178.4323730469,8,13,1.0
t0375_j0625,37.5% throughput + 62.5% Jain fairness,deterministic,1701,664,164,147,0.0328,0.0294,102777.14447021484,22,6,0.5
t0375_j0625,37.5% throughput + 62.5% Jain fairness,deterministic,1701,665,333,290,0.0666,0.058,886113.9099731445,14,14,1.0
t0375_j0625,37.5% throughput + 62.5% Jain fairness,deterministic,1701,666,321,292,0.0642,0.0584,884635.8217163086,7,14,1.0
t0375_j0625,37.5% throughput + 62.5% Jain fairness,deterministic,1701,667,257,226,0.0514,0.0452,688789.1276855469,14,14,0.5
t0375_j0625,37.5% throughput + 62.5% Jain fairness,deterministic,1701,668,180,162,0.036,0.0324,230500.07968139648,23,9,0.5
t0375_j0625,37.5% throughput + 62.5% Jain fairness,deterministic,1701,669,218,206,0.0436,0.0412,290645.65100097656,13,9,1.0
t0375_j0625,37.5% throughput + 62.5% Jain fairness,deterministic,1701,670,256,233,0.0512,0.0466,538433.0685424805,10,12,1.0
t0375_j0625,37.5% throughput + 62.5% Jain fairness,deterministic,1701,671,153,139,0.0306,0.0278,49804.68681335449,14,4,0.5
t0375_j0625,37.5% throughput + 62.5% Jain fairness,deterministic,1701,672,345,315,0.069,0.063,329822.3604736328,9,7,2.0
t0375_j0625,37.5% throughput + 62.5% Jain fairness,deterministic,1701,673,223,206,0.0446,0.0412,291340.97552490234,13,9,1.0
t0375_j0625,37.5% throughput + 62.5% Jain fairness,deterministic,1701,674,249,222,0.0498,0.0444,439205.389251709,5,11,1.0
t0375_j0625,37.5% throughput + 62.5% Jain fairness,deterministic,1701,675,753,699,0.1506,0.1398,1861284.1171875,2,13,2.0
t0375_j0625,37.5% throughput + 62.5% Jain fairness,deterministic,1701,676,186,170,0.0372,0.034,68579.22843933105,20,4,1.0
t0375_j0625,37.5% throughput + 62.5% Jain fairness,deterministic,1701,677,295,261,0.059,0.0522,70973.05960083008,15,3,2.0
t0375_j0625,37.5% throughput + 62.5% Jain fairness,deterministic,1701,678,238,215,0.0476,0.043,347556.83908081055,1,10,1.0
t0375_j0625,37.5% throughput + 62.5% Jain fairness,deterministic,1701,679,254,221,0.0508,0.0442,438725.3833618164,18,11,1.0
t0375_j0625,37.5% throughput + 62.5% Jain fairness,deterministic,1701,680,258,238,0.0516,0.0476,26185.120544433597,7,1,2.0
t0375_j0625,37.5% throughput + 62.5% Jain fairness,deterministic,1701,681,245,227,0.049,0.0454,682876.7746582031,5,14,0.5
t0375_j0625,37.5% throughput + 62.5% Jain fairness,deterministic,1701,682,1074,953,0.2148,0.1906,3147573.762817383,1,15,2.0
t0375_j0625,37.5% throughput + 62.5% Jain fairness,deterministic,1701,683,187,169,0.0374,0.0338,272995.83728027344,6,10,0.5
t0375_j0625,37.5% throughput + 62.5% Jain fairness,deterministic,1701,684,425,382,0.085,0.0764,625286.7082214355,13,10,2.0
t0375_j0625,37.5% throughput + 62.5% Jain fairness,deterministic,1701,685,286,256,0.0572,0.0512,688831.9731445312,16,13,1.0
t0375_j0625,37.5% throughput + 62.5% Jain fairness,deterministic,1701,686,174,158,0.0348,0.0316,26178.504386901852,16,2,1.0
t0375_j0625,37.5% throughput + 62.5% Jain fairness,deterministic,1701,687,158,147,0.0316,0.0294,101757.86700439452,29,6,0.5
t0375_j0625,37.5% throughput + 62.5% Jain fairness,deterministic,1701,688,210,190,0.042,0.038,167684.58947753906,16,7,1.0
t0375_j0625,37.5% throughput + 62.5% Jain fairness,deterministic,1701,689,180,157,0.036,0.0314,26043.03993988037,26,2,1.0
t0375_j0625,37.5% throughput + 62.5% Jain fairness,deterministic,1701,690,288,256,0.0576,0.0512,688831.9731445312,9,13,1.0
t0375_j0625,37.5% throughput + 62.5% Jain fairness,deterministic,1701,691,164,151,0.0328,0.0302,15843.09814453125,33,1,1.0
t0375_j0625,37.5% throughput + 62.5% Jain fairness,deterministic,1701,692,173,152,0.0346,0.0304,133977.00024414062,11,7,0.5
t0375_j0625,37.5% throughput + 62.5% Jain fairness,deterministic,1701,693,171,158,0.0342,0.0316,178097.68115234375,4,8,0.5
t0375_j0625,37.5% throughput + 62.5% Jain fairness,deterministic,1701,694,142,130,0.0284,0.026,18727.95980072021,33,2,0.5
t0375_j0625,37.5% throughput + 62.5% Jain fairness,deterministic,1701,695,222,203,0.0444,0.0406,467957.5360107422,6,12,0.5
t0375_j0625,37.5% throughput + 62.5% Jain fairness,deterministic,1701,696,183,169,0.0366,0.0338,272206.83197021484,3,10,0.5
t0375_j0625,37.5% throughput + 62.5% Jain fairness,deterministic,1701,697,244,222,0.0488,0.0444,435845.34802246094,20,11,1.0
t0375_j0625,37.5% throughput + 62.5% Jain fairness,deterministic,1701,698,185,176,0.037,0.0352,100480.2064590454,5,5,1.0
t0375_j0625,37.5% throughput + 62.5% Jain fairness,deterministic,1701,699,876,789,0.1752,0.1578,2392285.843688965,0,14,2.0
t0375_j0625,37.5% throughput + 62.5% Jain fairness,deterministic,1701,700,205,181,0.041,0.0362,134714.50506591797,23,6,1.0
t0375_j0625,37.5% throughput + 62.5% Jain fairness,deterministic,1701,701,176,147,0.0352,0.0294,103626.54235839844,8,6,0.5
t0375_j0625,37.5% throughput + 62.5% Jain fairness,deterministic,1701,702,265,233,0.053,0.0466,540688.2855834961,1,12,1.0
t0375_j0625,37.5% throughput + 62.5% Jain fairness,deterministic,1701,703,187,170,0.0374,0.034,68057.71339416504,25,4,1.0
t0375_j0625,37.5% throughput + 62.5% Jain fairness,deterministic,1701,704,880,793,0.176,0.1586,2403371.5056152344,0,14,2.0
t0375_j0625,37.5% throughput + 62.5% Jain fairness,deterministic,1701,705,190,169,0.038,0.0338,274573.8479003906,8,10,0.5
t0375_j0625,37.5% throughput + 62.5% Jain fairness,deterministic,1701,706,326,291,0.0652,0.0582,883896.7775878906,15,14,1.0
t0375_j0625,37.5% throughput + 62.5% Jain fairness,deterministic,1701,707,148,131,0.0296,0.0262,18863.4242477417,7,2,0.5
t0375_j0625,37.5% throughput + 62.5% Jain fairness,deterministic,1701,708,198,181,0.0396,0.0362,134204.8663330078,22,6,1.0
t0375_j0625,37.5% throughput + 62.5% Jain fairness,deterministic,1701,709,241,215,0.0482,0.043,348740.34704589844,1,10,1.0
t0375_j0625,37.5% throughput + 62.5% Jain fairness,deterministic,1701,710,238,216,0.0476,0.0432,577730.0419921875,17,13,0.5
t0375_j0625,37.5% throughput + 62.5% Jain fairness,deterministic,1701,711,1089,982,0.2178,0.1964,3231840.780944824,2,15,2.0
t0375_j0625,37.5% throughput + 62.5% Jain fairness,deterministic,1701,712,242,226,0.0484,0.0452,679181.5540161133,14,14,0.5
t0375_j0625,37.5% throughput + 62.5% Jain fairness,deterministic,1701,713,192,170,0.0384,0.034,69796.09687805176,11,4,1.0
t0375_j0625,37.5% throughput + 62.5% Jain fairness,deterministic,1701,714,347,316,0.0694,0.0632,1038490.6805419922,10,15,1.0
t0375_j0625,37.5% throughput + 62.5% Jain fairness,deterministic,1701,715,191,170,0.0382,0.034,69274.58183288574,3,4,1.0
t0375_j0625,37.5% throughput + 62.5% Jain fairness,deterministic,1701,716,174,158,0.0348,0.0316,179203.8779296875,2,8,0.5
t0375_j0625,37.5% throughput + 62.5% Jain fairness,deterministic,1701,717,881,794,0.1762,0.1588,2401893.4173583984,3,14,2.0
t0375_j0625,37.5% throughput + 62.5% Jain fairness,deterministic,1701,718,326,291,0.0652,0.0582,881679.6452026367,1,14,1.0
t0375_j0625,37.5% throughput + 62.5% Jain fairness,deterministic,1701,719,261,236,0.0522,0.0472,774454.0237426758,20,15,0.5
t0375_j0625,37.5% throughput + 62.5% Jain fairness,deterministic,1701,720,244,217,0.0488,0.0434,580344.205078125,4,13,0.5
t0375_j0625,37.5% throughput + 62.5% Jain fairness,deterministic,1701,721,148,130,0.0296,0.026,18897.29035949707,33,2,0.5
t0375_j0625,37.5% throughput + 62.5% Jain fairness,deterministic,1701,722,237,215,0.0474,0.043,346767.83377075195,7,10,1.0
t0375_j0625,37.5% throughput + 62.5% Jain fairness,deterministic,1701,723,223,203,0.0446,0.0406,467957.5360107422,1,12,0.5
t0375_j0625,37.5% throughput + 62.5% Jain fairness,deterministic,1701,724,398,357,0.0796,0.0714,546525.0758056641,1,9,2.0
t0375_j0625,37.5% throughput + 62.5% Jain fairness,deterministic,1701,725,244,215,0.0488,0.043,349134.84970092773,1,10,1.0
t0375_j0625,37.5% throughput + 62.5% Jain fairness,deterministic,1701,726,180,165,0.036,0.033,43520.70193481445,16,3,1.0
t0375_j0625,37.5% throughput + 62.5% Jain fairness,deterministic,1701,727,324,299,0.0648,0.0598,252271.17279052731,0,6,2.0
t0375_j0625,37.5% throughput + 62.5% Jain fairness,deterministic,1701,728,355,315,0.071,0.063,1036885.594482422,4,15,1.0
t0375_j0625,37.5% throughput + 62.5% Jain fairness,deterministic,1701,729,238,215,0.0476,0.043,347556.83908081055,11,10,1.0
t0375_j0625,37.5% throughput + 62.5% Jain fairness,deterministic,1701,730,231,205,0.0462,0.041,293774.6113586426,16,9,1.0
t0375_j0625,37.5% throughput + 62.5% Jain fairness,deterministic,1701,731,253,226,0.0506,0.0452,685832.951171875,5,14,0.5
t0375_j0625,37.5% throughput + 62.5% Jain fairness,deterministic,1701,732,184,165,0.0368,0.033,43466.232971191406,1,3,1.0
t0375_j0625,37.5% throughput + 62.5% Jain fairness,deterministic,1701,733,198,184,0.0396,0.0368,359524.411529541,3,11,0.5
t0375_j0625,37.5% throughput + 62.5% Jain fairness,deterministic,1701,734,200,181,0.04,0.0362,133525.34802246094,22,6,1.0
t0375_j0625,37.5% throughput + 62.5% Jain fairness,deterministic,1701,735,145,131,0.029,0.0262,18897.29035949707,14,2,0.5
t0375_j0625,37.5% throughput + 62.5% Jain fairness,deterministic,1701,736,150,134,0.03,0.0268,30992.840301513672,29,3,0.5
t0375_j0625,37.5% throughput + 62.5% Jain fairness,deterministic,1701,737,207,190,0.0414,0.038,168111.26782226562,7,7,1.0
t0375_j0625,37.5% throughput + 62.5% Jain fairness,deterministic,1701,738,208,183,0.0416,0.0366,362884.45275878906,26,11,0.5
t0375_j0625,37.5% throughput + 62.5% Jain fairness,deterministic,1701,739,316,291,0.0632,0.0582,878723.4686889648,13,14,1.0
t0375_j0625,37.5% throughput + 62.5% Jain fairness,deterministic,1701,740,240,222,0.048,0.0444,433925.3244628906,15,11,1.0
t0375_j0625,37.5% throughput + 62.5% Jain fairness,deterministic,1701,741,247,216,0.0494,0.0432,582958.3681640625,19,13,0.5
t0375_j0625,37.5% throughput + 62.5% Jain fairness,deterministic,1701,742,191,182,0.0382,0.0364,132336.1909790039,14,6,1.0
t0375_j0625,37.5% throughput + 62.5% Jain fairness,deterministic,1701,743,324,291,0.0648,0.0582,882418.6893310547,15,14,1.0
t0375_j0625,37.5% throughput + 62.5% Jain fairness,deterministic,1701,744,185,164,0.037,0.0328,43139.419189453125,29,3,1.0
t0375_j0625,37.5% throughput + 62.5% Jain fairness,deterministic,1701,745,264,236,0.0528,0.0472,779269.2819213867,18,15,0.5
t0375_j0625,37.5% throughput + 62.5% Jain fairness,deterministic,1701,746,195,168,0.039,0.0336,274573.8479003906,18,10,0.5
t0375_j0625,37.5% throughput + 62.5% Jain fairness,deterministic,1701,747,242,217,0.0484,0.0434,580997.7458496094,1,13,0.5
t0375_j0625,37.5% throughput + 62.5% Jain fairness,deterministic,1701,748,183,169,0.0366,0.0338,272206.83197021484,4,10,0.5
t0375_j0625,37.5% throughput + 62.5% Jain fairness,deterministic,1701,749,322,273,0.0644,0.0546,118383.91525268556,17,4,2.0
t0375_j0625,37.5% throughput + 62.5% Jain fairness,deterministic,1701,750,511,458,0.1022,0.0916,1061643.4220581057,6,12,2.0
t0375_j0625,37.5% throughput + 62.5% Jain fairness,deterministic,1701,751,160,147,0.032,0.0294,102097.62615966795,8,6,0.5
t0375_j0625,37.5% throughput + 62.5% Jain fairness,deterministic,1701,752,257,233,0.0514,0.0466,538433.0685424805,18,12,1.0
t0375_j0625,37.5% throughput + 62.5% Jain fairness,deterministic,1701,753,315,291,0.063,0.0582,876506.3363037109,10,14,1.0
t0375_j0625,37.5% throughput + 62.5% Jain fairness,deterministic,1701,754,164,143,0.0328,0.0286,74884.9962387085,20,5,0.5
t0375_j0625,37.5% throughput + 62.5% Jain fairness,deterministic,1701,755,291,256,0.0582,0.0512,690792.5954589844,14,13,1.0
t0375_j0625,37.5% throughput + 62.5% Jain fairness,deterministic,1701,756,171,152,0.0342,0.0304,132910.30438232422,15,7,0.5
t0375_j0625,37.5% throughput + 62.5% Jain fairness,deterministic,1701,757,209,190,0.0418,0.038,168111.26782226562,16,7,1.0
t0375_j0625,37.5% throughput + 62.5% Jain fairness,deterministic,1701,758,183,169,0.0366,0.0338,272206.83197021484,8,10,0.5
t0375_j0625,37.5% throughput + 62.5% Jain fairness,deterministic,1701,759,240,217,0.048,0.0434,580344.205078125,5,13,0.5
t0375_j0625,37.5% throughput + 62.5% Jain fairness,deterministic,1701,760,228,203,0.0456,0.0406,470776.5573120117,9,12,0.5
t0375_j0625,37.5% throughput + 62.5% Jain fairness,deterministic,1701,761,204,181,0.0408,0.0362,133865.10717773438,22,6,1.0
t0375_j0625,37.5% throughput + 62.5% Jain fairness,deterministic,1701,762,192,175,0.0384,0.035,100480.2064590454,24,5,1.0
t0375_j0625,37.5% throughput + 62.5% Jain fairness,deterministic,1701,763,211,198,0.0422,0.0396,222898.6506347656,16,8,1.0
t0375_j0625,37.5% throughput + 62.5% Jain fairness,deterministic,1701,764,236,215,0.0472,0.043,346373.33111572266,5,10,1.0
t0375_j0625,37.5% throughput + 62.5% Jain fairness,deterministic,1701,765,448,413,0.0896,0.0826,810249.9421386719,8,11,2.0
t0375_j0625,37.5% throughput + 62.5% Jain fairness,deterministic,1701,766,223,197,0.0446,0.0394,225387.59338378903,16,8,1.0
t0375_j0625,37.5% throughput + 62.5% Jain fairness,deterministic,1701,767,200,182,0.04,0.0364,134034.9867553711,2,6,1.0
t0375_j0625,37.5% throughput + 62.5% Jain fairness,deterministic,1701,768,394,357,0.0788,0.0714,540267.155090332,7,9,2.0
t0375_j0625,37.5% throughput + 62.5% Jain fairness,deterministic,1701,769,227,197,0.0454,0.0394,225940.6917724609,10,8,1.0
t0375_j0625,37.5% throughput + 62.5% Jain fairness,deterministic,1701,770,439,381,0.0878,0.0762,626864.7188415527,11,10,2.0
t0375_j0625,37.5% throughput + 62.5% Jain fairness,deterministic,1701,771,209,183,0.0418,0.0366,360964.4291992188,20,11,0.5
t0375_j0625,37.5% throughput + 62.5% Jain fairness,deterministic,1701,772,325,286,0.065,0.0572,180433.56115722656,2,5,2.0
t0375_j0625,37.5% throughput + 62.5% Jain fairness,deterministic,1701,773,225,198,0.045,0.0396,225664.142578125,7,8,1.0
t0375_j0625,37.5% throughput + 62.5% Jain fairness,deterministic,1701,774,181,162,0.0362,0.0324,231195.40420532227,12,9,0.5
t0375_j0625,37.5% throughput + 62.5% Jain fairness,deterministic,1701,775,175,157,0.035,0.0314,178374.2303466797,7,8,0.5
t0375_j0625,37.5% throughput + 62.5% Jain fairness,deterministic,1701,776,198,170,0.0396,0.034,69535.33935546875,7,4,1.0
t0375_j0625,37.5% throughput + 62.5% Jain fairness,deterministic,1701,777,190,170,0.038,0.034,68579.22843933105,5,4,1.0
t0375_j0625,37.5% throughput + 62.5% Jain fairness,deterministic,1701,778,167,152,0.0334,0.0304,15997.12826538086,8,1,1.0
t0375_j0625,37.5% throughput + 62.5% Jain fairness,deterministic,1701,779,245,216,0.049,0.0432,580344.205078125,21,13,0.5
t0375_j0625,37.5% throughput + 62.5% Jain fairness,deterministic,1701,780,178,165,0.0356,0.033,43629.63986206055,3,3,1.0
t0375_j0625,37.5% throughput + 62.5% Jain fairness,deterministic,1701,781,239,214,0.0478,0.0428,346373.33111572266,22,10,1.0
t0375_j0625,37.5% throughput + 62.5% Jain fairness,deterministic,1701,782,420,383,0.084,0.0766,624497.702911377,11,10,2.0
t0375_j0625,37.5% throughput + 62.5% Jain fairness,deterministic,1701,783,352,315,0.0704,0.063,1035280.5084228516,4,15,1.0
t0375_j0625,37.5% throughput + 62.5% Jain fairness,deterministic,1701,784,174,152,0.0348,0.0304,134403.6785888672,11,7,0.5
t0375_j0625,37.5% throughput + 62.5% Jain fairness,deterministic,1701,785,247,222,0.0494,0.0444,438245.3774719238,6,11,1.0
t0375_j0625,37.5% throughput + 62.5% Jain fairness,deterministic,1701,786,155,139,0.031,0.0278,49891.60598754883,11,4,0.5
t0375_j0625,37.5% throughput + 62.5% Jain fairness,deterministic,1701,787,225,197,0.045,0.0394,225664.142578125,20,8,1.0
t0375_j0625,37.5% throughput + 62.5% Jain fairness,deterministic,1701,788,150,130,0.03,0.026,19235.95147705078,19,2,0.5
t0375_j0625,37.5% throughput + 62.5% Jain fairness,deterministic,1701,789,186,164,0.0372,0.0328,43466.232971191406,18,3,1.0
t0375_j0625,37.5% throughput + 62.5% Jain fairness,deterministic,1701,790,229,203,0.0458,0.0406,471340.3615722656,15,12,0.5
t0375_j0625,37.5% throughput + 62.5% Jain fairness,deterministic,1701,791,191,169,0.0382,0.0338,275362.8532104492,2,10,0.5
t0375_j0625,37.5% throughput + 62.5% Jain fairness,deterministic,1701,792,285,256,0.057,0.0512,686871.3508300781,17,13,1.0
t0375_j0625,37.5% throughput + 62.5% Jain fairness,deterministic,1701,793,186,162,0.0372,0.0324,233629.0400390625,5,9,0.5
t0375_j0625,37.5% throughput + 62.5% Jain fairness,deterministic,1701,794,1078,969,0.2156,0.1938,3195726.344604492,3,15,2.0
t0375_j0625,37.5% throughput + 62.5% Jain fairness,deterministic,1701,795,268,237,0.0536,0.0474,26075.099029541016,17,1,2.0
t0375_j0625,37.5% throughput + 62.5% Jain fairness,deterministic,1701,796,315,291,0.063,0.0582,877984.4245605469,13,14,1.0
t0375_j0625,37.5% throughput + 62.5% Jain fairness,deterministic,1701,797,198,169,0.0396,0.0338,69274.58183288574,23,4,1.0
t0375_j0625,37.5% throughput + 62.5% Jain fairness,deterministic,1701,798,459,412,0.0918,0.0824,812649.9715881348,8,11,2.0
t0375_j0625,37.5% throughput + 62.5% Jain fairness,deterministic,1701,799,213,190,0.0426,0.038,168537.9461669922,14,7,1.0
t0375_j0625,37.5% throughput + 62.5% Jain fairness,deterministic,1701,800,172,151,0.0344,0.0302,16019.132568359377,26,1,1.0
t0375_j0625,37.5% throughput + 62.5% Jain fairness,deterministic,1701,801,501,458,0.1002,0.0916,1053750.1624145508,4,12,2.0
t0375_j0625,37.5% throughput + 62.5% Jain fairness,deterministic,1701,802,427,382,0.0854,0.0764,626470.2161865234,5,10,2.0
t0375_j0625,37.5% throughput + 62.5% Jain fairness,deterministic,1701,803,355,315,0.071,0.063,1040095.7666015624,9,15,1.0
t0375_j0625,37.5% throughput + 62.5% Jain fairness,deterministic,1701,804,168,152,0.0336,0.0304,132910.30438232422,22,7,0.5
t0375_j0625,37.5% throughput + 62.5% Jain fairness,deterministic,1701,805,182,157,0.0364,0.0314,26076.906051635742,26,2,1.0
t0375_j0625,37.5% throughput + 62.5% Jain fairness,deterministic,1701,806,172,159,0.0344,0.0318,26110.772163391117,3,2,1.0
t0375_j0625,37.5% throughput + 62.5% Jain fairness,deterministic,1701,807,263,236,0.0526,0.0472,777664.1958618164,20,15,0.5
t0375_j0625,37.5% throughput + 62.5% Jain fairness,deterministic,1701,808,174,152,0.0348,0.0304,133977.00024414062,31,7,0.5
t0375_j0625,37.5% throughput + 62.5% Jain fairness,deterministic,1701,809,262,238,0.0524,0.0476,26163.11624145508,4,1,2.0
t0375_j0625,37.5% throughput + 62.5% Jain fairness,deterministic,1701,810,177,162,0.0354,0.0324,230152.4174194336,16,9,0.5
t0375_j0625,37.5% throughput + 62.5% Jain fairness,deterministic,1701,811,238,215,0.0476,0.043,347556.83908081055,8,10,1.0
t0375_j0625,37.5% throughput + 62.5% Jain fairness,deterministic,1701,812,765,701,0.153,0.1402,1873047.8510742188,4,13,2.0
t0375_j0625,37.5% throughput + 62.5% Jain fairness,deterministic,1701,813,251,226,0.0502,0.0452,683615.8187866211,3,14,0.5
t0375_j0625,37.5% throughput + 62.5% Jain fairness,deterministic,1701,814,223,198,0.0446,0.0396,225387.59338378903,2,8,1.0
t0375_j0625,37.5% throughput + 62.5% Jain fairness,deterministic,1701,815,425,383,0.085,0.0766,625681.2108764648,0,10,2.0
t0375_j0625,37.5% throughput + 62.5% Jain fairness,deterministic,1701,816,159,139,0.0318,0.0278,50239.28268432617,3,4,0.5
t0375_j0625,37.5% throughput + 62.5% Jain fairness,deterministic,1701,817,191,170,0.0382,0.034,68492.30926513672,1,4,1.0
t0375_j0625,37.5% throughput + 62.5% Jain fairness,deterministic,1701,818,389,357,0.0778,0.0714,539919.4928283691,12,9,2.0
t0375_j0625,37.5% throughput + 62.5% Jain fairness,deterministic,1701,819,173,157,0.0346,0.0314,178097.68115234375,13,8,0.5
t0375_j0625,37.5% throughput + 62.5% Jain fairness,deterministic,1701,820,207,181,0.0414,0.0362,134544.62548828125,14,6,1.0
t0375_j0625,37.5% throughput + 62.5% Jain fairness,deterministic,1701,821,189,169,0.0378,0.0338,272995.83728027344,5,10,0.5
t0375_j0625,37.5% throughput + 62.5% Jain fairness,deterministic,1701,822,178,157,0.0356,0.0314,26110.772163391117,28,2,1.0
t0375_j0625,37.5% throughput + 62.5% Jain fairness,deterministic,1701,823,258,232,0.0516,0.0464,535614.0472412109,20,12,1.0
t0375_j0625,37.5% throughput + 62.5% Jain fairness,deterministic,1701,824,177,162,0.0354,0.0324,229804.7551574707,24,9,0.5
t0375_j0625,37.5% throughput + 62.5% Jain fairness,deterministic,1701,825,351,315,0.0702,0.063,1040095.7666015624,4,15,1.0
t0375_j0625,37.5% throughput + 62.5% Jain fairness,deterministic,1701,826,144,127,0.0288,0.0254,11728.293487548828,6,1,0.5
t0375_j0625,37.5% throughput + 62.5% Jain fairness,deterministic,1701,827,219,198,0.0438,0.0396,225387.59338378903,11,8,1.0
t0375_j0625,37.5% throughput + 62.5% Jain fairness,deterministic,1701,828,352,315,0.0704,0.063,328969.0037841797,8,7,2.0
t0375_j0625,37.5% throughput + 62.5% Jain fairness,deterministic,1701,829,362,315,0.0724,0.063,1044911.0247802734,8,15,1.0
t0375_j0625,37.5% throughput + 62.5% Jain fairness,deterministic,1701,830,357,315,0.0714,0.063,1044108.4817504884,15,15,1.0
t0375_j0625,37.5% throughput + 62.5% Jain fairness,deterministic,1701,831,145,131,0.029,0.0262,18897.29035949707,7,2,0.5
t0375_j0625,37.5% throughput + 62.5% Jain fairness,deterministic,1701,832,266,236,0.0532,0.0472,779269.2819213867,20,15,0.5
t0375_j0625,37.5% throughput + 62.5% Jain fairness,deterministic,1701,833,168,147,0.0336,0.0294,103116.90362548828,11,6,0.5
t0375_j0625,37.5% throughput + 62.5% Jain fairness,deterministic,1701,834,289,255,0.0578,0.051,684910.728515625,15,13,1.0
t0375_j0625,37.5% throughput + 62.5% Jain fairness,deterministic,1701,835,289,248,0.0578,0.0496,41926.24635314941,15,2,2.0
t0375_j0625,37.5% throughput + 62.5% Jain fairness,deterministic,1701,836,239,205,0.0478,0.041,295512.92266845703,13,9,1.0
t0375_j0625,37.5% throughput + 62.5% Jain fairness,deterministic,1701,837,420,383,0.084,0.0766,625681.2108764648,5,10,2.0
t0375_j0625,37.5% throughput + 62.5% Jain fairness,deterministic,1701,838,431,382,0.0862,0.0764,625681.2108764648,0,10,2.0
t0375_j0625,37.5% throughput + 62.5% Jain fairness,deterministic,1701,839,244,217,0.0488,0.0434,582304.8273925781,2,13,0.5
t0375_j0625,37.5% throughput + 62.5% Jain fairness,deterministic,1701,840,171,158,0.0342,0.0316,178650.77954101562,12,8,0.5
t0375_j0625,37.5% throughput + 62.5% Jain fairness,deterministic,1701,841,202,182,0.0404,0.0364,133525.34802246094,0,6,1.0
t0375_j0625,37.5% throughput + 62.5% Jain fairness,deterministic,1701,842,250,233,0.05,0.0466,535050.242980957,3,12,1.0
t0375_j0625,37.5% throughput + 62.5% Jain fairness,deterministic,1701,843,1089,975,0.2178,0.195,3213382.2912597656,4,15,2.0
t0375_j0625,37.5% throughput + 62.5% Jain fairness,deterministic,1701,844,152,135,0.0304,0.027,30883.902374267574,8,3,0.5
t0375_j0625,37.5% throughput + 62.5% Jain fairness,deterministic,1701,845,265,236,0.053,0.0472,779269.2819213867,7,15,0.5
t0375_j0625,37.5% throughput + 62.5% Jain fairness,deterministic,1701,846,173,158,0.0346,0.0316,178927.32873535156,9,8,0.5
t0375_j0625,37.5% throughput + 62.5% Jain fairness,deterministic,1701,847,199,175,0.0398,0.035,99973.37061309814,19,5,1.0
t0375_j0625,37.5% throughput + 62.5% Jain fairness,deterministic,1701,848,238,217,0.0476,0.0434,579690.6643066406,1,13,0.5
t0375_j0625,37.5% throughput + 62.5% Jain fairness,deterministic,1701,849,204,190,0.0408,0.038,167044.57196044922,16,7,1.0
t0375_j0625,37.5% throughput + 62.5% Jain fairness,deterministic,1701,850,163,152,0.0326,0.0304,132270.28686523438,18,7,0.5
t0375_j0625,37.5% throughput + 62.5% Jain fairness,deterministic,1701,851,201,190,0.0402,0.038,166404.55444335938,20,7,1.0
t0375_j0625,37.5% throughput + 62.5% Jain fairness,deterministic,1701,852,191,164,0.0382,0.0328,43575.1708984375,22,3,1.0
t0375_j0625,37.5% throughput + 62.5% Jain fairness,deterministic,1701,853,258,236,0.0516,0.0472,773651.4807128906,18,15,0.5
t0375_j0625,37.5% throughput + 62.5% Jain fairness,deterministic,1701,854,165,147,0.033,0.0294,102947.02404785156,29,6,0.5
t0375_j0625,37.5% throughput + 62.5% Jain fairness,deterministic,1701,855,458,412,0.0916,0.0824,811209.953918457,5,11,2.0
t0375_j0625,37.5% throughput + 62.5% Jain fairness,deterministic,1701,856,169,151,0.0338,0.0302,16151.158386230469,17,1,1.0
t0375_j0625,37.5% throughput + 62.5% Jain fairness,deterministic,1701,857,195,170,0.039,0.034,68666.14761352539,1,4,1.0
t0375_j0625,37.5% throughput + 62.5% Jain fairness,deterministic,1701,858,170,158,0.034,0.0316,178374.2303466797,2,8,0.5
t0375_j0625,37.5% throughput + 62.5% Jain fairness,deterministic,1701,859,212,190,0.0424,0.038,168751.28533935547,7,7,1.0
t0375_j0625,37.5% throughput + 62.5% Jain fairness,deterministic,1701,860,163,147,0.0326,0.0294,102097.62615966795,23,6,0.5
t0375_j0625,37.5% throughput + 62.5% Jain fairness,deterministic,1701,861,243,222,0.0486,0.0444,435365.3421325684,7,11,1.0
t0375_j0625,37.5% throughput + 62.5% Jain fairness,deterministic,1701,862,237,215,0.0474,0.043,347162.33642578125,5,10,1.0
t0375_j0625,37.5% throughput + 62.5% Jain fairness,deterministic,1701,863,173,162,0.0346,0.0324,229109.4306335449,21,9,0.5
t0375_j0625,37.5% throughput + 62.5% Jain fairness,deterministic,1701,864,184,165,0.0368,0.033,43030.48126220703,15,3,1.0
t0375_j0625,37.5% throughput + 62.5% Jain fairness,deterministic,1701,865,226,205,0.0452,0.041,293079.2868347168,23,9,1.0
t0375_j0625,37.5% throughput + 62.5% Jain fairness,deterministic,1701,866,282,249,0.0564,0.0498,42095.57691192627,10,2,2.0
t0375_j0625,37.5% throughput + 62.5% Jain fairness,deterministic,1701,867,144,134,0.0288,0.0268,31210.71615600586,34,3,0.5
t0375_j0625,37.5% throughput + 62.5% Jain fairness,deterministic,1701,868,284,262,0.0568,0.0524,71299.87338256836,7,3,2.0
t0375_j0625,37.5% throughput + 62.5% Jain fairness,deterministic,1701,869,146,126,0.0292,0.0252,11684.284881591797,19,1,0.5
t0375_j0625,37.5% throughput + 62.5% Jain fairness,deterministic,1701,870,256,238,0.0512,0.0476,26141.11193847656,16,1,2.0
t0375_j0625,37.5% throughput + 62.5% Jain fairness,deterministic,1701,871,173,157,0.0346,0.0314,177544.58276367188,17,8,0.5
t0375_j0625,37.5% throughput + 62.5% Jain fairness,deterministic,1701,872,162,147,0.0324,0.0294,102097.62615966795,9,6,0.5
t0375_j0625,37.5% throughput + 62.5% Jain fairness,deterministic,1701,873,328,299,0.0656,0.0598,251931.4136352539,0,6,2.0
t0375_j0625,37.5% throughput + 62.5% Jain fairness,deterministic,1701,874,142,126,0.0284,0.0252,11728.293487548828,10,1,0.5
t0375_j0625,37.5% throughput + 62.5% Jain fairness,deterministic,1701,875,161,138,0.0322,0.0276,50673.87855529785,29,4,0.5
t0375_j0625,37.5% throughput + 62.5% Jain fairness,deterministic,1701,876,314,290,0.0628,0.058,872811.1156616211,9,14,1.0
t0375_j0625,37.5% throughput + 62.5% Jain fairness,deterministic,1701,877,204,190,0.0408,0.038,166404.55444335938,15,7,1.0
t0375_j0625,37.5% throughput + 62.5% Jain fairness,deterministic,1701,878,340,317,0.068,0.0634,1036083.0514526368,0,15,1.0
t0375_j0625,37.5% throughput + 62.5% Jain fairness,deterministic,1701,879,218,189,0.0436,0.0378,169391.3028564453,22,7,1.0
t0375_j0625,37.5% throughput + 62.5% Jain fairness,deterministic,1701,880,247,226,0.0494,0.0452,683615.8187866211,10,14,0.5
t0375_j0625,37.5% throughput + 62.5% Jain fairness,deterministic,1701,881,359,314,0.0718,0.0628,329395.68212890625,10,7,2.0
t0375_j0625,37.5% throughput + 62.5% Jain fairness,deterministic,1701,882,237,215,0.0474,0.043,346767.83377075195,9,10,1.0
t0375_j0625,37.5% throughput + 62.5% Jain fairness,deterministic,1701,883,167,153,0.0334,0.0306,133550.32189941406,5,7,0.5
t0375_j0625,37.5% throughput + 62.5% Jain fairness,deterministic,1701,884,170,152,0.034,0.0304,133336.98272705078,28,7,0.5
t0375_j0625,37.5% throughput + 62.5% Jain fairness,deterministic,1701,885,202,184,0.0404,0.0368,361444.4350891113,4,11,0.5
t0375_j0625,37.5% throughput + 62.5% Jain fairness,deterministic,1701,886,430,382,0.086,0.0764,626470.2161865234,2,10,2.0
t0375_j0625,37.5% throughput + 62.5% Jain fairness,deterministic,1701,887,259,236,0.0518,0.0472,774454.0237426758,16,15,0.5
t0375_j0625,37.5% throughput + 62.5% Jain fairness,deterministic,1701,888,183,165,0.0366,0.033,43575.1708984375,5,3,1.0
t0375_j0625,37.5% throughput + 62.5% Jain fairness,deterministic,1701,889,399,357,0.0798,0.0714,542005.4664001465,5,9,2.0
t0375_j0625,37.5% throughput + 62.5% Jain fairness,deterministic,1701,890,206,183,0.0412,0.0366,360484.4233093262,24,11,0.5
t0375_j0625,37.5% throughput + 62.5% Jain fairness,deterministic,1701,891,256,233,0.0512,0.0466,538433.0685424805,1,12,1.0
t0375_j0625,37.5% throughput + 62.5% Jain fairness,deterministic,1701,892,135,126,0.027,0.0252,11574.26336669922,33,1,0.5
t0375_j0625,37.5% throughput + 62.5% Jain fairness,deterministic,1701,893,178,157,0.0356,0.0314,179203.8779296875,23,8,0.5
t0375_j0625,37.5% throughput + 62.5% Jain fairness,deterministic,1701,894,191,175,0.0382,0.035,100860.33334350586,19,5,1.0
t0375_j0625,37.5% throughput + 62.5% Jain fairness,deterministic,1701,895,434,382,0.0868,0.0764,626075.7135314941,5,10,2.0
t0375_j0625,37.5% throughput + 62.5% Jain fairness,deterministic,1701,896,159,143,0.0318,0.0286,74378.16039276123,2,5,0.5
t0375_j0625,37.5% throughput + 62.5% Jain fairness,deterministic,1701,897,349,314,0.0698,0.0628,327262.29040527344,10,7,2.0
t0375_j0625,37.5% throughput + 62.5% Jain fairness,deterministic,1701,898,158,142,0.0316,0.0284,73998.03350830078,27,5,0.5
t0375_j0625,37.5% throughput + 62.5% Jain fairness,deterministic,1701,899,363,334,0.0726,0.0668,431140.19396972656,5,8,2.0
t0375_j0625,37.5% throughput + 62.5% Jain fairness,deterministic,1701,900,348,315,0.0696,0.063,1032872.879333496,11,15,1.0
t0375_j0625,37.5% throughput + 62.5% Jain fairness,deterministic,1701,901,181,164,0.0362,0.0328,43248.35711669922,26,3,1.0
t0375_j0625,37.5% throughput + 62.5% Jain fairness,deterministic,1701,902,286,249,0.0572,0.0498,42129.44302368164,3,2,2.0
t0375_j0625,37.5% throughput + 62.5% Jain fairness,deterministic,1701,903,226,203,0.0452,0.0406,469648.9487915039,19,12,0.5
t0375_j0625,37.5% throughput + 62.5% Jain fairness,deterministic,1701,904,239,215,0.0478,0.043,347556.83908081055,2,10,1.0
t0375_j0625,37.5% throughput + 62.5% Jain fairness,deterministic,1701,905,467,411,0.0934,0.0822,814089.9892578125,7,11,2.0
t0375_j0625,37.5% throughput + 62.5% Jain fairness,deterministic,1701,906,278,249,0.0556,0.0498,42095.57691192627,11,2,2.0
t0375_j0625,37.5% throughput + 62.5% Jain fairness,deterministic,1701,907,178,162,0.0356,0.0324,230847.74194335935,21,9,0.5
t0375_j0625,37.5% throughput + 62.5% Jain fairness,deterministic,1701,908,250,226,0.05,0.0452,683615.8187866211,19,14,0.5
t0375_j0625,37.5% throughput + 62.5% Jain fairness,deterministic,1701,909,185,170,0.037,0.034,68753.06678771973,5,4,1.0
t0375_j0625,37.5% throughput + 62.5% Jain fairness,deterministic,1701,910,175,158,0.035,0.0316,178927.32873535156,2,8,0.5
t0375_j0625,37.5% throughput + 62.5% Jain fairness,deterministic,1701,911,208,184,0.0416,0.0368,362404.4468688965,3,11,0.5
t0375_j0625,37.5% throughput + 62.5% Jain fairness,deterministic,1701,912,314,286,0.0628,0.0572,180813.688041687,14,5,2.0
t0375_j0625,37.5% throughput + 62.5% Jain fairness,deterministic,1701,913,230,203,0.046,0.0406,471904.16583251953,20,12,0.5
t0375_j0625,37.5% throughput + 62.5% Jain fairness,deterministic,1701,914,244,217,0.0488,0.0434,582958.3681640625,2,13,0.5
t0375_j0625,37.5% throughput + 62.5% Jain fairness,deterministic,1701,915,262,237,0.0524,0.0474,26053.0947265625,19,1,2.0
t0375_j0625,37.5% throughput + 62.5% Jain fairness,deterministic,1701,916,212,190,0.0424,0.038,169177.96368408203,5,7,1.0
t0375_j0625,37.5% throughput + 62.5% Jain fairness,deterministic,1701,917,144,130,0.0288,0.026,18998.888694763184,28,2,0.5
t0375_j0625,37.5% throughput + 62.5% Jain fairness,deterministic,1701,918,143,130,0.0286,0.026,18592.49535369873,33,2,0.5
t0375_j0625,37.5% throughput + 62.5% Jain fairness,deterministic,1701,919,160,142,0.032,0.0284,74124.7424697876,31,5,0.5
t0375_j0625,37.5% throughput + 62.5% Jain fairness,deterministic,1701,920,171,152,0.0342,0.0304,133763.66107177734,15,7,0.5
t0375_j0625,37.5% throughput + 62.5% Jain fairness,deterministic,1701,921,1064,954,0.2128,0.1908,3145166.133728028,3,15,2.0
t0375_j0625,37.5% throughput + 62.5% Jain fairness,deterministic,1701,922,320,290,0.064,0.058,877984.4245605469,14,14,1.0
t0375_j0625,37.5% throughput + 62.5% Jain fairness,deterministic,1701,923,156,143,0.0312,0.0286,74124.7424697876,10,5,0.5
t0375_j0625,37.5% throughput + 62.5% Jain fairness,deterministic,1701,924,206,190,0.0412,0.038,167684.58947753906,3,7,1.0
t0375_j0625,37.5% throughput + 62.5% Jain fairness,deterministic,1701,925,149,135,0.0298,0.027,31101.77822875977,6,3,0.5
t0375_j0625,37.5% throughput + 62.5% Jain fairness,deterministic,1701,926,198,176,0.0396,0.0352,101493.87815093994,3,5,1.0
t0375_j0625,37.5% throughput + 62.5% Jain fairness,deterministic,1701,927,173,163,0.0346,0.0326,230152.4174194336,10,9,0.5
t0375_j0625,37.5% throughput + 62.5% Jain fairness,deterministic,1701,928,179,157,0.0358,0.0314,179203.8779296875,6,8,0.5
t0375_j0625,37.5% throughput + 62.5% Jain fairness,deterministic,1701,929,213,198,0.0426,0.0396,223175.1998291016,14,8,1.0
t0375_j0625,37.5% throughput + 62.5% Jain fairness,deterministic,1701,930,325,299,0.065,0.0598,252271.17279052731,1,6,2.0
t0375_j0625,37.5% throughput + 62.5% Jain fairness,deterministic,1701,931,146,135,0.0292,0.027,31101.77822875977,17,3,0.5
t0375_j0625,37.5% throughput + 62.5% Jain fairness,deterministic,1701,932,202,181,0.0404,0.0362,133865.10717773438,21,6,1.0
t0375_j0625,37.5% throughput + 62.5% Jain fairness,deterministic,1701,933,361,315,0.0722,0.063,328328.98626708984,2,7,2.0
t0375_j0625,37.5% throughput + 62.5% Jain fairness,deterministic,1701,934,158,139,0.0316,0.0278,50847.71690368652,1,4,0.5
t0375_j0625,37.5% throughput + 62.5% Jain fairness,deterministic,1701,935,508,458,0.1016,0.0916,1056005.3794555664,0,12,2.0
t0375_j0625,37.5% throughput + 62.5% Jain fairness,deterministic,1701,936,207,183,0.0414,0.0366,361924.4409790039,21,11,0.5
t0375_j0625,37.5% throughput + 62.5% Jain fairness,deterministic,1701,937,1073,973,0.2146,0.1946,3192516.172485352,0,15,2.0
t0375_j0625,37.5% throughput + 62.5% Jain fairness,deterministic,1701,938,193,175,0.0386,0.035,100226.78853607178,27,5,1.0
t0375_j0625,37.5% throughput + 62.5% Jain fairness,deterministic,1701,939,183,162,0.0366,0.0324,232586.05325317383,12,9,0.5
t0375_j0625,37.5% throughput + 62.5% Jain fairness,deterministic,1701,940,228,203,0.0456,0.0406,470776.5573120117,23,12,0.5
t0375_j0625,37.5% throughput + 62.5% Jain fairness,deterministic,1701,941,137,131,0.0274,0.0262,18931.15647125244,14,2,0.5
t0375_j0625,37.5% throughput + 62.5% Jain fairness,deterministic,1701,942,196,175,0.0392,0.035,99466.53476715088,27,5,1.0
t0375_j0625,37.5% throughput + 62.5% Jain fairness,deterministic,1701,943,189,169,0.0378,0.0338,274573.8479003906,9,10,0.5
t0375_j0625,37.5% throughput + 62.5% Jain fairness,deterministic,1701,944,227,205,0.0454,0.041,292731.6245727539,20,9,1.0
t0375_j0625,37.5% throughput + 62.5% Jain fairness,deterministic,1701,945,154,139,0.0308,0.0278,50239.28268432617,6,4,0.5
t0375_j0625,37.5% throughput + 62.5% Jain fairness,deterministic,1701,946,784,690,0.1568,0.138,1860630.576416016,3,13,2.0
t0375_j0625,37.5% throughput + 62.5% Jain fairness,deterministic,1701,947,414,383,0.0828,0.0766,622525.1896362305,4,10,2.0
t0375_j0625,37.5% throughput + 62.5% Jain fairness,deterministic,1701,948,238,215,0.0476,0.043,347162.33642578125,6,10,1.0
t0375_j0625,37.5% throughput + 62.5% Jain fairness,deterministic,1701,949,190,169,0.038,0.0338,68926.9051361084,23,4,1.0
t0375_j0625,37.5% throughput + 62.5% Jain fairness,deterministic,1701,950,220,198,0.044,0.0396,226217.24096679688,4,8,1.0
t0375_j0625,37.5% throughput + 62.5% Jain fairness,deterministic,1701,951,1067,967,0.2134,0.1934,3178872.940979004,3,15,2.0
t0375_j0625,37.5% throughput + 62.5% Jain fairness,deterministic,1701,952,867,785,0.1734,0.157,2378244.0052490234,2,14,2.0
t0375_j0625,37.5% throughput + 62.5% Jain fairness,deterministic,1701,953,356,315,0.0712,0.063,1040095.7666015624,1,15,1.0
t0375_j0625,37.5% throughput + 62.5% Jain fairness,deterministic,1701,954,144,126,0.0288,0.0252,11684.284881591797,10,1,0.5
t0375_j0625,37.5% throughput + 62.5% Jain fairness,deterministic,1701,955,171,158,0.0342,0.0316,26246.2366104126,7,2,1.0
t0375_j0625,37.5% throughput + 62.5% Jain fairness,deterministic,1701,956,160,147,0.032,0.0294,102097.62615966795,13,6,0.5
t0375_j0625,37.5% throughput + 62.5% Jain fairness,deterministic,1701,957,297,261,0.0594,0.0522,71027.52856445312,18,3,2.0
t0375_j0625,37.5% throughput + 62.5% Jain fairness,deterministic,1701,958,281,249,0.0562,0.0498,42095.57691192627,13,2,2.0
t0375_j0625,37.5% throughput + 62.5% Jain fairness,deterministic,1701,959,166,152,0.0332,0.0304,16041.13687133789,11,1,1.0
t0375_j0625,37.5% throughput + 62.5% Jain fairness,deterministic,1701,960,871,790,0.1742,0.158,2390807.755432129,0,14,2.0
t0375_j0625,37.5% throughput + 62.5% Jain fairness,deterministic,1701,961,179,152,0.0358,0.0304,134830.35693359375,17,7,0.5
t0375_j0625,37.5% throughput + 62.5% Jain fairness,deterministic,1701,962,205,190,0.041,0.038,167897.92864990234,1,7,1.0
t0375_j0625,37.5% throughput + 62.5% Jain fairness,deterministic,1701,963,197,175,0.0394,0.035,99846.66165161131,22,5,1.0
t0375_j0625,37.5% throughput + 62.5% Jain fairness,deterministic,1701,964,349,316,0.0698,0.0632,329395.68212890625,0,7,2.0
t0375_j0625,37.5% throughput + 62.5% Jain fairness,deterministic,1701,965,142,130,0.0284,0.026,18761.825912475582,31,2,0.5
t0375_j0625,37.5% throughput + 62.5% Jain fairness,deterministic,1701,966,274,235,0.0548,0.047,777664.1958618164,19,15,0.5
t0375_j0625,37.5% throughput + 62.5% Jain fairness,deterministic,1701,967,205,182,0.041,0.0364,133695.22760009766,7,6,1.0
t0375_j0625,37.5% throughput + 62.5% Jain fairness,deterministic,1701,968,179,157,0.0358,0.0314,178927.32873535156,19,8,0.5
t0375_j0625,37.5% throughput + 62.5% Jain fairness,deterministic,1701,969,336,298,0.0672,0.0596,250742.25659179688,5,6,2.0
t0375_j0625,37.5% throughput + 62.5% Jain fairness,deterministic,1701,970,186,176,0.0372,0.0352,100226.78853607178,5,5,1.0
t0375_j0625,37.5% throughput + 62.5% Jain fairness,deterministic,1701,971,218,203,0.0436,0.0406,466266.12322998047,2,12,0.5
t0375_j0625,37.5% throughput + 62.5% Jain fairness,deterministic,1701,972,183,162,0.0366,0.0324,231890.72872924805,12,9,0.5
t0375_j0625,37.5% throughput + 62.5% Jain fairness,deterministic,1701,973,267,236,0.0534,0.0472,780874.367980957,10,15,0.5
t0375_j0625,37.5% throughput + 62.5% Jain fairness,deterministic,1701,974,234,215,0.0468,0.043,346373.33111572266,6,10,1.0
t0375_j0625,37.5% throughput + 62.5% Jain fairness,deterministic,1701,975,249,221,0.0498,0.0442,436805.3598022461,15,11,1.0
t0375_j0625,37.5% throughput + 62.5% Jain fairness,deterministic,1701,976,264,236,0.0528,0.0472,776059.1098022461,12,15,0.5
t0375_j0625,37.5% throughput + 62.5% Jain fairness,deterministic,1701,977,172,152,0.0344,0.0304,133336.98272705078,27,7,0.5
t0375_j0625,37.5% throughput + 62.5% Jain fairness,deterministic,1701,978,174,158,0.0348,0.0316,26212.370498657227,3,2,1.0
t0375_j0625,37.5% throughput + 62.5% Jain fairness,deterministic,1701,979,248,222,0.0496,0.0444,438245.3774719238,6,11,1.0
t0375_j0625,37.5% throughput + 62.5% Jain fairness,deterministic,1701,980,305,274,0.061,0.0548,118731.59194946288,15,4,2.0
t0375_j0625,37.5% throughput + 62.5% Jain fairness,deterministic,1701,981,211,190,0.0422,0.038,167684.58947753906,0,7,1.0
t0375_j0625,37.5% throughput + 62.5% Jain fairness,deterministic,1701,982,238,215,0.0476,0.043,347556.83908081055,10,10,1.0
t0375_j0625,37.5% throughput + 62.5% Jain fairness,deterministic,1701,983,199,175,0.0398,0.035,101620.58711242676,10,5,1.0
t0375_j0625,37.5% throughput + 62.5% Jain fairness,deterministic,1701,984,468,410,0.0936,0.082,812169.9656982422,7,11,2.0
t0375_j0625,37.5% throughput + 62.5% Jain fairness,deterministic,1701,985,151,131,0.0302,0.0262,19100.487030029297,4,2,0.5
t0375_j0625,37.5% throughput + 62.5% Jain fairness,deterministic,1701,986,208,190,0.0416,0.038,167684.58947753906,14,7,1.0
t0375_j0625,37.5% throughput + 62.5% Jain fairness,deterministic,1701,987,180,158,0.036,0.0316,178927.32873535156,0,8,0.5
t0375_j0625,37.5% throughput + 62.5% Jain fairness,deterministic,1701,988,191,169,0.0382,0.0338,274573.8479003906,3,10,0.5
t0375_j0625,37.5% throughput + 62.5% Jain fairness,deterministic,1701,989,314,291,0.0628,0.0582,875028.248046875,17,14,1.0
t0375_j0625,37.5% throughput + 62.5% Jain fairness,deterministic,1701,990,272,238,0.0544,0.0476,26163.11624145508,4,1,2.0
t0375_j0625,37.5% throughput + 62.5% Jain fairness,deterministic,1701,991,179,157,0.0358,0.0314,179480.42712402344,11,8,0.5
t0375_j0625,37.5% throughput + 62.5% Jain fairness,deterministic,1701,992,1081,971,0.2162,0.1942,3200541.602783203,2,15,2.0
t0375_j0625,37.5% throughput + 62.5% Jain fairness,deterministic,1701,993,221,198,0.0442,0.0396,225111.04418945312,7,8,1.0
t0375_j0625,37.5% throughput + 62.5% Jain fairness,deterministic,1701,994,165,152,0.033,0.0304,132483.62603759766,28,7,0.5
t0375_j0625,37.5% throughput + 62.5% Jain fairness,deterministic,1701,995,241,222,0.0482,0.0444,434885.3362426758,17,11,1.0
t0375_j0625,37.5% throughput + 62.5% Jain fairness,deterministic,1701,996,157,147,0.0314,0.0294,101757.86700439452,6,6,0.5
t0375_j0625,37.5% throughput + 62.5% Jain fairness,deterministic,1701,997,280,254,0.056,0.0508,678375.3208007812,14,13,1.0
t0375_j0625,37.5% throughput + 62.5% Jain fairness,deterministic,1701,998,143,131,0.0286,0.0262,18795.69202423096,1,2,0.5
t0375_j0625,37.5% throughput + 62.5% Jain fairness,deterministic,1701,999,137,127,0.0274,0.0254,11684.284881591797,10,1,0.5
t0375_j0625,37.5% throughput + 62.5% Jain fairness,deterministic,1701,1000,214,190,0.0428,0.038,168751.28533935547,0,7,1.0
t0375_j0625,37.5% throughput + 62.5% Jain fairness,deterministic,1701,1001,214,198,0.0428,0.0396,222898.6506347656,19,8,1.0
t0375_j0625,37.5% throughput + 62.5% Jain fairness,deterministic,1701,1002,150,130,0.03,0.026,18829.558135986328,29,2,0.5
t0375_j0625,37.5% throughput + 62.5% Jain fairness,deterministic,1701,1003,201,184,0.0402,0.0368,360484.4233093262,4,11,0.5
t0375_j0625,37.5% throughput + 62.5% Jain fairness,deterministic,1701,1004,146,130,0.0292,0.026,19100.487030029297,22,2,0.5
t0375_j0625,37.5% throughput + 62.5% Jain fairness,deterministic,1701,1005,1080,966,0.216,0.1932,3183688.199157715,1,15,2.0
t0375_j0625,37.5% throughput + 62.5% Jain fairness,deterministic,1701,1006,206,182,0.0412,0.0364,134374.74591064453,2,6,1.0
t0375_j0625,37.5% throughput + 62.5% Jain fairness,deterministic,1701,1007,206,184,0.0412,0.0368,362884.45275878906,15,11,0.5
t0375_j0625,37.5% throughput + 62.5% Jain fairness,deterministic,1701,1008,208,198,0.0416,0.0396,221515.90466308597,22,8,1.0
t0375_j0625,37.5% throughput + 62.5% Jain fairness,deterministic,1701,1009,292,256,0.0584,0.0512,688831.9731445312,4,13,1.0
t0375_j0625,37.5% throughput + 62.5% Jain fairness,deterministic,1701,1010,315,287,0.063,0.0574,181193.81492614743,4,5,2.0
t0375_j0625,37.5% throughput + 62.5% Jain fairness,deterministic,1701,1011,318,292,0.0636,0.0584,881679.6452026367,2,14,1.0
t0375_j0625,37.5% throughput + 62.5% Jain fairness,deterministic,1701,1012,175,165,0.035,0.033,43139.419189453125,20,3,1.0
t0375_j0625,37.5% throughput + 62.5% Jain fairness,deterministic,1701,1013,264,238,0.0528,0.0476,26163.11624145508,4,1,2.0
t0375_j0625,37.5% throughput + 62.5% Jain fairness,deterministic,1701,1014,351,315,0.0702,0.063,1038490.6805419922,8,15,1.0
t0375_j0625,37.5% throughput + 62.5% Jain fairness,deterministic,1701,1015,872,788,0.1744,0.1576,2384895.402404785,1,14,2.0
t0375_j0625,37.5% throughput + 62.5% Jain fairness,deterministic,1701,1016,185,169,0.037,0.0338,67970.7942199707,26,4,1.0
t0375_j0625,37.5% throughput + 62.5% Jain fairness,deterministic,1701,1017,221,202,0.0442,0.0404,464574.7104492188,16,12,0.5
t0375_j0625,37.5% throughput + 62.5% Jain fairness,deterministic,1701,1018,232,205,0.0464,0.041,292731.6245727539,22,9,1.0
t0375_j0625,37.5% throughput + 62.5% Jain fairness,deterministic,1701,1019,186,162,0.0372,0.0324,232238.3909912109,28,9,0.5
t0375_j0625,37.5% throughput + 62.5% Jain fairness,deterministic,1701,1020,244,216,0.0488,0.0432,580997.7458496094,20,13,0.5
t0375_j0625,37.5% throughput + 62.5% Jain fairness,deterministic,1701,1021,357,315,0.0714,0.063,1040095.7666015624,11,15,1.0
t0375_j0625,37.5% throughput + 62.5% Jain fairness,deterministic,1701,1022,170,153,0.034,0.0306,133977.00024414062,1,7,0.5
t0375_j0625,37.5% throughput + 62.5% Jain fairness,deterministic,1701,1023,219,198,0.0438,0.0396,224281.3966064453,4,8,1.0
t0375_j0625,37.5% throughput + 62.5% Jain fairness,deterministic,1701,1024,180,163,0.036,0.0326,232238.3909912109,4,9,0.5
t0375_j0625,37.5% throughput + 62.5% Jain fairness,deterministic,1701,1025,275,249,0.055,0.0498,42095.57691192627,16,2,2.0
t0375_j0625,37.5% throughput + 62.5% Jain fairness,deterministic,1701,1026,153,142,0.0306,0.0284,73111.07077789307,32,5,0.5
t0375_j0625,37.5% throughput + 62.5% Jain fairness,deterministic,1701,1027,183,162,0.0366,0.0324,232238.3909912109,8,9,0.5
t0375_j0625,37.5% throughput + 62.5% Jain fairness,deterministic,1701,1028,180,163,0.036,0.0326,231890.72872924805,1,9,0.5
t0375_j0625,37.5% throughput + 62.5% Jain fairness,deterministic,1701,1029,343,316,0.0686,0.0632,329609.02130126953,8,7,2.0
t0375_j0625,37.5% throughput + 62.5% Jain fairness,deterministic,1701,1030,520,455,0.104,0.091,1060515.8135375977,3,12,2.0
t0375_j0625,37.5% throughput + 62.5% Jain fairness,deterministic,1701,1031,178,158,0.0356,0.0316,26110.772163391117,18,2,1.0
t0375_j0625,37.5% throughput + 62.5% Jain fairness,deterministic,1701,1032,164,147,0.0328,0.0294,102947.02404785156,2,6,0.5
t0375_j0625,37.5% throughput + 62.5% Jain fairness,deterministic,1701,1033,154,139,0.0308,0.0278,50500.04020690918,6,4,0.5
t0375_j0625,37.5% throughput + 62.5% Jain fairness,deterministic,1701,1034,351,316,0.0702,0.0632,1039293.2235717772,2,15,1.0
t0375_j0625,37.5% throughput + 62.5% Jain fairness,deterministic,1701,1035,196,175,0.0392,0.035,99719.95269012453,27,5,1.0
t0375_j0625,37.5% throughput + 62.5% Jain fairness,deterministic,1701,1036,207,190,0.0414,0.038,168111.26782226562,6,7,1.0
t0375_j0625,37.5% throughput + 62.5% Jain fairness,deterministic,1701,1037,775,701,0.155,0.1402,1875008.473388672,4,13,2.0
t0375_j0625,37.5% throughput + 62.5% Jain fairness,deterministic,1701,1038,168,157,0.0336,0.0314,176714.93518066406,28,8,0.5
t0375_j0625,37.5% throughput + 62.5% Jain fairness,deterministic,1701,1039,142,126,0.0284,0.0252,11794.306396484377,22,1,0.5
t0375_j0625,37.5% throughput + 62.5% Jain fairness,deterministic,1701,1040,143,131,0.0286,0.0262,18829.558135986328,9,2,0.5
t0375_j0625,37.5% throughput + 62.5% Jain fairness,deterministic,1701,1041,208,190,0.0416,0.038,168111.26782226562,9,7,1.0
t0375_j0625,37.5% throughput + 62.5% Jain fairness,deterministic,1701,1042,347,316,0.0694,0.0632,1036885.594482422,0,15,1.0
t0375_j0625,37.5% throughput + 62.5% Jain fairness,deterministic,1701,1043,209,190,0.0418,0.038,167897.92864990234,7,7,1.0
t0375_j0625,37.5% throughput + 62.5% Jain fairness,deterministic,1701,1044,879,787,0.1758,0.1574,2382678.2700195312,5,14,2.0
t0375_j0625,37.5% throughput + 62.5% Jain fairness,deterministic,1701,1045,184,168,0.0368,0.0336,271023.3240051269,26,10,0.5
t0375_j0625,37.5% throughput + 62.5% Jain fairness,deterministic,1701,1046,162,153,0.0324,0.0306,132270.28686523438,4,7,0.5
t0375_j0625,37.5% throughput + 62.5% Jain fairness,deterministic,1701,1047,258,233,0.0516,0.0466,538433.0685424805,9,12,1.0
t0375_j0625,37.5% throughput + 62.5% Jain fairness,deterministic,1701,1048,141,131,0.0282,0.0262,18727.95980072021,7,2,0.5
t0375_j0625,37.5% throughput + 62.5% Jain fairness,deterministic,1701,1049,202,181,0.0404,0.0362,134204.8663330078,24,6,1.0
t0375_j0625,37.5% throughput + 62.5% Jain fairness,deterministic,1701,1050,199,182,0.0398,0.0364,132506.07055664062,10,6,1.0
t0375_j0625,37.5% throughput + 62.5% Jain fairness,deterministic,1701,1051,157,138,0.0314,0.0276,50152.36351013184,29,4,0.5
t0375_j0625,37.5% throughput + 62.5% Jain fairness,deterministic,1701,1052,210,190,0.042,0.038,167471.25030517578,15,7,1.0
t0375_j0625,37.5% throughput + 62.5% Jain fairness,deterministic,1701,1053,277,256,0.0554,0.0512,682296.5654296875,4,13,1.0
t0375_j0625,37.5% throughput + 62.5% Jain fairness,deterministic,1701,1054,158,143,0.0316,0.0286,74378.16039276123,20,5,0.5
t0375_j0625,37.5% throughput + 62.5% Jain fairness,deterministic,1701,1055,213,198,0.0426,0.0396,223451.7490234375,21,8,1.0
t0375_j0625,37.5% throughput + 62.5% Jain fairness,deterministic,1701,1056,264,236,0.0528,0.0472,780071.8249511719,17,15,0.5
t0375_j0625,37.5% throughput + 62.5% Jain fairness,deterministic,1701,1057,190,168,0.038,0.0336,272601.33462524414,24,10,0.5
t0375_j0625,37.5% throughput + 62.5% Jain fairness,deterministic,1701,1058,168,152,0.0336,0.0304,132696.96520996094,30,7,0.5
t0375_j0625,37.5% throughput + 62.5% Jain fairness,deterministic,1701,1059,168,158,0.0336,0.0316,177268.03356933594,8,8,0.5
t0375_j0625,37.5% throughput + 62.5% Jain fairness,deterministic,1701,1060,245,222,0.049,0.0444,436325.3539123535,9,11,1.0
t0375_j0625,37.5% throughput + 62.5% Jain fairness,deterministic,1701,1061,225,203,0.045,0.0406,469085.14453125,8,12,0.5
t0375_j0625,37.5% throughput + 62.5% Jain fairness,deterministic,1701,1062,229,203,0.0458,0.0406,470776.5573120117,8,12,0.5
t0375_j0625,37.5% throughput + 62.5% Jain fairness,deterministic,1701,1063,257,221,0.0514,0.0442,437285.3656921387,17,11,1.0
t0375_j0625,37.5% throughput + 62.5% Jain fairness,deterministic,1701,1064,223,202,0.0446,0.0404,464574.7104492188,17,12,0.5
t0375_j0625,37.5% throughput + 62.5% Jain fairness,deterministic,1701,1065,191,162,0.0382,0.0324,234324.36456298828,8,9,0.5
t0375_j0625,37.5% throughput + 62.5% Jain fairness,deterministic,1701,1066,876,791,0.1752,0.1582,2395981.0643310547,2,14,2.0
t0375_j0625,37.5% throughput + 62.5% Jain fairness,deterministic,1701,1067,142,126,0.0284,0.0252,11662.28057861328,22,1,0.5
t0375_j0625,37.5% throughput + 62.5% Jain fairness,deterministic,1701,1068,144,126,0.0288,0.0252,11882.323608398438,8,1,0.5
t0375_j0625,37.5% throughput + 62.5% Jain fairness,deterministic,1701,1069,217,198,0.0434,0.0396,224557.94580078125,2,8,1.0
t0375_j0625,37.5% throughput + 62.5% Jain fairness,deterministic,1701,1070,239,214,0.0478,0.0428,347162.33642578125,13,10,1.0
t0375_j0625,37.5% throughput + 62.5% Jain fairness,deterministic,1701,1071,770,700,0.154,0.14,1873701.3918457031,6,13,2.0
t0375_j0625,37.5% throughput + 62.5% Jain fairness,deterministic,1701,1072,352,314,0.0704,0.0628,328755.6646118164,14,7,2.0
t0375_j0625,37.5% throughput + 62.5% Jain fairness,deterministic,1701,1073,175,158,0.035,0.0316,26313.96883392334,3,2,1.0
t0375_j0625,37.5% throughput + 62.5% Jain fairness,deterministic,1701,1074,249,221,0.0498,0.0442,436805.3598022461,19,11,1.0
t0375_j0625,37.5% throughput + 62.5% Jain fairness,deterministic,1701,1075,338,298,0.0676,0.0596,251761.5340576172,13,6,2.0
t0375_j0625,37.5% throughput + 62.5% Jain fairness,deterministic,1701,1076,168,151,0.0336,0.0302,16107.149780273438,19,1,1.0
t0375_j0625,37.5% throughput + 62.5% Jain fairness,deterministic,1701,1077,266,236,0.0532,0.0472,777664.1958618164,15,15,0.5
t0375_j0625,37.5% throughput + 62.5% Jain fairness,deterministic,1701,1078,298,275,0.0596,0.055,119166.18782043456,14,4,2.0
t0375_j0625,37.5% throughput + 62.5% Jain fairness,deterministic,1701,1079,194,176,0.0388,0.0352,100606.91542053224,6,5,1.0
t0375_j0625,37.5% throughput + 62.5% Jain fairness,deterministic,1701,1080,312,274,0.0624,0.0548,118992.3494720459,8,4,2.0
t0375_j0625,37.5% throughput + 62.5% Jain fairness,deterministic,1701,1081,222,203,0.0444,0.0406,468521.3402709961,14,12,0.5
t0375_j0625,37.5% throughput + 62.5% Jain fairness,deterministic,1701,1082,146,135,0.0292,0.027,31483.060974121094,5,3,0.5
t0375_j0625,37.5% throughput + 62.5% Jain fairness,deterministic,1701,1083,201,182,0.0402,0.0364,133185.5888671875,14,6,1.0
t0375_j0625,37.5% throughput + 62.5% Jain fairness,deterministic,1701,1084,499,456,0.0998,0.0912,1051494.9453735352,10,12,2.0
t0375_j0625,37.5% throughput + 62.5% Jain fairness,deterministic,1701,1085,232,206,0.0464,0.0412,294817.59814453125,0,9,1.0
t0375_j0625,37.5% throughput + 62.5% Jain fairness,deterministic,1701,1086,885,795,0.177,0.159,2409283.858642578,4,14,2.0
t0375_j0625,37.5% throughput + 62.5% Jain fairness,deterministic,1701,1087,141,130,0.0282,0.026,18761.825912475582,37,2,0.5
t0375_j0625,37.5% throughput + 62.5% Jain fairness,deterministic,1701,1088,322,291,0.0644,0.0582,880201.5569458008,12,14,1.0
t0375_j0625,37.5% throughput + 62.5% Jain fairness,deterministic,1701,1089,419,383,0.0838,0.0766,622919.6922912598,1,10,2.0
t0375_j0625,37.5% throughput + 62.5% Jain fairness,deterministic,1701,1090,251,222,0.0502,0.0444,437765.3715820313,7,11,1.0
t0375_j0625,37.5% throughput + 62.5% Jain fairness,deterministic,1701,1091,277,256,0.0554,0.0512,680989.4838867188,1,13,1.0
t0375_j0625,37.5% throughput + 62.5% Jain fairness,deterministic,1701,1092,347,316,0.0694,0.0632,1038490.6805419922,7,15,1.0
t0375_j0625,37.5% throughput + 62.5% Jain fairness,deterministic,1701,1093,880,794,0.176,0.1588,2404110.5497436523,1,14,2.0
t0375_j0625,37.5% throughput + 62.5% Jain fairness,deterministic,1701,1094,154,135,0.0308,0.027,31319.654083251957,2,3,0.5
t0375_j0625,37.5% throughput + 62.5% Jain fairness,deterministic,1701,1095,174,158,0.0348,0.0316,25907.575492858887,25,2,1.0
t0375_j0625,37.5% throughput + 62.5% Jain fairness,deterministic,1701,1096,228,206,0.0456,0.0412,293774.6113586426,5,9,1.0
t0375_j0625,37.5% throughput + 62.5% Jain fairness,deterministic,1701,1097,281,248,0.0562,0.0496,41960.11246490479,19,2,2.0
t0375_j0625,37.5% throughput + 62.5% Jain fairness,deterministic,1701,1098,196,181,0.0392,0.0362,133865.10717773438,25,6,1.0
t0375_j0625,37.5% throughput + 62.5% Jain fairness,deterministic,1701,1099,258,233,0.0516,0.0466,536177.8515014648,1,12,1.0
t0375_j0625,37.5% throughput + 62.5% Jain fairness,deterministic,1701,1100,348,314,0.0696,0.0628,326195.59454345703,13,7,2.0
t0375_j0625,37.5% throughput + 62.5% Jain fairness,deterministic,1701,1101,517,454,0.1034,0.0908,1056005.3794555664,10,12,2.0
t0375_j0625,37.5% throughput + 62.5% Jain fairness,deterministic,1701,1102,165,152,0.033,0.0304,132270.28686523438,30,7,0.5
t0375_j0625,37.5% throughput + 62.5% Jain fairness,deterministic,1701,1103,249,222,0.0498,0.0444,438725.3833618164,7,11,1.0
t0375_j0625,37.5% throughput + 62.5% Jain fairness,deterministic,1701,1104,229,206,0.0458,0.0412,294469.9358825684,3,9,1.0
t0375_j0625,37.5% throughput + 62.5% Jain fairness,deterministic,1701,1105,229,197,0.0458,0.0394,226493.7901611328,13,8,1.0
t0375_j0625,37.5% throughput + 62.5% Jain fairness,deterministic,1701,1106,135,131,0.027,0.0262,18524.76313018799,14,2,0.5
t0375_j0625,37.5% throughput + 62.5% Jain fairness,deterministic,1701,1107,149,130,0.0298,0.026,19100.487030029297,28,2,0.5
t0375_j0625,37.5% throughput + 62.5% Jain fairness,deterministic,1701,1108,202,181,0.0404,0.0362,133015.70928955078,23,6,1.0
t0375_j0625,37.5% throughput + 62.5% Jain fairness,deterministic,1701,1109,206,182,0.0412,0.0364,133525.34802246094,6,6,1.0
t0375_j0625,37.5% throughput + 62.5% Jain fairness,deterministic,1701,1110,220,202,0.044,0.0404,464574.7104492188,15,12,0.5
t0375_j0625,37.5% throughput + 62.5% Jain fairness,deterministic,1701,1111,175,158,0.035,0.0316,26110.772163391117,21,2,1.0
t0375_j0625,37.5% throughput + 62.5% Jain fairness,deterministic,1701,1112,173,151,0.0346,0.0302,16261.179901123049,12,1,1.0
t0375_j0625,37.5% throughput + 62.5% Jain fairness,deterministic,1701,1113,230,203,0.046,0.0406,470212.7530517578,10,12,0.5
t0375_j0625,37.5% throughput + 62.5% Jain fairness,deterministic,1701,1114,311,287,0.0622,0.0574,180940.39700317383,7,5,2.0
t0375_j0625,37.5% throughput + 62.5% Jain fairness,deterministic,1701,1115,196,170,0.0392,0.034,69622.25852966309,3,4,1.0
t0375_j0625,37.5% throughput + 62.5% Jain fairness,deterministic,1701,1116,188,161,0.0376,0.0322,231195.40420532227,29,9,0.5
t0375_j0625,37.5% throughput + 62.5% Jain fairness,deterministic,1701,1117,333,298,0.0666,0.0596,251421.77490234372,10,6,2.0
t0375_j0625,37.5% throughput + 62.5% Jain fairness,deterministic,1701,1118,210,183,0.042,0.0366,363364.4586486816,20,11,0.5
t0375_j0625,37.5% throughput + 62.5% Jain fairness,deterministic,1701,1119,215,198,0.043,0.0396,224004.84741210935,21,8,1.0
t0375_j0625,37.5% throughput + 62.5% Jain fairness,deterministic,1701,1120,192,182,0.0384,0.0364,132675.95013427734,22,6,1.0
t0375_j0625,37.5% throughput + 62.5% Jain fairness,deterministic,1701,1121,260,236,0.052,0.0472,774454.0237426758,11,15,0.5
t0375_j0625,37.5% throughput + 62.5% Jain fairness,deterministic,1701,1122,374,334,0.0748,0.0668,430587.0955810547,5,8,2.0
t0375_j0625,37.5% throughput + 62.5% Jain fairness,deterministic,1701,1123,374,333,0.0748,0.0666,428374.7020263672,10,8,2.0
t0375_j0625,37.5% throughput + 62.5% Jain fairness,deterministic,1701,1124,222,206,0.0444,0.0412,291688.63778686523,12,9,1.0
t0375_j0625,37.5% throughput + 62.5% Jain fairness,deterministic,1701,1125,154,139,0.0308,0.0278,50152.36351013184,3,4,0.5
t0375_j0625,37.5% throughput + 62.5% Jain fairness,deterministic,1701,1126,185,169,0.037,0.0338,272206.83197021484,3,10,0.5
t0375_j0625,37.5% throughput + 62.5% Jain fairness,deterministic,1701,1127,505,455,0.101,0.091,1052622.553894043,5,12,2.0
t0375_j0625,37.5% throughput + 62.5% Jain fairness,deterministic,1701,1128,781,701,0.1562,0.1402,1878276.1772460935,0,13,2.0
t0375_j0625,37.5% throughput + 62.5% Jain fairness,deterministic,1701,1129,207,190,0.0414,0.038,167897.92864990234,1,7,1.0
t0375_j0625,37.5% throughput + 62.5% Jain fairness,deterministic,1701,1130,246,226,0.0492,0.0452,681398.6864013672,21,14,0.5
t0375_j0625,37.5% throughput + 62.5% Jain fairness,deterministic,1701,1131,284,256,0.0568,0.0512,685564.2692871094,3,13,1.0
t0375_j0625,37.5% throughput + 62.5% Jain fairness,deterministic,1701,1132,150,139,0.03,0.0278,49978.52516174317,26,4,0.5
t0375_j0625,37.5% throughput + 62.5% Jain fairness,deterministic,1701,1133,268,237,0.0536,0.0474,26053.0947265625,16,1,2.0
t0375_j0625,37.5% throughput + 62.5% Jain fairness,deterministic,1701,1134,259,236,0.0518,0.0472,773651.4807128906,9,15,0.5
t0375_j0625,37.5% throughput + 62.5% Jain fairness,deterministic,1701,1135,371,334,0.0742,0.0668,433076.0383300781,5,8,2.0
t0375_j0625,37.5% throughput + 62.5% Jain fairness,deterministic,1701,1136,253,226,0.0506,0.0452,686571.995300293,5,14,0.5
t0375_j0625,37.5% throughput + 62.5% Jain fairness,deterministic,1701,1137,264,237,0.0528,0.0474,26053.0947265625,17,1,2.0
t0375_j0625,37.5% throughput + 62.5% Jain fairness,deterministic,1701,1138,240,214,0.048,0.0428,345978.82846069336,21,10,1.0
t0375_j0625,37.5% throughput + 62.5% Jain fairness,deterministic,1701,1139,137,126,0.0274,0.0252,11640.276275634766,21,1,0.5
t0375_j0625,37.5% throughput + 62.5% Jain fairness,deterministic,1701,1140,149,135,0.0298,0.027,31210.71615600586,5,3,0.5
t0375_j0625,37.5% throughput + 62.5% Jain fairness,deterministic,1701,1141,211,189,0.0422,0.0378,168324.6069946289,20,7,1.0
t0375_j0625,37.5% throughput + 62.5% Jain fairness,deterministic,1701,1142,506,455,0.1012,0.091,1054877.7709350586,10,12,2.0
t0375_j0625,37.5% throughput + 62.5% Jain fairness,deterministic,1701,1143,259,237,0.0518,0.0474,776861.6528320312,6,15,0.5
t0375_j0625,37.5% throughput + 62.5% Jain fairness,deterministic,1701,1144,216,202,0.0432,0.0404,463447.1019287109,21,12,0.5
t0375_j0625,37.5% throughput + 62.5% Jain fairness,deterministic,1701,1145,384,357,0.0768,0.0714,539224.1683044434,13,9,2.0
t0375_j0625,37.5% throughput + 62.5% Jain fairness,deterministic,1701,1146,1044,960,0.2088,0.192,3140350.8755493164,4,15,2.0
t0375_j0625,37.5% throughput + 62.5% Jain fairness,deterministic,1701,1147,199,183,0.0398,0.0366,358084.3938598633,20,11,0.5
t0375_j0625,37.5% throughput + 62.5% Jain fairness,deterministic,1701,1148,209,189,0.0418,0.0378,168537.9461669922,17,7,1.0
t0375_j0625,37.5% throughput + 62.5% Jain fairness,deterministic,1701,1149,877,788,0.1754,0.1576,2390068.711303711,3,14,2.0
t0375_j0625,37.5% throughput + 62.5% Jain fairness,deterministic,1701,1150,221,198,0.0442,0.0396,225940.6917724609,2,8,1.0
t0375_j0625,37.5% throughput + 62.5% Jain fairness,deterministic,1701,1151,504,455,0.1008,0.091,1051494.9453735352,7,12,2.0
t0375_j0625,37.5% throughput + 62.5% Jain fairness,deterministic,1701,1152,779,700,0.1558,0.14,1876315.5549316409,0,13,2.0
t0375_j0625,37.5% throughput + 62.5% Jain fairness,deterministic,1701,1153,188,168,0.0376,0.0336,272206.83197021484,25,10,0.5
t0375_j0625,37.5% throughput + 62.5% Jain fairness,deterministic,1701,1154,428,382,0.0856,0.0764,625286.7082214355,10,10,2.0
t0375_j0625,37.5% throughput + 62.5% Jain fairness,deterministic,1701,1155,233,206,0.0466,0.0412,294469.9358825684,4,9,1.0
t0375_j0625,37.5% throughput + 62.5% Jain fairness,deterministic,1701,1156,190,164,0.038,0.0328,42758.1364440918,25,3,1.0
t0375_j0625,37.5% throughput + 62.5% Jain fairness,deterministic,1701,1157,159,143,0.0318,0.0286,74631.57831573486,6,5,0.5
t0375_j0625,37.5% throughput + 62.5% Jain fairness,deterministic,1701,1158,260,238,0.052,0.0476,26185.120544433597,9,1,2.0
t0375_j0625,37.5% throughput + 62.5% Jain fairness,deterministic,1701,1159,191,170,0.0382,0.034,69013.82431030273,0,4,1.0
t0375_j0625,37.5% throughput + 62.5% Jain fairness,deterministic,1701,1160,147,139,0.0294,0.0278,49283.17176818848,29,4,0.5
t0375_j0625,37.5% throughput + 62.5% Jain fairness,deterministic,1701,1161,145,130,0.029,0.026,18965.02258300781,30,2,0.5
t0375_j0625,37.5% throughput + 62.5% Jain fairness,deterministic,1701,1162,422,382,0.0844,0.0764,625286.7082214355,10,10,2.0
t0375_j0625,37.5% throughput + 62.5% Jain fairness,deterministic,1701,1163,165,152,0.033,0.0304,132483.62603759766,30,7,0.5
t0375_j0625,37.5% throughput + 62.5% Jain fairness,deterministic,1701,1164,217,198,0.0434,0.0396,224557.94580078125,5,8,1.0
t0375_j0625,37.5% throughput + 62.5% Jain fairness,deterministic,1701,1165,281,249,0.0562,0.0498,42027.84468841553,11,2,2.0
t0375_j0625,37.5% throughput + 62.5% Jain fairness,deterministic,1701,1166,255,221,0.051,0.0442,438725.3833618164,19,11,1.0
t0375_j0625,37.5% throughput + 62.5% Jain fairness,deterministic,1701,1167,156,139,0.0312,0.0278,50239.28268432617,1,4,0.5
t0375_j0625,37.5% throughput + 62.5% Jain fairness,deterministic,1701,1168,287,256,0.0574,0.0512,688831.9731445312,16,13,1.0
t0375_j0625,37.5% throughput + 62.5% Jain fairness,deterministic,1701,1169,264,238,0.0528,0.0476,26163.11624145508,6,1,2.0
t0375_j0625,37.5% throughput + 62.5% Jain fairness,deterministic,1701,1170,214,202,0.0428,0.0404,462319.4934082031,15,12,0.5
t0375_j0625,37.5% throughput + 62.5% Jain fairness,deterministic,1701,1171,166,151,0.0332,0.0302,15953.119659423828,27,1,1.0
t0375_j0625,37.5% throughput + 62.5% Jain fairness,deterministic,1701,1172,199,175,0.0398,0.035,99846.66165161131,19,5,1.0
t0375_j0625,37.5% throughput + 62.5% Jain fairness,deterministic,1701,1173,211,189,0.0422,0.0378,168537.9461669922,23,7,1.0
t0375_j0625,37.5% throughput + 62.5% Jain fairness,deterministic,1701,1174,343,316,0.0686,0.0632,1034477.9653930664,6,15,1.0
t0375_j0625,37.5% throughput + 62.5% Jain fairness,deterministic,1701,1175,228,203,0.0456,0.0406,470776.5573120117,12,12,0.5
t0375_j0625,37.5% throughput + 62.5% Jain fairness,deterministic,1701,1176,158,139,0.0316,0.0278,50326.20185852051,22,4,0.5
t0375_j0625,37.5% throughput + 62.5% Jain fairness,deterministic,1701,1177,170,152,0.034,0.0304,132910.30438232422,15,7,0.5
t0375_j0625,37.5% throughput + 62.5% Jain fairness,deterministic,1701,1178,210,190,0.042,0.038,168111.26782226562,0,7,1.0
t0375_j0625,37.5% throughput + 62.5% Jain fairness,deterministic,1701,1179,183,165,0.0366,0.033,43193.88815307617,12,3,1.0
t0375_j0625,37.5% throughput + 62.5% Jain fairness,deterministic,1701,1180,170,152,0.034,0.0304,133550.32189941406,12,7,0.5
t0375_j0625,37.5% throughput + 62.5% Jain fairness,deterministic,1701,1181,192,176,0.0384,0.0352,99719.95269012453,3,5,1.0
t0375_j0625,37.5% throughput + 62.5% Jain fairness,deterministic,1701,1182,209,189,0.0418,0.0378,168111.26782226562,16,7,1.0
t0375_j0625,37.5% throughput + 62.5% Jain fairness,deterministic,1701,1183,182,152,0.0364,0.0304,135043.69610595703,4,7,0.5
t0375_j0625,37.5% throughput + 62.5% Jain fairness,deterministic,1701,1184,185,168,0.037,0.0336,271812.32931518555,28,10,0.5
t0375_j0625,37.5% throughput + 62.5% Jain fairness,deterministic,1701,1185,231,206,0.0462,0.0412,293774.6113586426,8,9,1.0
t0375_j0625,37.5% throughput + 62.5% Jain fairness,deterministic,1701,1186,374,334,0.0748,0.0668,433352.58752441406,0,8,2.0
t0375_j0625,37.5% throughput + 62.5% Jain fairness,deterministic,1701,1187,180,162,0.036,0.0324,230500.07968139648,12,9,0.5
t0375_j0625,37.5% throughput + 62.5% Jain fairness,deterministic,1701,1188,223,198,0.0446,0.0396,225387.59338378903,1,8,1.0
t0375_j0625,37.5% throughput + 62.5% Jain fairness,deterministic,1701,1189,236,217,0.0472,0.0434,579690.6643066406,17,13,0.5
t0375_j0625,37.5% throughput + 62.5% Jain fairness,deterministic,1701,1190,165,153,0.033,0.0306,132910.30438232422,8,7,0.5
t0375_j0625,37.5% throughput + 62.5% Jain fairness,deterministic,1701,1191,158,139,0.0316,0.0278,50500.04020690918,10,4,0.5
t0375_j0625,37.5% throughput + 62.5% Jain fairness,deterministic,1701,1192,404,356,0.0808,0.0712,543048.4531860352,5,9,2.0
t0375_j0625,37.5% throughput + 62.5% Jain fairness,deterministic,1701,1193,203,184,0.0406,0.0368,361924.4409790039,1,11,0.5
t0375_j0625,37.5% throughput + 62.5% Jain fairness,deterministic,1701,1194,254,216,0.0508,0.0432,586226.0720214844,1,13,0.5
t0375_j0625,37.5% throughput + 62.5% Jain fairness,deterministic,1701,1195,146,131,0.0292,0.0262,18761.825912475582,2,2,0.5
t0375_j0625,37.5% throughput + 62.5% Jain fairness,deterministic,1701,1196,173,151,0.0346,0.0302,16041.13687133789,19,1,1.0
t0375_j0625,37.5% throughput + 62.5% Jain fairness,deterministic,1701,1197,176,162,0.0352,0.0324,230152.4174194336,23,9,0.5
t0375_j0625,37.5% throughput + 62.5% Jain fairness,deterministic,1701,1198,207,190,0.0414,0.038,167471.25030517578,6,7,1.0
t0375_j0625,37.5% throughput + 62.5% Jain fairness,deterministic,1701,1199,261,232,0.0522,0.0464,537305.4600219727,16,12,1.0
t0375_j0625,37.5% throughput + 62.5% Jain fairness,stochastic,1701,0,317,289,0.0634,0.0578,487605.2816162109,7,10,2.0
t0375_j0625,37.5% throughput + 62.5% Jain fairness,stochastic,1701,1,317,286,0.0634,0.0572,803855.1489257812,29,13,2.0
t0375_j0625,37.5% throughput + 62.5% Jain fairness,stochastic,1701,2,306,278,0.0612,0.0556,769217.4880371094,8,13,0.5
t0375_j0625,37.5% throughput + 62.5% Jain fairness,stochastic,1701,3,257,242,0.0514,0.0484,773779.2024536133,23,14,0.5
t0375_j0625,37.5% throughput + 62.5% Jain fairness,stochastic,1701,4,203,182,0.0406,0.0364,17141.352020263672,30,1,0.5
t0375_j0625,37.5% throughput + 62.5% Jain fairness,stochastic,1701,5,268,236,0.0536,0.0472,126582.2525253296,6,5,1.0
t0375_j0625,37.5% throughput + 62.5% Jain fairness,stochastic,1701,6,231,205,0.0462,0.041,47496.93627929688,32,3,0.5
t0375_j0625,37.5% throughput + 62.5% Jain fairness,stochastic,1701,7,266,243,0.0532,0.0486,826619.3206787109,6,15,0.5
t0375_j0625,37.5% throughput + 62.5% Jain fairness,stochastic,1701,8,267,236,0.0534,0.0472,350443.5600585937,17,9,1.0
t0375_j0625,37.5% throughput + 62.5% Jain fairness,stochastic,1701,9,275,251,0.055,0.0502,58663.073822021484,0,3,2.0
t0375_j0625,37.5% throughput + 62.5% Jain fairness,stochastic,1701,10,323,281,0.0646,0.0562,329923.18884277344,32,8,2.0
t0375_j0625,37.5% throughput + 62.5% Jain fairness,stochastic,1701,11,268,243,0.0536,0.0486,286781.5145263672,17,8,0.5
t0375_j0625,37.5% throughput + 62.5% Jain fairness,stochastic,1701,12,245,220,0.049,0.044,328540.83755493164,24,9,1.0
t0375_j0625,37.5% throughput + 62.5% Jain fairness,stochastic,1701,13,215,190,0.043,0.038,17977.515533447266,0,1,0.5
t0375_j0625,37.5% throughput + 62.5% Jain fairness,stochastic,1701,14,304,280,0.0608,0.056,668671.8526611328,11,12,1.0
t0375_j0625,37.5% throughput + 62.5% Jain fairness,stochastic,1701,15,240,212,0.048,0.0424,351501.8656311035,5,10,0.5
t0375_j0625,37.5% throughput + 62.5% Jain fairness,stochastic,1701,16,238,211,0.0476,0.0422,258573.4967041016,12,8,1.0
t0375_j0625,37.5% throughput + 62.5% Jain fairness,stochastic,1701,17,244,221,0.0488,0.0442,160536.20086669922,13,6,1.0
t0375_j0625,37.5% throughput + 62.5% Jain fairness,stochastic,1701,18,328,304,0.0656,0.0608,358407.755859375,3,8,2.0
t0375_j0625,37.5% throughput + 62.5% Jain fairness,stochastic,1701,19,308,279,0.0616,0.0558,880940.6010742188,1,14,1.0
t0375_j0625,37.5% throughput + 62.5% Jain fairness,stochastic,1701,20,304,266,0.0608,0.0532,838076.0416259766,10,14,1.0
t0375_j0625,37.5% throughput + 62.5% Jain fairness,stochastic,1701,21,262,237,0.0524,0.0474,667265.1276855469,10,13,0.5
t0375_j0625,37.5% throughput + 62.5% Jain fairness,stochastic,1701,22,222,198,0.0444,0.0396,45917.33633422852,3,3,0.5
t0375_j0625,37.5% throughput + 62.5% Jain fairness,stochastic,1701,23,246,221,0.0492,0.0442,20640.036193847656,8,1,1.0
t0375_j0625,37.5% throughput + 62.5% Jain fairness,stochastic,1701,24,296,264,0.0592,0.0528,38675.09962463379,67,2,2.0
t0375_j0625,37.5% throughput + 62.5% Jain fairness,stochastic,1701,25,231,208,0.0462,0.0416,77705.74172973633,1,4,0.5
t0375_j0625,37.5% throughput + 62.5% Jain fairness,stochastic,1701,26,300,267,0.06,0.0534,896440.5642700195,20,15,1.0
t0375_j0625,37.5% throughput + 62.5% Jain fairness,stochastic,1701,27,297,271,0.0594,0.0542,201986.8178100586,12,6,2.0
t0375_j0625,37.5% throughput + 62.5% Jain fairness,stochastic,1701,28,228,205,0.0456,0.041,48150.56384277344,8,3,0.5
t0375_j0625,37.5% throughput + 62.5% Jain fairness,stochastic,1701,29,204,184,0.0408,0.0368,42703.66748046875,21,3,0.5
t0375_j0625,37.5% throughput + 62.5% Jain fairness,stochastic,1701,30,251,222,0.0502,0.0444,32206.67227935791,7,2,1.0
t0375_j0625,37.5% throughput + 62.5% Jain fairness,stochastic,1701,31,244,219,0.0488,0.0438,31698.680603027344,6,2,1.0
t0375_j0625,37.5% throughput + 62.5% Jain fairness,stochastic,1701,32,250,222,0.05,0.0444,32748.530067443848,43,2,1.0
t0375_j0625,37.5% throughput + 62.5% Jain fairness,stochastic,1701,33,254,240,0.0508,0.048,171068.73468017578,7,6,1.0
t0375_j0625,37.5% throughput + 62.5% Jain fairness,stochastic,1701,34,301,270,0.0602,0.054,752878.96875,23,13,1.0
t0375_j0625,37.5% throughput + 62.5% Jain fairness,stochastic,1701,35,228,204,0.0456,0.0408,19275.769409179688,5,1,0.5
t0375_j0625,37.5% throughput + 62.5% Jain fairness,stochastic,1701,36,297,270,0.0594,0.054,921319.3981933594,0,15,1.0
t0375_j0625,37.5% throughput + 62.5% Jain fairness,stochastic,1701,37,224,196,0.0448,0.0392,228706.1837158203,16,8,0.5
t0375_j0625,37.5% throughput + 62.5% Jain fairness,stochastic,1701,38,228,207,0.0456,0.0414,30039.24112701416,43,2,1.0
t0375_j0625,37.5% throughput + 62.5% Jain fairness,stochastic,1701,39,243,219,0.0486,0.0438,370832.4957275391,44,10,0.5
t0375_j0625,37.5% throughput + 62.5% Jain fairness,stochastic,1701,40,258,236,0.0516,0.0472,575080.3454589844,23,12,0.5
t0375_j0625,37.5% throughput + 62.5% Jain fairness,stochastic,1701,41,241,223,0.0482,0.0446,205445.62298583984,23,7,1.0
t0375_j0625,37.5% throughput + 62.5% Jain fairness,stochastic,1701,42,227,207,0.0454,0.0414,239768.1514892578,28,8,0.5
t0375_j0625,37.5% throughput + 62.5% Jain fairness,stochastic,1701,43,327,292,0.0654,0.0584,348451.98486328125,38,8,2.0
t0375_j0625,37.5% throughput + 62.5% Jain fairness,stochastic,1701,44,276,246,0.0552,0.0492,765649.7170410156,28,14,0.5
t0375_j0625,37.5% throughput + 62.5% Jain fairness,stochastic,1701,45,349,318,0.0698,0.0636,896657.9384765625,7,13,2.0
t0375_j0625,37.5% throughput + 62.5% Jain fairness,stochastic,1701,46,225,206,0.045,0.0412,146266.31634521484,14,6,0.5
t0375_j0625,37.5% throughput + 62.5% Jain fairness,stochastic,1701,47,270,241,0.054,0.0482,354615.50720214844,27,9,0.5
t0375_j0625,37.5% throughput + 62.5% Jain fairness,stochastic,1701,48,272,246,0.0544,0.0492,499206.1254882813,1,11,1.0
t0375_j0625,37.5% throughput + 62.5% Jain fairness,stochastic,1701,49,361,323,0.0722,0.0646,1125165.327758789,8,15,2.0
t0375_j0625,37.5% throughput + 62.5% Jain fairness,stochastic,1701,50,251,225,0.0502,0.045,202672.2137451172,12,7,1.0
t0375_j0625,37.5% throughput + 62.5% Jain fairness,stochastic,1701,51,364,324,0.0728,0.0648,1041313.176940918,8,14,2.0
t0375_j0625,37.5% throughput + 62.5% Jain fairness,stochastic,1701,52,271,247,0.0542,0.0494,788560.0850219727,2,14,0.5
t0375_j0625,37.5% throughput + 62.5% Jain fairness,stochastic,1701,53,268,242,0.0536,0.0484,285675.31774902344,86,8,1.0
t0375_j0625,37.5% throughput + 62.5% Jain fairness,stochastic,1701,54,218,198,0.0436,0.0396,18901.69625854492,49,1,0.5
t0375_j0625,37.5% throughput + 62.5% Jain fairness,stochastic,1701,55,241,214,0.0482,0.0428,514189.4853515625,0,12,0.5
t0375_j0625,37.5% throughput + 62.5% Jain fairness,stochastic,1701,56,269,239,0.0538,0.0478,494406.06658935547,5,11,1.0
t0375_j0625,37.5% throughput + 62.5% Jain fairness,stochastic,1701,57,213,193,0.0426,0.0386,45427.11566162109,24,3,0.5
t0375_j0625,37.5% throughput + 62.5% Jain fairness,stochastic,1701,58,248,219,0.0496,0.0438,320544.6055297852,32,9,0.5
t0375_j0625,37.5% throughput + 62.5% Jain fairness,stochastic,1701,59,246,223,0.0492,0.0446,118472.87899017334,17,5,0.5
t0375_j0625,37.5% throughput + 62.5% Jain fairness,stochastic,1701,60,282,248,0.0564,0.0496,289270.4572753906,33,8,1.0
t0375_j0625,37.5% throughput + 62.5% Jain fairness,stochastic,1701,61,274,254,0.0548,0.0508,37218.85681915283,14,2,2.0
t0375_j0625,37.5% throughput + 62.5% Jain fairness,stochastic,1701,62,293,256,0.0586,0.0512,308352.3516845703,1,8,1.0
t0375_j0625,37.5% throughput + 62.5% Jain fairness,stochastic,1701,63,275,246,0.055,0.0492,135325.17086791992,1,5,1.0
t0375_j0625,37.5% throughput + 62.5% Jain fairness,stochastic,1701,64,231,211,0.0462,0.0422,187951.8108520508,2,7,0.5
t0375_j0625,37.5% throughput + 62.5% Jain fairness,stochastic,1701,65,222,196,0.0444,0.0392,18329.58438110352,1,1,0.5
t0375_j0625,37.5% throughput + 62.5% Jain fairness,stochastic,1701,66,281,240,0.0562,0.048,502566.1667175293,18,11,1.0
t0375_j0625,37.5% throughput + 62.5% Jain fairness,stochastic,1701,67,234,216,0.0468,0.0432,158327.76635742188,37,6,0.5
t0375_j0625,37.5% throughput + 62.5% Jain fairness,stochastic,1701,68,301,278,0.0602,0.0556,473403.18603515625,18,10,2.0
t0375_j0625,37.5% throughput + 62.5% Jain fairness,stochastic,1701,69,227,204,0.0454,0.0408,236173.01196289065,3,8,0.5
t0375_j0625,37.5% throughput + 62.5% Jain fairness,stochastic,1701,70,315,294,0.063,0.0588,438054.4500732422,15,9,2.0
t0375_j0625,37.5% throughput + 62.5% Jain fairness,stochastic,1701,71,365,330,0.073,0.066,1140413.645324707,0,15,2.0
t0375_j0625,37.5% throughput + 62.5% Jain fairness,stochastic,1701,72,320,295,0.064,0.059,437011.4632873535,31,9,2.0
t0375_j0625,37.5% throughput + 62.5% Jain fairness,stochastic,1701,73,204,179,0.0408,0.0358,25772.1110458374,50,2,0.5
t0375_j0625,37.5% throughput + 62.5% Jain fairness,stochastic,1701,74,225,204,0.045,0.0408,29328.052780151367,13,2,0.5
t0375_j0625,37.5% throughput + 62.5% Jain fairness,stochastic,1701,75,284,250,0.0568,0.05,418567.316986084,10,10,1.0
t0375_j0625,37.5% throughput + 62.5% Jain fairness,stochastic,1701,76,267,236,0.0534,0.0472,170559.09594726562,8,6,1.0
t0375_j0625,37.5% throughput + 62.5% Jain fairness,stochastic,1701,77,260,228,0.052,0.0456,203952.24877929688,47,7,1.0
t0375_j0625,37.5% throughput + 62.5% Jain fairness,stochastic,1701,78,256,223,0.0512,0.0446,331322.1356506348,12,9,1.0
t0375_j0625,37.5% throughput + 62.5% Jain fairness,stochastic,1701,79,252,223,0.0504,0.0446,200538.8220214844,24,7,1.0
t0375_j0625,37.5% throughput + 62.5% Jain fairness,stochastic,1701,80,234,207,0.0468,0.0414,146436.19592285156,32,6,0.5
t0375_j0625,37.5% throughput + 62.5% Jain fairness,stochastic,1701,81,315,290,0.063,0.058,922327.072265625,5,14,1.0
t0375_j0625,37.5% throughput + 62.5% Jain fairness,stochastic,1701,82,321,284,0.0642,0.0568,585127.1797790527,6,11,2.0
t0375_j0625,37.5% throughput + 62.5% Jain fairness,stochastic,1701,83,323,296,0.0646,0.0592,820193.6682128906,0,13,2.0
t0375_j0625,37.5% throughput + 62.5% Jain fairness,stochastic,1701,84,230,200,0.046,0.04,107829.32622528076,2,5,0.5
t0375_j0625,37.5% throughput + 62.5% Jain fairness,stochastic,1701,85,205,190,0.041,0.038,101747.29607391356,32,5,0.5
t0375_j0625,37.5% throughput + 62.5% Jain fairness,stochastic,1701,86,348,310,0.0696,0.062,991058.176208496,34,14,2.0
t0375_j0625,37.5% throughput + 62.5% Jain fairness,stochastic,1701,87,235,213,0.047,0.0426,150343.4262084961,55,6,0.5
t0375_j0625,37.5% throughput + 62.5% Jain fairness,stochastic,1701,88,309,278,0.0618,0.0556,103086.14059448242,20,4,2.0
t0375_j0625,37.5% throughput + 62.5% Jain fairness,stochastic,1701,89,247,223,0.0494,0.0446,161385.5987548828,37,6,1.0
t0375_j0625,37.5% throughput + 62.5% Jain fairness,stochastic,1701,90,268,225,0.0536,0.045,267423.0709228516,1,8,1.0
t0375_j0625,37.5% throughput + 62.5% Jain fairness,stochastic,1701,91,254,231,0.0508,0.0462,341752.0035095215,41,9,0.5
t0375_j0625,37.5% throughput + 62.5% Jain fairness,stochastic,1701,92,243,219,0.0486,0.0438,197125.39526367188,4,7,0.5
t0375_j0625,37.5% throughput + 62.5% Jain fairness,stochastic,1701,93,218,193,0.0436,0.0386,27702.479415893555,33,2,0.5
t0375_j0625,37.5% throughput + 62.5% Jain fairness,stochastic,1701,94,308,277,0.0616,0.0554,334071.4267578125,28,8,2.0
t0375_j0625,37.5% throughput + 62.5% Jain fairness,stochastic,1701,95,242,222,0.0484,0.0444,160196.44171142578,26,6,0.5
t0375_j0625,37.5% throughput + 62.5% Jain fairness,stochastic,1701,96,294,267,0.0588,0.0534,844727.4387817383,8,14,1.0
t0375_j0625,37.5% throughput + 62.5% Jain fairness,stochastic,1701,97,211,195,0.0422,0.039,71708.31871032715,33,4,0.5
t0375_j0625,37.5% throughput + 62.5% Jain fairness,stochastic,1701,98,224,201,0.0448,0.0402,144907.2797241211,15,6,1.0
t0375_j0625,37.5% throughput + 62.5% Jain fairness,stochastic,1701,99,217,200,0.0434,0.04,18549.627410888672,7,1,0.5
t0375_j0625,37.5% throughput + 62.5% Jain fairness,stochastic,1701,100,293,265,0.0586,0.053,922121.9412231444,7,15,1.0
t0375_j0625,37.5% throughput + 62.5% Jain fairness,stochastic,1701,101,318,279,0.0636,0.0558,473797.6886901856,1,10,2.0
t0375_j0625,37.5% throughput + 62.5% Jain fairness,stochastic,1701,102,292,258,0.0584,0.0516,96393.36418151855,3,4,2.0
t0375_j0625,37.5% throughput + 62.5% Jain fairness,stochastic,1701,103,255,232,0.051,0.0464,85615.3865814209,22,4,1.0
t0375_j0625,37.5% throughput + 62.5% Jain fairness,stochastic,1701,104,258,231,0.0516,0.0462,345923.9506530762,2,9,1.0
t0375_j0625,37.5% throughput + 62.5% Jain fairness,stochastic,1701,105,265,240,0.053,0.048,482405.919342041,9,11,0.5
t0375_j0625,37.5% throughput + 62.5% Jain fairness,stochastic,1701,106,297,266,0.0594,0.0532,745690.0202636719,2,13,1.0
t0375_j0625,37.5% throughput + 62.5% Jain fairness,stochastic,1701,107,252,228,0.0504,0.0456,84398.5181427002,52,4,0.5
t0375_j0625,37.5% throughput + 62.5% Jain fairness,stochastic,1701,108,264,232,0.0528,0.0464,394108.1523742676,1,10,1.0
t0375_j0625,37.5% throughput + 62.5% Jain fairness,stochastic,1701,109,250,226,0.05,0.0452,119486.55068206789,22,5,0.5
t0375_j0625,37.5% throughput + 62.5% Jain fairness,stochastic,1701,110,298,272,0.0596,0.0544,666416.6356201172,1,12,1.0
t0375_j0625,37.5% throughput + 62.5% Jain fairness,stochastic,1701,111,289,260,0.0578,0.052,890020.2200317383,15,15,1.0
t0375_j0625,37.5% throughput + 62.5% Jain fairness,stochastic,1701,112,221,200,0.0442,0.04,107322.4903793335,9,5,0.5
t0375_j0625,37.5% throughput + 62.5% Jain fairness,stochastic,1701,113,262,232,0.0524,0.0464,341404.3412475586,4,9,0.5
t0375_j0625,37.5% throughput + 62.5% Jain fairness,stochastic,1701,114,216,193,0.0432,0.0386,44719.019134521484,31,3,0.5
t0375_j0625,37.5% throughput + 62.5% Jain fairness,stochastic,1701,115,344,309,0.0688,0.0618,875744.6337890625,13,13,2.0
t0375_j0625,37.5% throughput + 62.5% Jain fairness,stochastic,1701,116,214,191,0.0428,0.0382,17713.463897705078,2,1,1.0
t0375_j0625,37.5% throughput + 62.5% Jain fairness,stochastic,1701,117,253,227,0.0506,0.0454,380300.5594482422,11,10,0.5
t0375_j0625,37.5% throughput + 62.5% Jain fairness,stochastic,1701,118,253,225,0.0506,0.045,264381.02978515625,0,8,0.5
t0375_j0625,37.5% throughput + 62.5% Jain fairness,stochastic,1701,119,261,237,0.0522,0.0474,394897.1576843262,27,10,0.5
t0375_j0625,37.5% throughput + 62.5% Jain fairness,stochastic,1701,120,235,214,0.047,0.0428,152212.1015625,19,6,0.5
t0375_j0625,37.5% throughput + 62.5% Jain fairness,stochastic,1701,121,259,231,0.0518,0.0462,125695.28979492188,3,5,1.0
t0375_j0625,37.5% throughput + 62.5% Jain fairness,stochastic,1701,122,225,204,0.045,0.0408,46788.83975219727,0,3,0.5
t0375_j0625,37.5% throughput + 62.5% Jain fairness,stochastic,1701,123,302,269,0.0604,0.0538,247046.7615966797,14,7,2.0
t0375_j0625,37.5% throughput + 62.5% Jain fairness,stochastic,1701,124,314,289,0.0628,0.0578,338219.6646728516,34,8,2.0
t0375_j0625,37.5% throughput + 62.5% Jain fairness,stochastic,1701,125,236,208,0.0472,0.0416,19319.77801513672,30,1,0.5
t0375_j0625,37.5% throughput + 62.5% Jain fairness,stochastic,1701,126,293,269,0.0586,0.0538,147235.81324768066,35,5,2.0
t0375_j0625,37.5% throughput + 62.5% Jain fairness,stochastic,1701,127,304,268,0.0608,0.0536,99696.29280090332,30,4,2.0
t0375_j0625,37.5% throughput + 62.5% Jain fairness,stochastic,1701,128,232,197,0.0464,0.0394,105928.69180297852,18,5,0.5
t0375_j0625,37.5% throughput + 62.5% Jain fairness,stochastic,1701,129,253,228,0.0506,0.0456,208859.04974365237,0,7,0.5
t0375_j0625,37.5% throughput + 62.5% Jain fairness,stochastic,1701,130,295,266,0.059,0.0532,397030.3031616211,5,9,2.0
t0375_j0625,37.5% throughput + 62.5% Jain fairness,stochastic,1701,131,337,303,0.0674,0.0606,453699.25186157227,2,9,2.0
t0375_j0625,37.5% throughput + 62.5% Jain fairness,stochastic,1701,132,233,205,0.0466,0.041,186458.4366455078,13,7,0.5
t0375_j0625,37.5% throughput + 62.5% Jain fairness,stochastic,1701,133,250,230,0.05,0.046,163933.7924194336,25,6,1.0
t0375_j0625,37.5% throughput + 62.5% Jain fairness,stochastic,1701,134,282,257,0.0564,0.0514,378256.541015625,33,9,1.0
t0375_j0625,37.5% throughput + 62.5% Jain fairness,stochastic,1701,135,262,243,0.0524,0.0486,56920.066986083984,0,3,2.0
t0375_j0625,37.5% throughput + 62.5% Jain fairness,stochastic,1701,136,261,238,0.0522,0.0476,22378.37612915039,11,1,1.0
t0375_j0625,37.5% throughput + 62.5% Jain fairness,stochastic,1701,137,277,247,0.0554,0.0494,93438.11225891112,69,4,2.0
t0375_j0625,37.5% throughput + 62.5% Jain fairness,stochastic,1701,138,255,229,0.051,0.0458,272400.95642089844,8,8,1.0
t0375_j0625,37.5% throughput + 62.5% Jain fairness,stochastic,1701,139,271,245,0.0542,0.049,577335.5625,10,12,0.5
t0375_j0625,37.5% throughput + 62.5% Jain fairness,stochastic,1701,140,276,254,0.0552,0.0508,787081.9967651367,14,14,0.5
t0375_j0625,37.5% throughput + 62.5% Jain fairness,stochastic,1701,141,240,219,0.048,0.0438,156289.21142578125,10,6,0.5
t0375_j0625,37.5% throughput + 62.5% Jain fairness,stochastic,1701,142,239,215,0.0478,0.043,51255.29476928711,5,3,1.0
t0375_j0625,37.5% throughput + 62.5% Jain fairness,stochastic,1701,143,185,169,0.037,0.0338,122822.93463134766,39,6,0.5
t0375_j0625,37.5% throughput + 62.5% Jain fairness,stochastic,1701,144,264,242,0.0528,0.0484,584665.0178833008,22,12,0.5
t0375_j0625,37.5% throughput + 62.5% Jain fairness,stochastic,1701,145,302,275,0.0604,0.055,652885.3333740234,4,12,0.5
t0375_j0625,37.5% throughput + 62.5% Jain fairness,stochastic,1701,146,279,239,0.0558,0.0478,485285.9546813965,3,11,0.5
t0375_j0625,37.5% throughput + 62.5% Jain fairness,stochastic,1701,147,252,235,0.0504,0.047,275166.4483642578,9,8,0.5
t0375_j0625,37.5% throughput + 62.5% Jain fairness,stochastic,1701,148,240,213,0.048,0.0426,150683.18536376953,4,6,0.5
t0375_j0625,37.5% throughput + 62.5% Jain fairness,stochastic,1701,149,252,234,0.0504,0.0468,170049.45721435547,7,6,1.0
t0375_j0625,37.5% throughput + 62.5% Jain fairness,stochastic,1701,150,250,232,0.05,0.0464,124428.20018005373,2,5,1.0
t0375_j0625,37.5% throughput + 62.5% Jain fairness,stochastic,1701,151,239,208,0.0478,0.0416,30513.366691589355,21,2,1.0
t0375_j0625,37.5% throughput + 62.5% Jain fairness,stochastic,1701,152,296,272,0.0592,0.0544,867637.8067626953,34,14,1.0
t0375_j0625,37.5% throughput + 62.5% Jain fairness,stochastic,1701,153,243,211,0.0486,0.0422,190085.2025756836,37,7,0.5
t0375_j0625,37.5% throughput + 62.5% Jain fairness,stochastic,1701,154,266,237,0.0532,0.0474,350095.89779663086,4,9,1.0
t0375_j0625,37.5% throughput + 62.5% Jain fairness,stochastic,1701,155,259,235,0.0518,0.047,127469.2152557373,9,5,1.0
t0375_j0625,37.5% throughput + 62.5% Jain fairness,stochastic,1701,156,257,222,0.0514,0.0444,373199.5116577149,12,10,1.0
t0375_j0625,37.5% throughput + 62.5% Jain fairness,stochastic,1701,157,307,283,0.0614,0.0566,973484.6951293944,1,15,1.0
t0375_j0625,37.5% throughput + 62.5% Jain fairness,stochastic,1701,158,259,237,0.0518,0.0474,348009.9242248535,16,9,0.5
t0375_j0625,37.5% throughput + 62.5% Jain fairness,stochastic,1701,159,233,217,0.0466,0.0434,50982.94995117188,0,3,1.0
t0375_j0625,37.5% throughput + 62.5% Jain fairness,stochastic,1701,160,341,308,0.0682,0.0616,1004360.9705200196,1,14,2.0
t0375_j0625,37.5% throughput + 62.5% Jain fairness,stochastic,1701,161,307,281,0.0614,0.0562,425538.6086425781,3,9,2.0
t0375_j0625,37.5% throughput + 62.5% Jain fairness,stochastic,1701,162,244,223,0.0488,0.0446,201178.83953857425,8,7,0.5
t0375_j0625,37.5% throughput + 62.5% Jain fairness,stochastic,1701,163,191,174,0.0382,0.0348,16261.179901123049,25,1,0.5
t0375_j0625,37.5% throughput + 62.5% Jain fairness,stochastic,1701,164,303,269,0.0606,0.0538,246833.4224243164,7,7,2.0
t0375_j0625,37.5% throughput + 62.5% Jain fairness,stochastic,1701,165,211,191,0.0422,0.0382,27905.67608642578,7,2,0.5
t0375_j0625,37.5% throughput + 62.5% Jain fairness,stochastic,1701,166,333,299,0.0666,0.0598,833918.0244140625,0,13,2.0
t0375_j0625,37.5% throughput + 62.5% Jain fairness,stochastic,1701,167,248,214,0.0496,0.0428,115305.15495300292,21,5,0.5
t0375_j0625,37.5% throughput + 62.5% Jain fairness,stochastic,1701,168,247,223,0.0494,0.0446,200112.1436767578,11,7,0.5
t0375_j0625,37.5% throughput + 62.5% Jain fairness,stochastic,1701,169,237,218,0.0474,0.0436,157478.36846923828,11,6,0.5
t0375_j0625,37.5% throughput + 62.5% Jain fairness,stochastic,1701,170,256,229,0.0512,0.0458,272954.0548095703,2,8,0.5
t0375_j0625,37.5% throughput + 62.5% Jain fairness,stochastic,1701,171,286,260,0.0572,0.052,716280.685546875,6,13,1.0
t0375_j0625,37.5% throughput + 62.5% Jain fairness,stochastic,1701,172,291,259,0.0582,0.0518,139886.6934814453,6,5,2.0
t0375_j0625,37.5% throughput + 62.5% Jain fairness,stochastic,1701,173,329,292,0.0658,0.0584,605767.4330444336,1,11,2.0
t0375_j0625,37.5% throughput + 62.5% Jain fairness,stochastic,1701,174,287,257,0.0574,0.0514,624695.1203613281,55,12,1.0
t0375_j0625,37.5% throughput + 62.5% Jain fairness,stochastic,1701,175,219,201,0.0438,0.0402,18923.70056152344,3,1,1.0
t0375_j0625,37.5% throughput + 62.5% Jain fairness,stochastic,1701,176,259,228,0.0518,0.0456,53597.460205078125,1,3,2.0
t0375_j0625,37.5% throughput + 62.5% Jain fairness,stochastic,1701,177,304,271,0.0608,0.0542,25701.02587890625,18,1,2.0
t0375_j0625,37.5% throughput + 62.5% Jain fairness,stochastic,1701,178,246,215,0.0492,0.043,251383.2176513672,4,8,0.5
t0375_j0625,37.5% throughput + 62.5% Jain fairness,stochastic,1701,179,220,203,0.044,0.0406,235066.81518554688,28,8,0.5
t0375_j0625,37.5% throughput + 62.5% Jain fairness,stochastic,1701,180,302,275,0.0604,0.055,410241.4691162109,26,9,2.0
t0375_j0625,37.5% throughput + 62.5% Jain fairness,stochastic,1701,181,299,270,0.0598,0.054,642736.8566894531,20,12,1.0
t0375_j0625,37.5% throughput + 62.5% Jain fairness,stochastic,1701,182,231,205,0.0462,0.041,112390.84883880617,20,5,1.0
t0375_j0625,37.5% throughput + 62.5% Jain fairness,stochastic,1701,183,280,254,0.056,0.0508,620184.6862792969,5,12,1.0
t0375_j0625,37.5% throughput + 62.5% Jain fairness,stochastic,1701,184,322,286,0.0644,0.0572,262193.84283447266,4,7,2.0
t0375_j0625,37.5% throughput + 62.5% Jain fairness,stochastic,1701,185,262,232,0.0524,0.0464,340709.0167236328,24,9,1.0
t0375_j0625,37.5% throughput + 62.5% Jain fairness,stochastic,1701,186,249,227,0.0498,0.0454,340709.0167236328,32,9,1.0
t0375_j0625,37.5% throughput + 62.5% Jain fairness,stochastic,1701,187,270,247,0.054,0.0494,369217.3222045898,4,9,0.5
t0375_j0625,37.5% throughput + 62.5% Jain fairness,stochastic,1701,188,220,193,0.044,0.0386,45263.70877075195,7,3,0.5
t0375_j0625,37.5% throughput + 62.5% Jain fairness,stochastic,1701,189,256,237,0.0512,0.0474,216965.93829345703,26,7,1.0
t0375_j0625,37.5% throughput + 62.5% Jain fairness,stochastic,1701,190,241,215,0.0482,0.043,200325.4828491211,56,7,0.5
t0375_j0625,37.5% throughput + 62.5% Jain fairness,stochastic,1701,191,290,263,0.058,0.0526,316925.3767089844,32,8,2.0
t0375_j0625,37.5% throughput + 62.5% Jain fairness,stochastic,1701,192,218,190,0.0436,0.038,27804.077751159668,1,2,0.5
t0375_j0625,37.5% throughput + 62.5% Jain fairness,stochastic,1701,193,262,240,0.0524,0.048,283462.92419433594,12,8,0.5
t0375_j0625,37.5% throughput + 62.5% Jain fairness,stochastic,1701,194,244,224,0.0488,0.0448,52126.79818725586,58,3,1.0
t0375_j0625,37.5% throughput + 62.5% Jain fairness,stochastic,1701,195,299,272,0.0598,0.0544,556806.8322753906,4,11,1.0
t0375_j0625,37.5% throughput + 62.5% Jain fairness,stochastic,1701,196,220,191,0.044,0.0382,44501.1432800293,25,3,1.0
t0375_j0625,37.5% throughput + 62.5% Jain fairness,stochastic,1701,197,317,288,0.0634,0.0576,493522.8214416504,15,10,2.0
t0375_j0625,37.5% throughput + 62.5% Jain fairness,stochastic,1701,198,363,309,0.0726,0.0618,1001404.7940063477,16,14,2.0
t0375_j0625,37.5% throughput + 62.5% Jain fairness,stochastic,1701,199,234,215,0.0468,0.043,117585.91625976562,8,5,0.5
t0375_j0625,37.5% throughput + 62.5% Jain fairness,stochastic,1701,200,283,256,0.0566,0.0512,826251.3355712891,0,14,1.0
t0375_j0625,37.5% throughput + 62.5% Jain fairness,stochastic,1701,201,268,240,0.0536,0.048,402787.2107849121,5,10,1.0
t0375_j0625,37.5% throughput + 62.5% Jain fairness,stochastic,1701,202,301,278,0.0602,0.0556,880201.5569458008,7,14,1.0
t0375_j0625,37.5% throughput + 62.5% Jain fairness,stochastic,1701,203,284,261,0.0568,0.0522,24578.806427001957,8,1,2.0
t0375_j0625,37.5% throughput + 62.5% Jain fairness,stochastic,1701,204,224,201,0.0448,0.0402,181124.95733642575,29,7,0.5
t0375_j0625,37.5% throughput + 62.5% Jain fairness,stochastic,1701,205,244,220,0.0488,0.044,158497.6459350586,13,6,0.5
t0375_j0625,37.5% throughput + 62.5% Jain fairness,stochastic,1701,206,261,235,0.0522,0.047,168010.90228271484,8,6,1.0
t0375_j0625,37.5% throughput + 62.5% Jain fairness,stochastic,1701,207,230,215,0.046,0.043,315677.3338623047,12,9,0.5
t0375_j0625,37.5% throughput + 62.5% Jain fairness,stochastic,1701,208,270,248,0.054,0.0496,297013.8347167969,16,8,1.0
t0375_j0625,37.5% throughput + 62.5% Jain fairness,stochastic,1701,209,332,301,0.0664,0.0602,854831.3291015625,15,13,2.0
t0375_j0625,37.5% throughput + 62.5% Jain fairness,stochastic,1701,210,216,191,0.0432,0.0382,18043.52844238281,20,1,0.5
t0375_j0625,37.5% throughput + 62.5% Jain fairness,stochastic,1701,211,286,263,0.0572,0.0526,731965.6640625,15,13,0.5
t0375_j0625,37.5% throughput + 62.5% Jain fairness,stochastic,1701,212,268,236,0.0536,0.0472,804950.6588745117,4,15,0.5
t0375_j0625,37.5% throughput + 62.5% Jain fairness,stochastic,1701,213,256,226,0.0512,0.0452,161555.47833251953,6,6,1.0
t0375_j0625,37.5% throughput + 62.5% Jain fairness,stochastic,1701,214,229,211,0.0458,0.0422,49457.81896972656,15,3,0.5
t0375_j0625,37.5% throughput + 62.5% Jain fairness,stochastic,1701,215,220,204,0.044,0.0408,146606.07550048828,6,6,0.5
t0375_j0625,37.5% throughput + 62.5% Jain fairness,stochastic,1701,216,224,198,0.0448,0.0396,18901.69625854492,19,1,0.5
t0375_j0625,37.5% throughput + 62.5% Jain fairness,stochastic,1701,217,319,277,0.0638,0.0554,330752.83642578125,3,8,2.0
t0375_j0625,37.5% throughput + 62.5% Jain fairness,stochastic,1701,218,293,257,0.0586,0.0514,431585.9046020508,40,10,1.0
t0375_j0625,37.5% throughput + 62.5% Jain fairness,stochastic,1701,219,238,216,0.0476,0.0432,154930.1748046875,26,6,1.0
t0375_j0625,37.5% throughput + 62.5% Jain fairness,stochastic,1701,220,283,266,0.0566,0.0532,909281.252746582,12,15,1.0
t0375_j0625,37.5% throughput + 62.5% Jain fairness,stochastic,1701,221,358,326,0.0716,0.0652,1047964.5740966796,2,14,2.0
t0375_j0625,37.5% throughput + 62.5% Jain fairness,stochastic,1701,222,205,190,0.041,0.038,103521.221534729,19,5,0.5
t0375_j0625,37.5% throughput + 62.5% Jain fairness,stochastic,1701,223,294,270,0.0588,0.054,865420.6743774414,29,14,1.0
t0375_j0625,37.5% throughput + 62.5% Jain fairness,stochastic,1701,224,276,254,0.0552,0.0508,524166.4317626953,2,11,1.0
t0375_j0625,37.5% throughput + 62.5% Jain fairness,stochastic,1701,225,335,301,0.067,0.0602,856138.4106445312,6,13,2.0
t0375_j0625,37.5% throughput + 62.5% Jain fairness,stochastic,1701,226,262,226,0.0524,0.0452,33121.05729675293,28,2,2.0
t0375_j0625,37.5% throughput + 62.5% Jain fairness,stochastic,1701,227,291,265,0.0582,0.053,442631.9789428711,5,10,1.0
t0375_j0625,37.5% throughput + 62.5% Jain fairness,stochastic,1701,228,238,216,0.0476,0.0432,20287.967346191406,8,1,0.5
t0375_j0625,37.5% throughput + 62.5% Jain fairness,stochastic,1701,229,230,212,0.046,0.0424,77444.98420715332,46,4,0.5
t0375_j0625,37.5% throughput + 62.5% Jain fairness,stochastic,1701,230,254,218,0.0508,0.0436,369254.4851074219,0,10,1.0
t0375_j0625,37.5% throughput + 62.5% Jain fairness,stochastic,1701,231,242,218,0.0484,0.0436,51037.41891479492,32,3,1.0
t0375_j0625,37.5% throughput + 62.5% Jain fairness,stochastic,1701,232,279,255,0.0558,0.051,230832.9844970703,80,7,1.0
t0375_j0625,37.5% throughput + 62.5% Jain fairness,stochastic,1701,233,246,224,0.0492,0.0448,53052.770568847656,3,3,1.0
t0375_j0625,37.5% throughput + 62.5% Jain fairness,stochastic,1701,234,331,294,0.0662,0.0588,1009599.1314697266,4,15,2.0
t0375_j0625,37.5% throughput + 62.5% Jain fairness,stochastic,1701,235,245,214,0.049,0.0428,49076.536224365234,25,3,1.0
t0375_j0625,37.5% throughput + 62.5% Jain fairness,stochastic,1701,236,297,263,0.0594,0.0526,906873.6236572266,9,15,0.5
t0375_j0625,37.5% throughput + 62.5% Jain fairness,stochastic,1701,237,226,207,0.0452,0.0414,150003.66705322266,26,6,0.5
t0375_j0625,37.5% throughput + 62.5% Jain fairness,stochastic,1701,238,312,289,0.0624,0.0578,67487.04592895508,27,3,2.0
t0375_j0625,37.5% throughput + 62.5% Jain fairness,stochastic,1701,239,251,226,0.0502,0.0452,261338.9886474609,32,8,1.0
t0375_j0625,37.5% throughput + 62.5% Jain fairness,stochastic,1701,240,239,216,0.0478,0.0432,20397.988861083984,9,1,1.0
t0375_j0625,37.5% throughput + 62.5% Jain fairness,stochastic,1701,241,301,279,0.0602,0.0558,957433.8345336914,39,15,1.0
t0375_j0625,37.5% throughput + 62.5% Jain fairness,stochastic,1701,242,227,205,0.0454,0.041,48695.25347900391,19,3,1.0
t0375_j0625,37.5% throughput + 62.5% Jain fairness,stochastic,1701,243,289,260,0.0578,0.052,60950.77029418945,45,3,2.0
t0375_j0625,37.5% throughput + 62.5% Jain fairness,stochastic,1701,244,266,236,0.0532,0.0472,280973.9814453125,5,8,1.0
t0375_j0625,37.5% throughput + 62.5% Jain fairness,stochastic,1701,245,280,261,0.056,0.0522,441448.4709777832,6,10,1.0
t0375_j0625,37.5% throughput + 62.5% Jain fairness,stochastic,1701,246,241,220,0.0482,0.044,52235.73611450195,10,3,1.0
t0375_j0625,37.5% throughput + 62.5% Jain fairness,stochastic,1701,247,265,243,0.053,0.0486,358787.4543457031,45,9,1.0
t0375_j0625,37.5% throughput + 62.5% Jain fairness,stochastic,1701,248,259,239,0.0518,0.0478,283462.92419433594,8,8,1.0
t0375_j0625,37.5% throughput + 62.5% Jain fairness,stochastic,1701,249,337,303,0.0674,0.0606,627367.6980895996,28,11,2.0
t0375_j0625,37.5% throughput + 62.5% Jain fairness,stochastic,1701,250,279,246,0.0558,0.0492,677721.7800292969,11,13,0.5
t0375_j0625,37.5% throughput + 62.5% Jain fairness,stochastic,1701,251,267,244,0.0534,0.0488,287058.0637207031,13,8,0.5
t0375_j0625,37.5% throughput + 62.5% Jain fairness,stochastic,1701,252,212,193,0.0424,0.0386,44664.55017089844,15,3,0.5
t0375_j0625,37.5% throughput + 62.5% Jain fairness,stochastic,1701,253,261,236,0.0522,0.0472,734609.8636474609,3,14,0.5
t0375_j0625,37.5% throughput + 62.5% Jain fairness,stochastic,1701,254,253,221,0.0506,0.0442,50002.50860595703,16,3,1.0
t0375_j0625,37.5% throughput + 62.5% Jain fairness,stochastic,1701,255,244,208,0.0488,0.0416,19143.743591308597,32,1,1.0
t0375_j0625,37.5% throughput + 62.5% Jain fairness,stochastic,1701,256,247,217,0.0494,0.0434,364914.9559020996,1,10,0.5
t0375_j0625,37.5% throughput + 62.5% Jain fairness,stochastic,1701,257,304,277,0.0608,0.0554,942988.0599975586,15,15,0.5
t0375_j0625,37.5% throughput + 62.5% Jain fairness,stochastic,1701,258,306,282,0.0612,0.0564,787516.6296386719,18,13,1.0
t0375_j0625,37.5% throughput + 62.5% Jain fairness,stochastic,1701,259,265,231,0.053,0.0462,545762.5239257812,15,12,0.5
t0375_j0625,37.5% throughput + 62.5% Jain fairness,stochastic,1701,260,284,243,0.0568,0.0486,577335.5625,20,12,0.5
t0375_j0625,37.5% throughput + 62.5% Jain fairness,stochastic,1701,261,254,227,0.0508,0.0454,376355.5328979492,1,10,0.5
t0375_j0625,37.5% throughput + 62.5% Jain fairness,stochastic,1701,262,239,222,0.0478,0.0444,32409.868949890137,64,2,1.0
t0375_j0625,37.5% throughput + 62.5% Jain fairness,stochastic,1701,263,222,199,0.0444,0.0398,28921.659439086918,12,2,1.0
t0375_j0625,37.5% throughput + 62.5% Jain fairness,stochastic,1701,264,242,226,0.0484,0.0452,162574.75579833984,9,6,0.5
t0375_j0625,37.5% throughput + 62.5% Jain fairness,stochastic,1701,265,231,206,0.0462,0.0412,183471.68823242188,28,7,0.5
t0375_j0625,37.5% throughput + 62.5% Jain fairness,stochastic,1701,266,276,251,0.0552,0.0502,36914.06181335449,33,2,2.0
t0375_j0625,37.5% throughput + 62.5% Jain fairness,stochastic,1701,267,295,259,0.059,0.0518,629205.5544433594,0,12,1.0
t0375_j0625,37.5% throughput + 62.5% Jain fairness,stochastic,1701,268,259,231,0.0518,0.0462,125568.58083343506,3,5,1.0
t0375_j0625,37.5% throughput + 62.5% Jain fairness,stochastic,1701,269,246,220,0.0492,0.044,31732.546714782715,5,2,1.0
t0375_j0625,37.5% throughput + 62.5% Jain fairness,stochastic,1701,270,231,212,0.0462,0.0424,77618.82255554199,6,4,1.0
t0375_j0625,37.5% throughput + 62.5% Jain fairness,stochastic,1701,271,242,219,0.0484,0.0438,20684.044799804688,35,1,1.0
t0375_j0625,37.5% throughput + 62.5% Jain fairness,stochastic,1701,272,338,297,0.0676,0.0594,615367.5508422852,8,11,2.0
t0375_j0625,37.5% throughput + 62.5% Jain fairness,stochastic,1701,273,264,245,0.0528,0.049,291206.3016357422,2,8,1.0
t0375_j0625,37.5% throughput + 62.5% Jain fairness,stochastic,1701,274,295,260,0.059,0.052,632024.5757446289,7,12,1.0
t0375_j0625,37.5% throughput + 62.5% Jain fairness,stochastic,1701,275,333,306,0.0666,0.0612,978494.4260253906,4,14,2.0
t0375_j0625,37.5% throughput + 62.5% Jain fairness,stochastic,1701,276,245,227,0.049,0.0454,268252.7185058594,2,8,0.5
t0375_j0625,37.5% throughput + 62.5% Jain fairness,stochastic,1701,277,248,221,0.0496,0.0442,448325.501159668,16,11,0.5
t0375_j0625,37.5% throughput + 62.5% Jain fairness,stochastic,1701,278,238,215,0.0476,0.043,153571.13818359375,3,6,0.5
t0375_j0625,37.5% throughput + 62.5% Jain fairness,stochastic,1701,279,276,241,0.0552,0.0482,573388.9326782227,7,12,1.0
t0375_j0625,37.5% throughput + 62.5% Jain fairness,stochastic,1701,280,236,217,0.0472,0.0434,116572.2445678711,31,5,0.5
t0375_j0625,37.5% throughput + 62.5% Jain fairness,stochastic,1701,281,351,321,0.0702,0.0642,1033922.7356567384,3,14,2.0
t0375_j0625,37.5% throughput + 62.5% Jain fairness,stochastic,1701,282,228,199,0.0456,0.0398,145756.6776123047,10,6,0.5
t0375_j0625,37.5% throughput + 62.5% Jain fairness,stochastic,1701,283,242,218,0.0484,0.0436,51527.63958740234,9,3,0.5
t0375_j0625,37.5% throughput + 62.5% Jain fairness,stochastic,1701,284,251,230,0.0502,0.046,208645.71057128903,11,7,1.0
t0375_j0625,37.5% throughput + 62.5% Jain fairness,stochastic,1701,285,226,206,0.0452,0.0412,29768.31223297119,24,2,0.5
t0375_j0625,37.5% throughput + 62.5% Jain fairness,stochastic,1701,286,342,301,0.0684,0.0602,608167.4624938965,28,11,2.0
t0375_j0625,37.5% throughput + 62.5% Jain fairness,stochastic,1701,287,310,284,0.062,0.0568,899416.704284668,21,14,0.5
t0375_j0625,37.5% throughput + 62.5% Jain fairness,stochastic,1701,288,328,302,0.0656,0.0604,630247.7334289551,40,11,2.0
t0375_j0625,37.5% throughput + 62.5% Jain fairness,stochastic,1701,289,275,251,0.055,0.0502,512166.28451538086,7,11,1.0
t0375_j0625,37.5% throughput + 62.5% Jain fairness,stochastic,1701,290,238,209,0.0476,0.0418,76749.63081359863,30,4,0.5
t0375_j0625,37.5% throughput + 62.5% Jain fairness,stochastic,1701,291,233,214,0.0466,0.0428,246405.3321533203,17,8,0.5
t0375_j0625,37.5% throughput + 62.5% Jain fairness,stochastic,1701,292,229,210,0.0458,0.042,113911.35637664796,25,5,1.0
t0375_j0625,37.5% throughput + 62.5% Jain fairness,stochastic,1701,293,256,231,0.0512,0.0462,341752.0035095215,43,9,1.0
t0375_j0625,37.5% throughput + 62.5% Jain fairness,stochastic,1701,294,291,267,0.0582,0.0534,198249.4671020508,5,6,2.0
t0375_j0625,37.5% throughput + 62.5% Jain fairness,stochastic,1701,295,281,257,0.0562,0.0514,300055.8758544922,44,8,0.5
t0375_j0625,37.5% throughput + 62.5% Jain fairness,stochastic,1701,296,296,264,0.0592,0.0528,836597.9533691406,16,14,0.5
t0375_j0625,37.5% throughput + 62.5% Jain fairness,stochastic,1701,297,231,209,0.0462,0.0418,48913.129333496094,7,3,0.5
t0375_j0625,37.5% throughput + 62.5% Jain fairness,stochastic,1701,298,280,256,0.056,0.0512,380342.5145874024,20,9,1.0
t0375_j0625,37.5% throughput + 62.5% Jain fairness,stochastic,1701,299,268,239,0.0536,0.0478,671839.9130859375,16,13,0.5
t0375_j0625,37.5% throughput + 62.5% Jain fairness,stochastic,1701,300,246,223,0.0492,0.0446,204378.92712402344,15,7,1.0
t0375_j0625,37.5% throughput + 62.5% Jain fairness,stochastic,1701,301,249,220,0.0498,0.044,118472.87899017334,21,5,0.5
t0375_j0625,37.5% throughput + 62.5% Jain fairness,stochastic,1701,302,254,224,0.0508,0.0448,81704.02374267578,0,4,1.0
t0375_j0625,37.5% throughput + 62.5% Jain fairness,stochastic,1701,303,251,224,0.0502,0.0448,324021.22814941406,48,9,0.5
t0375_j0625,37.5% throughput + 62.5% Jain fairness,stochastic,1701,304,230,209,0.046,0.0418,30513.366691589355,8,2,1.0
t0375_j0625,37.5% throughput + 62.5% Jain fairness,stochastic,1701,305,336,299,0.0672,0.0598,824114.9128417969,0,13,2.0
t0375_j0625,37.5% throughput + 62.5% Jain fairness,stochastic,1701,306,222,195,0.0444,0.039,28582.998321533203,27,2,1.0
t0375_j0625,37.5% throughput + 62.5% Jain fairness,stochastic,1701,307,229,206,0.0458,0.0412,76054.27742004395,8,4,1.0
t0375_j0625,37.5% throughput + 62.5% Jain fairness,stochastic,1701,308,295,266,0.059,0.0532,389381.7333984375,53,9,1.0
t0375_j0625,37.5% throughput + 62.5% Jain fairness,stochastic,1701,309,281,258,0.0562,0.0516,615110.4479370117,47,12,1.0
t0375_j0625,37.5% throughput + 62.5% Jain fairness,stochastic,1701,310,263,229,0.0526,0.0458,32917.8606262207,0,2,2.0
t0375_j0625,37.5% throughput + 62.5% Jain fairness,stochastic,1701,311,273,252,0.0546,0.0504,709091.7370605469,1,13,1.0
t0375_j0625,37.5% throughput + 62.5% Jain fairness,stochastic,1701,312,315,272,0.063,0.0544,248540.13580322263,0,7,2.0
t0375_j0625,37.5% throughput + 62.5% Jain fairness,stochastic,1701,313,237,212,0.0474,0.0424,249447.3732910156,48,8,0.5
t0375_j0625,37.5% throughput + 62.5% Jain fairness,stochastic,1701,314,229,199,0.0458,0.0398,294122.27362060547,13,9,0.5
t0375_j0625,37.5% throughput + 62.5% Jain fairness,stochastic,1701,315,260,239,0.052,0.0478,405548.7293701172,12,10,1.0
t0375_j0625,37.5% throughput + 62.5% Jain fairness,stochastic,1701,316,262,236,0.0524,0.0472,216112.5816040039,4,7,2.0
t0375_j0625,37.5% throughput + 62.5% Jain fairness,stochastic,1701,317,282,249,0.0564,0.0498,510246.26095581055,27,11,1.0
t0375_j0625,37.5% throughput + 62.5% Jain fairness,stochastic,1701,318,224,198,0.0448,0.0396,107956.03518676758,4,5,0.5
t0375_j0625,37.5% throughput + 62.5% Jain fairness,stochastic,1701,319,322,284,0.0644,0.0568,580807.1267700195,28,11,2.0
t0375_j0625,37.5% throughput + 62.5% Jain fairness,stochastic,1701,320,284,252,0.0568,0.0504,589739.2562255859,22,12,1.0
t0375_j0625,37.5% throughput + 62.5% Jain fairness,stochastic,1701,321,309,274,0.0618,0.0548,248966.8141479492,0,7,2.0
t0375_j0625,37.5% throughput + 62.5% Jain fairness,stochastic,1701,322,247,222,0.0494,0.0444,160536.20086669922,26,6,1.0
t0375_j0625,37.5% throughput + 62.5% Jain fairness,stochastic,1701,323,276,250,0.0552,0.05,57846.03936767578,15,3,2.0
t0375_j0625,37.5% throughput + 62.5% Jain fairness,stochastic,1701,324,292,267,0.0584,0.0534,98131.74766540527,16,4,2.0
t0375_j0625,37.5% throughput + 62.5% Jain fairness,stochastic,1701,325,258,229,0.0516,0.0458,123034.40160369872,14,5,1.0
t0375_j0625,37.5% throughput + 62.5% Jain fairness,stochastic,1701,326,248,226,0.0496,0.0452,334798.7582702637,40,9,0.5
t0375_j0625,37.5% throughput + 62.5% Jain fairness,stochastic,1701,327,306,267,0.0612,0.0534,739154.6125488281,16,13,0.5
t0375_j0625,37.5% throughput + 62.5% Jain fairness,stochastic,1701,328,269,242,0.0538,0.0484,492006.0371398926,16,11,0.5
t0375_j0625,37.5% throughput + 62.5% Jain fairness,stochastic,1701,329,260,229,0.052,0.0458,379511.5541381836,2,10,0.5
t0375_j0625,37.5% throughput + 62.5% Jain fairness,stochastic,1701,330,252,231,0.0504,0.0462,335146.42053222656,22,9,0.5
t0375_j0625,37.5% throughput + 62.5% Jain fairness,stochastic,1701,331,307,277,0.0614,0.0554,410589.1313781738,39,9,2.0
t0375_j0625,37.5% throughput + 62.5% Jain fairness,stochastic,1701,332,263,241,0.0526,0.0482,673800.5354003906,17,13,0.5
t0375_j0625,37.5% throughput + 62.5% Jain fairness,stochastic,1701,333,220,192,0.044,0.0384,17757.47250366211,33,1,1.0
t0375_j0625,37.5% throughput + 62.5% Jain fairness,stochastic,1701,334,273,248,0.0546,0.0496,416989.3063659668,22,10,0.5
t0375_j0625,37.5% throughput + 62.5% Jain fairness,stochastic,1701,335,273,248,0.0546,0.0496,299502.7774658203,4,8,1.0
t0375_j0625,37.5% throughput + 62.5% Jain fairness,stochastic,1701,336,244,220,0.0488,0.044,685093.907043457,3,14,0.5
t0375_j0625,37.5% throughput + 62.5% Jain fairness,stochastic,1701,337,271,237,0.0542,0.0474,564368.0645141602,20,12,0.5
t0375_j0625,37.5% throughput + 62.5% Jain fairness,stochastic,1701,338,245,217,0.049,0.0434,522082.7449951172,15,12,0.5
t0375_j0625,37.5% throughput + 62.5% Jain fairness,stochastic,1701,339,339,314,0.0678,0.0628,1088248.348388672,18,15,2.0
t0375_j0625,37.5% throughput + 62.5% Jain fairness,stochastic,1701,340,309,282,0.0618,0.0564,333794.87756347656,2,8,2.0
t0375_j0625,37.5% throughput + 62.5% Jain fairness,stochastic,1701,341,262,242,0.0524,0.0484,218032.63415527344,11,7,1.0
t0375_j0625,37.5% throughput + 62.5% Jain fairness,stochastic,1701,342,313,275,0.0626,0.055,930147.371520996,8,15,1.0
t0375_j0625,37.5% throughput + 62.5% Jain fairness,stochastic,1701,343,299,277,0.0598,0.0554,40199.07465362549,4,2,2.0
t0375_j0625,37.5% throughput + 62.5% Jain fairness,stochastic,1701,344,245,222,0.049,0.0444,270741.6612548828,2,8,1.0
t0375_j0625,37.5% throughput + 62.5% Jain fairness,stochastic,1701,345,312,285,0.0624,0.057,426581.5954284668,6,9,2.0
t0375_j0625,37.5% throughput + 62.5% Jain fairness,stochastic,1701,346,267,240,0.0534,0.048,360178.1033935547,27,9,0.5
t0375_j0625,37.5% throughput + 62.5% Jain fairness,stochastic,1701,347,292,256,0.0584,0.0512,623003.7075805664,18,12,1.0
t0375_j0625,37.5% throughput + 62.5% Jain fairness,stochastic,1701,348,352,318,0.0704,0.0636,892083.1530761719,4,13,2.0
t0375_j0625,37.5% throughput + 62.5% Jain fairness,stochastic,1701,349,233,210,0.0466,0.042,79009.52934265137,2,4,1.0
t0375_j0625,37.5% throughput + 62.5% Jain fairness,stochastic,1701,350,294,262,0.0588,0.0524,142927.7085571289,19,5,2.0
t0375_j0625,37.5% throughput + 62.5% Jain fairness,stochastic,1701,351,254,230,0.0508,0.046,341404.3412475586,4,9,1.0
t0375_j0625,37.5% throughput + 62.5% Jain fairness,stochastic,1701,352,267,236,0.0534,0.0472,22048.311584472656,13,1,2.0
t0375_j0625,37.5% throughput + 62.5% Jain fairness,stochastic,1701,353,268,245,0.0536,0.049,679682.40234375,17,13,0.5
t0375_j0625,37.5% throughput + 62.5% Jain fairness,stochastic,1701,354,218,191,0.0436,0.0382,44936.89498901367,34,3,1.0
t0375_j0625,37.5% throughput + 62.5% Jain fairness,stochastic,1701,355,283,252,0.0566,0.0504,136718.9694442749,19,5,2.0
t0375_j0625,37.5% throughput + 62.5% Jain fairness,stochastic,1701,356,215,191,0.043,0.0382,102634.25880432127,51,5,1.0
t0375_j0625,37.5% throughput + 62.5% Jain fairness,stochastic,1701,357,322,283,0.0644,0.0566,582247.1444396973,23,11,2.0
t0375_j0625,37.5% throughput + 62.5% Jain fairness,stochastic,1701,358,231,215,0.0462,0.043,153741.01776123047,21,6,0.5
t0375_j0625,37.5% throughput + 62.5% Jain fairness,stochastic,1701,359,319,285,0.0638,0.057,476164.7046203613,26,10,2.0
t0375_j0625,37.5% throughput + 62.5% Jain fairness,stochastic,1701,360,226,201,0.0452,0.0402,108589.57999420166,23,5,0.5
t0375_j0625,37.5% throughput + 62.5% Jain fairness,stochastic,1701,361,274,241,0.0548,0.0482,219312.66918945312,70,7,1.0
t0375_j0625,37.5% throughput + 62.5% Jain fairness,stochastic,1701,362,262,242,0.0524,0.0484,403576.2160949707,3,10,0.5
t0375_j0625,37.5% throughput + 62.5% Jain fairness,stochastic,1701,363,296,274,0.0592,0.0548,324115.65576171875,1,8,2.0
t0375_j0625,37.5% throughput + 62.5% Jain fairness,stochastic,1701,364,264,227,0.0528,0.0454,268252.7185058594,33,8,1.0
t0375_j0625,37.5% throughput + 62.5% Jain fairness,stochastic,1701,365,265,234,0.053,0.0468,472325.7956542969,29,11,1.0
t0375_j0625,37.5% throughput + 62.5% Jain fairness,stochastic,1701,366,300,269,0.06,0.0538,633715.9885253906,21,12,1.0
t0375_j0625,37.5% throughput + 62.5% Jain fairness,stochastic,1701,367,245,221,0.049,0.0442,158837.40509033203,1,6,1.0
t0375_j0625,37.5% throughput + 62.5% Jain fairness,stochastic,1701,368,296,276,0.0592,0.0552,200797.6607666016,29,6,2.0
t0375_j0625,37.5% throughput + 62.5% Jain fairness,stochastic,1701,369,277,246,0.0554,0.0492,413833.2851257324,22,10,1.0
t0375_j0625,37.5% throughput + 62.5% Jain fairness,stochastic,1701,370,286,265,0.0572,0.053,836597.9533691406,10,14,1.0
t0375_j0625,37.5% throughput + 62.5% Jain fairness,stochastic,1701,371,273,243,0.0546,0.0486,359135.116607666,16,9,1.0
t0375_j0625,37.5% throughput + 62.5% Jain fairness,stochastic,1701,372,292,259,0.0584,0.0518,885204.9618530273,2,15,1.0
t0375_j0625,37.5% throughput + 62.5% Jain fairness,stochastic,1701,373,218,193,0.0436,0.0386,18109.54135131836,40,1,0.5
t0375_j0625,37.5% throughput + 62.5% Jain fairness,stochastic,1701,374,359,317,0.0718,0.0634,890776.0715332031,6,13,2.0
t0375_j0625,37.5% throughput + 62.5% Jain fairness,stochastic,1701,375,241,217,0.0482,0.0434,196485.37774658203,4,7,0.5
t0375_j0625,37.5% throughput + 62.5% Jain fairness,stochastic,1701,376,313,280,0.0626,0.056,959841.4636230468,21,15,1.0
t0375_j0625,37.5% throughput + 62.5% Jain fairness,stochastic,1701,377,285,259,0.057,0.0518,384166.7994689941,3,9,1.0
t0375_j0625,37.5% throughput + 62.5% Jain fairness,stochastic,1701,378,241,216,0.0482,0.0432,19847.881286621094,8,1,0.5
t0375_j0625,37.5% throughput + 62.5% Jain fairness,stochastic,1701,379,281,260,0.0562,0.052,536166.5790100098,21,11,1.0
t0375_j0625,37.5% throughput + 62.5% Jain fairness,stochastic,1701,380,281,261,0.0562,0.0522,61658.86682128906,18,3,2.0
t0375_j0625,37.5% throughput + 62.5% Jain fairness,stochastic,1701,381,241,220,0.0482,0.044,122147.43887329102,26,5,1.0
t0375_j0625,37.5% throughput + 62.5% Jain fairness,stochastic,1701,382,212,186,0.0424,0.0372,43520.70193481445,23,3,0.5
t0375_j0625,37.5% throughput + 62.5% Jain fairness,stochastic,1701,383,250,219,0.05,0.0438,323325.9036254883,27,9,1.0
t0375_j0625,37.5% throughput + 62.5% Jain fairness,stochastic,1701,384,251,214,0.0502,0.0428,511934.2683105469,6,12,0.5
t0375_j0625,37.5% throughput + 62.5% Jain fairness,stochastic,1701,385,297,272,0.0594,0.0544,247686.77911376956,11,7,2.0
t0375_j0625,37.5% throughput + 62.5% Jain fairness,stochastic,1701,386,253,235,0.0506,0.047,644391.2006835938,27,13,1.0
t0375_j0625,37.5% throughput + 62.5% Jain fairness,stochastic,1701,387,254,238,0.0508,0.0476,488165.990020752,6,11,1.0
t0375_j0625,37.5% throughput + 62.5% Jain fairness,stochastic,1701,388,282,265,0.0564,0.053,438292.4497375488,4,10,1.0
t0375_j0625,37.5% throughput + 62.5% Jain fairness,stochastic,1701,389,268,238,0.0536,0.0476,401209.2001647949,2,10,1.0
t0375_j0625,37.5% throughput + 62.5% Jain fairness,stochastic,1701,390,330,303,0.066,0.0606,512458.94888305664,6,10,2.0
t0375_j0625,37.5% throughput + 62.5% Jain fairness,stochastic,1701,391,300,272,0.06,0.0544,762682.0803222656,11,13,1.0
t0375_j0625,37.5% throughput + 62.5% Jain fairness,stochastic,1701,392,246,225,0.0492,0.045,373594.01431274414,20,10,0.5
t0375_j0625,37.5% throughput + 62.5% Jain fairness,stochastic,1701,393,258,241,0.0516,0.0482,173956.6875,13,6,1.0
t0375_j0625,37.5% throughput + 62.5% Jain fairness,stochastic,1701,394,242,215,0.0484,0.043,255808.0047607422,42,8,1.0
t0375_j0625,37.5% throughput + 62.5% Jain fairness,stochastic,1701,395,321,287,0.0642,0.0574,432839.5161437988,50,9,2.0
t0375_j0625,37.5% throughput + 62.5% Jain fairness,stochastic,1701,396,198,181,0.0396,0.0362,16943.31329345703,8,1,0.5
t0375_j0625,37.5% throughput + 62.5% Jain fairness,stochastic,1701,397,322,293,0.0644,0.0586,996758.442993164,1,15,1.0
t0375_j0625,37.5% throughput + 62.5% Jain fairness,stochastic,1701,398,270,245,0.054,0.049,684910.728515625,12,13,1.0
t0375_j0625,37.5% throughput + 62.5% Jain fairness,stochastic,1701,399,255,222,0.051,0.0444,159177.16424560547,11,6,1.0
t0375_j0625,37.5% throughput + 62.5% Jain fairness,stochastic,1701,400,255,234,0.051,0.0468,394897.1576843262,10,10,1.0
t0375_j0625,37.5% throughput + 62.5% Jain fairness,stochastic,1701,401,265,237,0.053,0.0474,480965.9016723633,28,11,0.5
t0375_j0625,37.5% throughput + 62.5% Jain fairness,stochastic,1701,402,338,314,0.0676,0.0628,1085038.1762695312,41,15,2.0
t0375_j0625,37.5% throughput + 62.5% Jain fairness,stochastic,1701,403,292,265,0.0584,0.053,450127.5293884277,3,10,1.0
t0375_j0625,37.5% throughput + 62.5% Jain fairness,stochastic,1701,404,221,197,0.0442,0.0394,74055.13641357422,35,4,0.5
t0375_j0625,37.5% throughput + 62.5% Jain fairness,stochastic,1701,405,251,224,0.0502,0.0448,464165.6955261231,29,11,0.5
t0375_j0625,37.5% throughput + 62.5% Jain fairness,stochastic,1701,406,259,224,0.0518,0.0448,160875.96002197266,4,6,0.5
t0375_j0625,37.5% throughput + 62.5% Jain fairness,stochastic,1701,407,288,259,0.0576,0.0518,235739.78546142575,43,7,2.0
t0375_j0625,37.5% throughput + 62.5% Jain fairness,stochastic,1701,408,256,219,0.0512,0.0438,157818.12762451172,8,6,1.0
t0375_j0625,37.5% throughput + 62.5% Jain fairness,stochastic,1701,409,286,262,0.0572,0.0524,434741.9258422852,1,10,0.5
t0375_j0625,37.5% throughput + 62.5% Jain fairness,stochastic,1701,410,286,254,0.0572,0.0508,518886.36697387695,16,11,1.0
t0375_j0625,37.5% throughput + 62.5% Jain fairness,stochastic,1701,411,287,257,0.0574,0.0514,724123.1748046875,19,13,0.5
t0375_j0625,37.5% throughput + 62.5% Jain fairness,stochastic,1701,412,250,228,0.05,0.0456,473765.8133239746,22,11,0.5
t0375_j0625,37.5% throughput + 62.5% Jain fairness,stochastic,1701,413,240,222,0.048,0.0444,119359.84172058104,59,5,1.0
t0375_j0625,37.5% throughput + 62.5% Jain fairness,stochastic,1701,414,304,271,0.0608,0.0542,319414.3194580078,6,8,2.0
t0375_j0625,37.5% throughput + 62.5% Jain fairness,stochastic,1701,415,311,275,0.0622,0.055,944593.1460571288,6,15,1.0
t0375_j0625,37.5% throughput + 62.5% Jain fairness,stochastic,1701,416,261,239,0.0522,0.0478,217179.2774658203,37,7,1.0
t0375_j0625,37.5% throughput + 62.5% Jain fairness,stochastic,1701,417,262,236,0.0524,0.0472,747912.6579589844,6,14,0.5
t0375_j0625,37.5% throughput + 62.5% Jain fairness,stochastic,1701,418,305,280,0.061,0.056,889070.0864868164,18,14,1.0
t0375_j0625,37.5% throughput + 62.5% Jain fairness,stochastic,1701,419,290,259,0.058,0.0518,873166.81640625,5,15,0.5
t0375_j0625,37.5% throughput + 62.5% Jain fairness,stochastic,1701,420,255,238,0.051,0.0476,353224.8581542969,12,9,0.5
t0375_j0625,37.5% throughput + 62.5% Jain fairness,stochastic,1701,421,227,205,0.0454,0.041,239768.1514892578,12,8,0.5
t0375_j0625,37.5% throughput + 62.5% Jain fairness,stochastic,1701,422,263,231,0.0526,0.0462,339318.36767578125,51,9,0.5
t0375_j0625,37.5% throughput + 62.5% Jain fairness,stochastic,1701,423,281,258,0.0562,0.0516,533286.5436706543,13,11,1.0
t0375_j0625,37.5% throughput + 62.5% Jain fairness,stochastic,1701,424,238,216,0.0476,0.0432,19825.876983642574,9,1,1.0
t0375_j0625,37.5% throughput + 62.5% Jain fairness,stochastic,1701,425,227,212,0.0454,0.0424,357419.40545654297,5,10,0.5
t0375_j0625,37.5% throughput + 62.5% Jain fairness,stochastic,1701,426,284,253,0.0568,0.0506,301715.1710205078,46,8,1.0
t0375_j0625,37.5% throughput + 62.5% Jain fairness,stochastic,1701,427,217,194,0.0434,0.0388,27262.21996307373,4,2,0.5
t0375_j0625,37.5% throughput + 62.5% Jain fairness,stochastic,1701,428,267,241,0.0534,0.0482,282909.82580566406,5,8,0.5
t0375_j0625,37.5% throughput + 62.5% Jain fairness,stochastic,1701,429,233,215,0.0466,0.043,157648.248046875,4,6,0.5
t0375_j0625,37.5% throughput + 62.5% Jain fairness,stochastic,1701,430,266,236,0.0532,0.0472,277102.2927246094,13,8,1.0
t0375_j0625,37.5% throughput + 62.5% Jain fairness,stochastic,1701,431,234,217,0.0468,0.0434,436325.3539123535,36,11,0.5
t0375_j0625,37.5% throughput + 62.5% Jain fairness,stochastic,1701,432,255,230,0.051,0.046,393713.6497192383,54,10,0.5
t0375_j0625,37.5% throughput + 62.5% Jain fairness,stochastic,1701,433,230,214,0.046,0.0428,113531.2294921875,17,5,0.5
t0375_j0625,37.5% throughput + 62.5% Jain fairness,stochastic,1701,434,248,220,0.0496,0.044,326802.5262451172,20,9,0.5
t0375_j0625,37.5% throughput + 62.5% Jain fairness,stochastic,1701,435,239,210,0.0478,0.042,115178.44599151611,14,5,1.0
t0375_j0625,37.5% throughput + 62.5% Jain fairness,stochastic,1701,436,306,270,0.0612,0.054,554406.8028259277,9,11,2.0
t0375_j0625,37.5% throughput + 62.5% Jain fairness,stochastic,1701,437,276,252,0.0552,0.0504,94307.30400085448,28,4,2.0
t0375_j0625,37.5% throughput + 62.5% Jain fairness,stochastic,1701,438,192,183,0.0384,0.0366,16965.317596435547,9,1,0.5
t0375_j0625,37.5% throughput + 62.5% Jain fairness,stochastic,1701,439,264,228,0.0528,0.0456,381484.0674133301,7,10,0.5
t0375_j0625,37.5% throughput + 62.5% Jain fairness,stochastic,1701,440,239,223,0.0478,0.0446,202672.2137451172,14,7,0.5
t0375_j0625,37.5% throughput + 62.5% Jain fairness,stochastic,1701,441,230,212,0.046,0.0424,191151.8984375,2,7,0.5
t0375_j0625,37.5% throughput + 62.5% Jain fairness,stochastic,1701,442,236,208,0.0472,0.0416,241703.99584960935,19,8,0.5
t0375_j0625,37.5% throughput + 62.5% Jain fairness,stochastic,1701,443,284,253,0.0568,0.0506,36744.73125457764,1,2,2.0
t0375_j0625,37.5% throughput + 62.5% Jain fairness,stochastic,1701,444,272,243,0.0544,0.0486,289270.4572753906,0,8,1.0
t0375_j0625,37.5% throughput + 62.5% Jain fairness,stochastic,1701,445,236,215,0.0472,0.043,30885.89392089844,45,2,1.0
t0375_j0625,37.5% throughput + 62.5% Jain fairness,stochastic,1701,446,266,234,0.0532,0.0468,343837.9770812988,22,9,0.5
t0375_j0625,37.5% throughput + 62.5% Jain fairness,stochastic,1701,447,208,193,0.0416,0.0386,18065.532745361328,0,1,0.5
t0375_j0625,37.5% throughput + 62.5% Jain fairness,stochastic,1701,448,273,243,0.0546,0.0486,500166.1372680664,13,11,1.0
t0375_j0625,37.5% throughput + 62.5% Jain fairness,stochastic,1701,449,228,208,0.0456,0.0416,30614.96502685547,39,2,0.5
t0375_j0625,37.5% throughput + 62.5% Jain fairness,stochastic,1701,450,273,237,0.0546,0.0474,641123.4968261719,10,13,0.5
t0375_j0625,37.5% throughput + 62.5% Jain fairness,stochastic,1701,451,297,265,0.0594,0.053,542406.6555786133,5,11,1.0
t0375_j0625,37.5% throughput + 62.5% Jain fairness,stochastic,1701,452,233,211,0.0466,0.0422,145077.1593017578,3,6,0.5
t0375_j0625,37.5% throughput + 62.5% Jain fairness,stochastic,1701,453,280,250,0.056,0.05,426457.3700866699,10,10,0.5
t0375_j0625,37.5% throughput + 62.5% Jain fairness,stochastic,1701,454,269,237,0.0538,0.0474,34678.8984375,37,2,2.0
t0375_j0625,37.5% throughput + 62.5% Jain fairness,stochastic,1701,455,213,193,0.0426,0.0386,44174.329498291016,25,3,0.5
t0375_j0625,37.5% throughput + 62.5% Jain fairness,stochastic,1701,456,287,263,0.0574,0.0526,730658.5825195312,20,13,0.5
t0375_j0625,37.5% throughput + 62.5% Jain fairness,stochastic,1701,457,326,295,0.0652,0.059,997560.9860229492,24,15,1.0
t0375_j0625,37.5% throughput + 62.5% Jain fairness,stochastic,1701,458,300,261,0.06,0.0522,870759.1873168945,4,15,0.5
t0375_j0625,37.5% throughput + 62.5% Jain fairness,stochastic,1701,459,225,201,0.045,0.0402,18813.67904663086,11,1,0.5
t0375_j0625,37.5% throughput + 62.5% Jain fairness,stochastic,1701,460,281,253,0.0562,0.0506,699942.1662597656,5,13,0.5
t0375_j0625,37.5% throughput + 62.5% Jain fairness,stochastic,1701,461,253,220,0.0506,0.044,321239.93005371094,34,9,0.5
t0375_j0625,37.5% throughput + 62.5% Jain fairness,stochastic,1701,462,251,224,0.0502,0.0448,119233.13275909424,35,5,1.0
t0375_j0625,37.5% throughput + 62.5% Jain fairness,stochastic,1701,463,283,249,0.0566,0.0498,228059.57525634769,24,7,2.0
t0375_j0625,37.5% throughput + 62.5% Jain fairness,stochastic,1701,464,346,304,0.0692,0.0608,1047318.6538696288,24,15,2.0
t0375_j0625,37.5% throughput + 62.5% Jain fairness,stochastic,1701,465,251,221,0.0502,0.0442,83703.16474914551,28,4,1.0
t0375_j0625,37.5% throughput + 62.5% Jain fairness,stochastic,1701,466,227,206,0.0454,0.0412,187738.4716796875,7,7,0.5
t0375_j0625,37.5% throughput + 62.5% Jain fairness,stochastic,1701,467,264,246,0.0528,0.0492,500646.143157959,11,11,1.0
t0375_j0625,37.5% throughput + 62.5% Jain fairness,stochastic,1701,468,345,311,0.069,0.0622,633127.7687683105,5,11,2.0
t0375_j0625,37.5% throughput + 62.5% Jain fairness,stochastic,1701,469,227,204,0.0454,0.0408,241427.44665527344,27,8,0.5
t0375_j0625,37.5% throughput + 62.5% Jain fairness,stochastic,1701,470,240,216,0.048,0.0432,30648.83113861084,2,2,1.0
t0375_j0625,37.5% throughput + 62.5% Jain fairness,stochastic,1701,471,228,202,0.0456,0.0404,47006.71560668945,9,3,1.0
t0375_j0625,37.5% throughput + 62.5% Jain fairness,stochastic,1701,472,235,218,0.047,0.0436,362153.4373168945,17,10,0.5
t0375_j0625,37.5% throughput + 62.5% Jain fairness,stochastic,1701,473,348,331,0.0696,0.0662,1064223.544921875,0,14,2.0
t0375_j0625,37.5% throughput + 62.5% Jain fairness,stochastic,1701,474,304,276,0.0608,0.0552,925332.1133422852,6,15,1.0
t0375_j0625,37.5% throughput + 62.5% Jain fairness,stochastic,1701,475,233,208,0.0466,0.0416,29565.115562438965,7,2,0.5
t0375_j0625,37.5% throughput + 62.5% Jain fairness,stochastic,1701,476,215,202,0.043,0.0404,73794.37889099121,20,4,0.5
t0375_j0625,37.5% throughput + 62.5% Jain fairness,stochastic,1701,477,266,244,0.0532,0.0488,409493.75592041016,4,10,0.5
t0375_j0625,37.5% throughput + 62.5% Jain fairness,stochastic,1701,478,262,233,0.0524,0.0466,350095.89779663086,9,9,1.0
t0375_j0625,37.5% throughput + 62.5% Jain fairness,stochastic,1701,479,246,222,0.0492,0.0444,50601.66720581055,17,3,1.0
t0375_j0625,37.5% throughput + 62.5% Jain fairness,stochastic,1701,480,256,231,0.0512,0.0462,269912.013671875,9,8,0.5
t0375_j0625,37.5% throughput + 62.5% Jain fairness,stochastic,1701,481,203,177,0.0406,0.0354,16305.188507080078,9,1,0.5
t0375_j0625,37.5% throughput + 62.5% Jain fairness,stochastic,1701,482,252,224,0.0504,0.0448,457925.61895751953,25,11,0.5
t0375_j0625,37.5% throughput + 62.5% Jain fairness,stochastic,1701,483,298,268,0.0596,0.0536,730658.5825195312,17,13,1.0
t0375_j0625,37.5% throughput + 62.5% Jain fairness,stochastic,1701,484,291,266,0.0582,0.0532,639917.8353881836,14,12,1.0
t0375_j0625,37.5% throughput + 62.5% Jain fairness,stochastic,1701,485,317,286,0.0634,0.0572,209971.1579589844,12,6,2.0
t0375_j0625,37.5% throughput + 62.5% Jain fairness,stochastic,1701,486,243,214,0.0486,0.0428,193498.6293334961,8,7,0.5
t0375_j0625,37.5% throughput + 62.5% Jain fairness,stochastic,1701,487,233,203,0.0466,0.0406,75619.68154907227,29,4,1.0
t0375_j0625,37.5% throughput + 62.5% Jain fairness,stochastic,1701,488,307,269,0.0614,0.0538,860986.4096069336,6,14,1.0
t0375_j0625,37.5% throughput + 62.5% Jain fairness,stochastic,1701,489,229,212,0.0458,0.0424,48858.66036987305,14,3,0.5
t0375_j0625,37.5% throughput + 62.5% Jain fairness,stochastic,1701,490,247,226,0.0494,0.0452,339666.02993774414,19,9,0.5
t0375_j0625,37.5% throughput + 62.5% Jain fairness,stochastic,1701,491,265,233,0.053,0.0466,477605.8604431152,39,11,1.0
t0375_j0625,37.5% throughput + 62.5% Jain fairness,stochastic,1701,492,223,199,0.0446,0.0398,28075.00664520264,18,2,0.5
t0375_j0625,37.5% throughput + 62.5% Jain fairness,stochastic,1701,493,269,243,0.0538,0.0486,175145.84454345703,2,6,1.0
t0375_j0625,37.5% throughput + 62.5% Jain fairness,stochastic,1701,494,309,279,0.0618,0.0558,326604.5985107422,11,8,2.0
t0375_j0625,37.5% throughput + 62.5% Jain fairness,stochastic,1701,495,331,298,0.0662,0.0596,711520.9764404297,11,12,2.0
t0375_j0625,37.5% throughput + 62.5% Jain fairness,stochastic,1701,496,259,241,0.0518,0.0482,130636.93929290771,5,5,1.0
t0375_j0625,37.5% throughput + 62.5% Jain fairness,stochastic,1701,497,264,237,0.0528,0.0474,34272.50509643555,2,2,2.0
t0375_j0625,37.5% throughput + 62.5% Jain fairness,stochastic,1701,498,226,205,0.0452,0.041,241427.44665527344,13,8,0.5
t0375_j0625,37.5% throughput + 62.5% Jain fairness,stochastic,1701,499,273,247,0.0546,0.0494,36880.19570159912,9,2,2.0
t0375_j0625,37.5% throughput + 62.5% Jain fairness,stochastic,1701,500,277,251,0.0554,0.0502,36439.9362487793,0,2,2.0
t0375_j0625,37.5% throughput + 62.5% Jain fairness,stochastic,1701,501,290,262,0.058,0.0524,902058.3654785156,18,15,0.5
t0375_j0625,37.5% throughput + 62.5% Jain fairness,stochastic,1701,502,283,252,0.0566,0.0504,795211.4821777344,22,14,0.5
t0375_j0625,37.5% throughput + 62.5% Jain fairness,stochastic,1701,503,233,212,0.0466,0.0424,153061.4994506836,6,6,0.5
t0375_j0625,37.5% throughput + 62.5% Jain fairness,stochastic,1701,504,258,235,0.0516,0.047,667265.1276855469,5,13,0.5
t0375_j0625,37.5% throughput + 62.5% Jain fairness,stochastic,1701,505,314,281,0.0628,0.0562,880201.5569458008,24,14,1.0
t0375_j0625,37.5% throughput + 62.5% Jain fairness,stochastic,1701,506,230,197,0.046,0.0394,27939.542198181152,3,2,1.0
t0375_j0625,37.5% throughput + 62.5% Jain fairness,stochastic,1701,507,256,237,0.0512,0.0474,489126.0018005371,12,11,1.0
t0375_j0625,37.5% throughput + 62.5% Jain fairness,stochastic,1701,508,248,224,0.0496,0.0448,52126.79818725586,34,3,1.0
t0375_j0625,37.5% throughput + 62.5% Jain fairness,stochastic,1701,509,248,227,0.0496,0.0454,267423.0709228516,18,8,0.5
t0375_j0625,37.5% throughput + 62.5% Jain fairness,stochastic,1701,510,246,227,0.0492,0.0454,164613.31072998047,12,6,0.5
t0375_j0625,37.5% throughput + 62.5% Jain fairness,stochastic,1701,511,281,261,0.0562,0.0522,534246.5554504395,47,11,1.0
t0375_j0625,37.5% throughput + 62.5% Jain fairness,stochastic,1701,512,279,257,0.0558,0.0514,434347.4231872559,32,10,1.0
t0375_j0625,37.5% throughput + 62.5% Jain fairness,stochastic,1701,513,231,210,0.0462,0.042,77097.30751037598,24,4,0.5
t0375_j0625,37.5% throughput + 62.5% Jain fairness,stochastic,1701,514,205,191,0.041,0.0382,27329.952186584476,3,2,0.5
t0375_j0625,37.5% throughput + 62.5% Jain fairness,stochastic,1701,515,223,200,0.0446,0.04,28786.19499206543,49,2,0.5
t0375_j0625,37.5% throughput + 62.5% Jain fairness,stochastic,1701,516,211,193,0.0422,0.0386,17889.498321533203,7,1,1.0
t0375_j0625,37.5% throughput + 62.5% Jain fairness,stochastic,1701,517,285,259,0.057,0.0518,188226.5720214844,22,6,2.0
t0375_j0625,37.5% throughput + 62.5% Jain fairness,stochastic,1701,518,239,212,0.0478,0.0424,78053.41842651367,26,4,0.5
t0375_j0625,37.5% throughput + 62.5% Jain fairness,stochastic,1701,519,276,257,0.0552,0.0514,521766.4023132324,0,11,1.0
t0375_j0625,37.5% throughput + 62.5% Jain fairness,stochastic,1701,520,278,248,0.0556,0.0496,760476.4081420898,9,14,0.5
t0375_j0625,37.5% throughput + 62.5% Jain fairness,stochastic,1701,521,249,220,0.0498,0.044,31563.21615600586,8,2,1.0
t0375_j0625,37.5% throughput + 62.5% Jain fairness,stochastic,1701,522,245,218,0.049,0.0436,31190.688926696777,5,2,1.0
t0375_j0625,37.5% throughput + 62.5% Jain fairness,stochastic,1701,523,339,303,0.0678,0.0606,715467.606262207,35,12,2.0
t0375_j0625,37.5% throughput + 62.5% Jain fairness,stochastic,1701,524,318,289,0.0636,0.0578,213198.86993408203,43,6,2.0
t0375_j0625,37.5% throughput + 62.5% Jain fairness,stochastic,1701,525,362,326,0.0724,0.0652,1058311.1918945312,6,14,2.0
t0375_j0625,37.5% throughput + 62.5% Jain fairness,stochastic,1701,526,281,258,0.0562,0.0516,433558.41787719727,1,10,1.0
t0375_j0625,37.5% throughput + 62.5% Jain fairness,stochastic,1701,527,220,197,0.044,0.0394,107069.07245635986,10,5,0.5
t0375_j0625,37.5% throughput + 62.5% Jain fairness,stochastic,1701,528,259,237,0.0518,0.0474,396869.6709594727,40,10,0.5
t0375_j0625,37.5% throughput + 62.5% Jain fairness,stochastic,1701,529,234,212,0.0468,0.0424,358997.41607666016,1,10,0.5
t0375_j0625,37.5% throughput + 62.5% Jain fairness,stochastic,1701,530,357,321,0.0714,0.0642,897311.4792480469,17,13,2.0
t0375_j0625,37.5% throughput + 62.5% Jain fairness,stochastic,1701,531,341,317,0.0682,0.0634,1068987.315673828,27,15,1.0
t0375_j0625,37.5% throughput + 62.5% Jain fairness,stochastic,1701,532,234,212,0.0468,0.0424,78488.01429748535,15,4,1.0
t0375_j0625,37.5% throughput + 62.5% Jain fairness,stochastic,1701,533,222,200,0.0444,0.04,28752.32888031006,37,2,0.5
t0375_j0625,37.5% throughput + 62.5% Jain fairness,stochastic,1701,534,331,295,0.0662,0.059,713212.3892211914,8,12,2.0
t0375_j0625,37.5% throughput + 62.5% Jain fairness,stochastic,1701,535,220,196,0.044,0.0392,45917.33633422852,6,3,0.5
t0375_j0625,37.5% throughput + 62.5% Jain fairness,stochastic,1701,536,239,212,0.0478,0.0424,317415.64517211914,16,9,0.5
t0375_j0625,37.5% throughput + 62.5% Jain fairness,stochastic,1701,537,231,203,0.0462,0.0406,75358.92402648926,0,4,1.0
t0375_j0625,37.5% throughput + 62.5% Jain fairness,stochastic,1701,538,239,219,0.0478,0.0438,79965.64025878906,1,4,1.0
t0375_j0625,37.5% throughput + 62.5% Jain fairness,stochastic,1701,539,250,225,0.05,0.045,84398.5181427002,4,4,1.0
t0375_j0625,37.5% throughput + 62.5% Jain fairness,stochastic,1701,540,258,236,0.0516,0.0472,477125.85455322266,78,11,0.5
t0375_j0625,37.5% throughput + 62.5% Jain fairness,stochastic,1701,541,272,241,0.0544,0.0482,815383.7182617188,28,15,0.5
t0375_j0625,37.5% throughput + 62.5% Jain fairness,stochastic,1701,542,263,239,0.0526,0.0478,407521.2426452637,46,10,1.0
t0375_j0625,37.5% throughput + 62.5% Jain fairness,stochastic,1701,543,238,216,0.0476,0.0432,31156.822814941406,10,2,1.0
t0375_j0625,37.5% throughput + 62.5% Jain fairness,stochastic,1701,544,288,260,0.0576,0.052,616801.8607177734,4,12,1.0
t0375_j0625,37.5% throughput + 62.5% Jain fairness,stochastic,1701,545,308,278,0.0616,0.0556,417890.0388793945,3,9,2.0
t0375_j0625,37.5% throughput + 62.5% Jain fairness,stochastic,1701,546,265,243,0.053,0.0486,400025.69219970703,40,10,0.5
t0375_j0625,37.5% throughput + 62.5% Jain fairness,stochastic,1701,547,258,236,0.0516,0.0472,351138.88458251953,33,9,1.0
t0375_j0625,37.5% throughput + 62.5% Jain fairness,stochastic,1701,548,322,288,0.0644,0.0576,488788.7895812988,25,10,2.0
t0375_j0625,37.5% throughput + 62.5% Jain fairness,stochastic,1701,549,268,238,0.0536,0.0476,281803.6290283203,20,8,1.0
t0375_j0625,37.5% throughput + 62.5% Jain fairness,stochastic,1701,550,303,272,0.0606,0.0544,848422.6594238281,21,14,1.0
t0375_j0625,37.5% throughput + 62.5% Jain fairness,stochastic,1701,551,283,252,0.0566,0.0504,423301.3488464356,23,10,0.5
t0375_j0625,37.5% throughput + 62.5% Jain fairness,stochastic,1701,552,263,237,0.0526,0.0474,169369.9389038086,38,6,1.0
t0375_j0625,37.5% throughput + 62.5% Jain fairness,stochastic,1701,553,358,324,0.0716,0.0648,1029488.4708862304,3,14,2.0
t0375_j0625,37.5% throughput + 62.5% Jain fairness,stochastic,1701,554,265,235,0.053,0.047,279867.78466796875,21,8,1.0
t0375_j0625,37.5% throughput + 62.5% Jain fairness,stochastic,1701,555,216,200,0.0432,0.04,28921.659439086918,48,2,1.0
t0375_j0625,37.5% throughput + 62.5% Jain fairness,stochastic,1701,556,296,265,0.0592,0.053,544326.6791381836,24,11,1.0
t0375_j0625,37.5% throughput + 62.5% Jain fairness,stochastic,1701,557,278,250,0.0556,0.05,604398.1669921875,0,12,1.0
t0375_j0625,37.5% throughput + 62.5% Jain fairness,stochastic,1701,558,255,233,0.051,0.0466,274613.34997558594,12,8,0.5
t0375_j0625,37.5% throughput + 62.5% Jain fairness,stochastic,1701,559,244,214,0.0488,0.0428,253319.06201171875,35,8,0.5
t0375_j0625,37.5% throughput + 62.5% Jain fairness,stochastic,1701,560,223,202,0.0446,0.0404,46244.1501159668,25,3,0.5
t0375_j0625,37.5% throughput + 62.5% Jain fairness,stochastic,1701,561,248,224,0.0496,0.0448,379511.5541381836,6,10,0.5
t0375_j0625,37.5% throughput + 62.5% Jain fairness,stochastic,1701,562,252,226,0.0504,0.0452,84224.67979431152,11,4,1.0
t0375_j0625,37.5% throughput + 62.5% Jain fairness,stochastic,1701,563,289,256,0.0578,0.0512,608344.7968139648,46,12,1.0
t0375_j0625,37.5% throughput + 62.5% Jain fairness,stochastic,1701,564,237,220,0.0474,0.044,20816.07061767578,9,1,1.0
t0375_j0625,37.5% throughput + 62.5% Jain fairness,stochastic,1701,565,265,238,0.053,0.0476,484325.9429016113,26,11,0.5
t0375_j0625,37.5% throughput + 62.5% Jain fairness,stochastic,1701,566,289,259,0.0578,0.0518,516486.33752441406,7,11,0.5
t0375_j0625,37.5% throughput + 62.5% Jain fairness,stochastic,1701,567,289,262,0.0578,0.0524,630896.9672241211,29,12,1.0
t0375_j0625,37.5% throughput + 62.5% Jain fairness,stochastic,1701,568,260,237,0.052,0.0474,399236.6868896485,37,10,0.5
t0375_j0625,37.5% throughput + 62.5% Jain fairness,stochastic,1701,569,290,255,0.058,0.051,36676.999031066895,25,2,2.0
t0375_j0625,37.5% throughput + 62.5% Jain fairness,stochastic,1701,570,223,199,0.0446,0.0398,328620.7116394043,5,10,0.5
t0375_j0625,37.5% throughput + 62.5% Jain fairness,stochastic,1701,571,250,230,0.05,0.046,122907.69264221191,41,5,0.5
t0375_j0625,37.5% throughput + 62.5% Jain fairness,stochastic,1701,572,253,234,0.0506,0.0468,551964.3707885742,5,12,1.0
t0375_j0625,37.5% throughput + 62.5% Jain fairness,stochastic,1701,573,256,231,0.0512,0.0462,53978.74295043945,22,3,1.0
t0375_j0625,37.5% throughput + 62.5% Jain fairness,stochastic,1701,574,250,227,0.05,0.0454,266040.3249511719,9,8,1.0
t0375_j0625,37.5% throughput + 62.5% Jain fairness,stochastic,1701,575,307,276,0.0614,0.0552,939777.887878418,0,15,0.5
t0375_j0625,37.5% throughput + 62.5% Jain fairness,stochastic,1701,576,320,283,0.064,0.0566,690096.4145507812,2,12,2.0
t0375_j0625,37.5% throughput + 62.5% Jain fairness,stochastic,1701,577,240,218,0.048,0.0436,80226.39778137207,3,4,0.5
t0375_j0625,37.5% throughput + 62.5% Jain fairness,stochastic,1701,578,226,210,0.0452,0.042,48586.31555175781,0,3,0.5
t0375_j0625,37.5% throughput + 62.5% Jain fairness,stochastic,1701,579,279,245,0.0558,0.049,228486.25360107425,12,7,2.0
t0375_j0625,37.5% throughput + 62.5% Jain fairness,stochastic,1701,580,207,187,0.0414,0.0374,26584.89772796631,24,2,0.5
t0375_j0625,37.5% throughput + 62.5% Jain fairness,stochastic,1701,581,345,317,0.069,0.0634,900579.1831054688,14,13,2.0
t0375_j0625,37.5% throughput + 62.5% Jain fairness,stochastic,1701,582,255,221,0.051,0.0442,259956.24267578125,48,8,1.0
t0375_j0625,37.5% throughput + 62.5% Jain fairness,stochastic,1701,583,253,221,0.0506,0.0442,526593.1790771484,9,12,0.5
t0375_j0625,37.5% throughput + 62.5% Jain fairness,stochastic,1701,584,221,205,0.0442,0.041,19495.812438964844,24,1,0.5
t0375_j0625,37.5% throughput + 62.5% Jain fairness,stochastic,1701,585,239,211,0.0478,0.0422,113657.93845367432,11,5,1.0
t0375_j0625,37.5% throughput + 62.5% Jain fairness,stochastic,1701,586,271,249,0.0542,0.0498,58336.2600402832,35,3,2.0
t0375_j0625,37.5% throughput + 62.5% Jain fairness,stochastic,1701,587,219,194,0.0438,0.0388,27702.479415893555,47,2,0.5
t0375_j0625,37.5% throughput + 62.5% Jain fairness,stochastic,1701,588,223,202,0.0446,0.0404,47442.46731567383,0,3,0.5
t0375_j0625,37.5% throughput + 62.5% Jain fairness,stochastic,1701,589,275,254,0.055,0.0508,235099.76794433597,2,7,1.0
t0375_j0625,37.5% throughput + 62.5% Jain fairness,stochastic,1701,590,210,188,0.042,0.0376,70056.85440063477,8,4,0.5
t0375_j0625,37.5% throughput + 62.5% Jain fairness,stochastic,1701,591,272,253,0.0544,0.0506,301162.07263183594,27,8,1.0
t0375_j0625,37.5% throughput + 62.5% Jain fairness,stochastic,1701,592,227,196,0.0454,0.0392,46244.1501159668,6,3,0.5
t0375_j0625,37.5% throughput + 62.5% Jain fairness,stochastic,1701,593,326,293,0.0652,0.0586,440488.0859069824,0,9,2.0
t0375_j0625,37.5% throughput + 62.5% Jain fairness,stochastic,1701,594,222,203,0.0444,0.0406,47932.68798828125,52,3,0.5
t0375_j0625,37.5% throughput + 62.5% Jain fairness,stochastic,1701,595,233,208,0.0466,0.0416,19649.842559814453,14,1,1.0
t0375_j0625,37.5% throughput + 62.5% Jain fairness,stochastic,1701,596,243,213,0.0486,0.0426,49784.63275146485,3,3,1.0
t0375_j0625,37.5% throughput + 62.5% Jain fairness,stochastic,1701,597,221,202,0.0442,0.0404,185178.40161132807,80,7,0.5
t0375_j0625,37.5% throughput + 62.5% Jain fairness,stochastic,1701,598,269,243,0.0538,0.0486,670532.8315429688,4,13,0.5
t0375_j0625,37.5% throughput + 62.5% Jain fairness,stochastic,1701,599,244,218,0.0488,0.0436,31021.35836791992,25,2,1.0
t0375_j0625,37.5% throughput + 62.5% Jain fairness,stochastic,1701,600,229,199,0.0458,0.0398,45699.46047973633,34,3,0.5
t0375_j0625,37.5% throughput + 62.5% Jain fairness,stochastic,1701,601,291,256,0.0582,0.0512,139633.27555847168,7,5,2.0
t0375_j0625,37.5% throughput + 62.5% Jain fairness,stochastic,1701,602,274,240,0.0548,0.048,359135.116607666,5,9,1.0
t0375_j0625,37.5% throughput + 62.5% Jain fairness,stochastic,1701,603,228,202,0.0456,0.0404,19033.722076416016,2,1,0.5
t0375_j0625,37.5% throughput + 62.5% Jain fairness,stochastic,1701,604,221,199,0.0442,0.0398,28244.33720397949,13,2,0.5
t0375_j0625,37.5% throughput + 62.5% Jain fairness,stochastic,1701,605,285,264,0.057,0.0528,191284.4044189453,9,6,2.0
t0375_j0625,37.5% throughput + 62.5% Jain fairness,stochastic,1701,606,250,226,0.05,0.0452,163594.03326416016,27,6,1.0
t0375_j0625,37.5% throughput + 62.5% Jain fairness,stochastic,1701,607,249,216,0.0498,0.0432,314982.0093383789,10,9,0.5
t0375_j0625,37.5% throughput + 62.5% Jain fairness,stochastic,1701,608,265,240,0.053,0.048,22444.389038085938,5,1,2.0
t0375_j0625,37.5% throughput + 62.5% Jain fairness,stochastic,1701,609,263,242,0.0526,0.0484,570569.9113769531,19,12,0.5
t0375_j0625,37.5% throughput + 62.5% Jain fairness,stochastic,1701,610,270,247,0.054,0.0494,414622.290435791,5,10,1.0
t0375_j0625,37.5% throughput + 62.5% Jain fairness,stochastic,1701,611,288,256,0.0576,0.0512,807036.1882324219,3,14,1.0
t0375_j0625,37.5% throughput + 62.5% Jain fairness,stochastic,1701,612,250,222,0.05,0.0444,325411.8771972656,25,9,0.5
t0375_j0625,37.5% throughput + 62.5% Jain fairness,stochastic,1701,613,237,211,0.0474,0.0422,78140.33760070801,10,4,1.0
t0375_j0625,37.5% throughput + 62.5% Jain fairness,stochastic,1701,614,265,236,0.053,0.0472,171238.6142578125,22,6,1.0
t0375_j0625,37.5% throughput + 62.5% Jain fairness,stochastic,1701,615,244,229,0.0488,0.0458,207579.01470947263,6,7,1.0
t0375_j0625,37.5% throughput + 62.5% Jain fairness,stochastic,1701,616,222,200,0.0444,0.04,28853.92721557617,13,2,0.5
t0375_j0625,37.5% throughput + 62.5% Jain fairness,stochastic,1701,617,244,228,0.0488,0.0456,122780.9836807251,13,5,1.0
t0375_j0625,37.5% throughput + 62.5% Jain fairness,stochastic,1701,618,277,258,0.0554,0.0516,531366.520111084,2,11,1.0
t0375_j0625,37.5% throughput + 62.5% Jain fairness,stochastic,1701,619,210,186,0.042,0.0372,98579.57203674316,9,5,0.5
t0375_j0625,37.5% throughput + 62.5% Jain fairness,stochastic,1701,620,301,271,0.0602,0.0542,635407.4013061523,1,12,1.0
t0375_j0625,37.5% throughput + 62.5% Jain fairness,stochastic,1701,621,299,267,0.0598,0.0534,906873.6236572266,3,15,0.5
t0375_j0625,37.5% throughput + 62.5% Jain fairness,stochastic,1701,622,219,201,0.0438,0.0402,143038.6043701172,35,6,0.5
t0375_j0625,37.5% throughput + 62.5% Jain fairness,stochastic,1701,623,271,243,0.0542,0.0486,413438.7824707031,18,10,0.5
t0375_j0625,37.5% throughput + 62.5% Jain fairness,stochastic,1701,624,236,213,0.0472,0.0426,49675.69482421875,6,3,1.0
t0375_j0625,37.5% throughput + 62.5% Jain fairness,stochastic,1701,625,226,199,0.0452,0.0398,234513.716796875,21,8,0.5
t0375_j0625,37.5% throughput + 62.5% Jain fairness,stochastic,1701,626,277,239,0.0554,0.0478,566059.4772949219,13,12,0.5
t0375_j0625,37.5% throughput + 62.5% Jain fairness,stochastic,1701,627,301,278,0.0602,0.0556,326328.04931640625,71,8,2.0
t0375_j0625,37.5% throughput + 62.5% Jain fairness,stochastic,1701,628,321,293,0.0642,0.0586,1038490.6805419922,10,15,2.0
t0375_j0625,37.5% throughput + 62.5% Jain fairness,stochastic,1701,629,224,200,0.0448,0.04,143038.6043701172,11,6,0.5
t0375_j0625,37.5% throughput + 62.5% Jain fairness,stochastic,1701,630,249,230,0.0498,0.046,164443.43115234375,4,6,0.5
t0375_j0625,37.5% throughput + 62.5% Jain fairness,stochastic,1701,631,265,238,0.053,0.0476,279314.6862792969,10,8,1.0
t0375_j0625,37.5% throughput + 62.5% Jain fairness,stochastic,1701,632,325,291,0.065,0.0582,488394.28692626953,19,10,2.0
t0375_j0625,37.5% throughput + 62.5% Jain fairness,stochastic,1701,633,242,225,0.0484,0.045,162234.9966430664,21,6,0.5
t0375_j0625,37.5% throughput + 62.5% Jain fairness,stochastic,1701,634,238,219,0.0476,0.0438,195418.6818847656,4,7,0.5
t0375_j0625,37.5% throughput + 62.5% Jain fairness,stochastic,1701,635,277,251,0.0554,0.0502,377561.2164916992,15,9,1.0
t0375_j0625,37.5% throughput + 62.5% Jain fairness,stochastic,1701,636,264,237,0.0528,0.0474,55231.52911376953,9,3,1.0
t0375_j0625,37.5% throughput + 62.5% Jain fairness,stochastic,1701,637,199,183,0.0398,0.0366,98959.6989212036,13,5,0.5
t0375_j0625,37.5% throughput + 62.5% Jain fairness,stochastic,1701,638,252,229,0.0504,0.0458,32714.66395568848,18,2,1.0
t0375_j0625,37.5% throughput + 62.5% Jain fairness,stochastic,1701,639,262,237,0.0524,0.0474,398053.17892456055,18,10,0.5
t0375_j0625,37.5% throughput + 62.5% Jain fairness,stochastic,1701,640,267,241,0.0534,0.0482,407521.2426452637,37,10,1.0
t0375_j0625,37.5% throughput + 62.5% Jain fairness,stochastic,1701,641,310,285,0.062,0.057,594727.2975769043,1,11,2.0
t0375_j0625,37.5% throughput + 62.5% Jain fairness,stochastic,1701,642,216,196,0.0432,0.0392,18329.58438110352,49,1,0.5
t0375_j0625,37.5% throughput + 62.5% Jain fairness,stochastic,1701,643,251,217,0.0502,0.0434,319849.2810058594,10,9,0.5
t0375_j0625,37.5% throughput + 62.5% Jain fairness,stochastic,1701,644,236,205,0.0472,0.041,301770.84338378906,18,9,0.5
t0375_j0625,37.5% throughput + 62.5% Jain fairness,stochastic,1701,645,282,260,0.0564,0.052,812948.5412597656,13,14,1.0
t0375_j0625,37.5% throughput + 62.5% Jain fairness,stochastic,1701,646,283,258,0.0566,0.0516,512646.29040527344,6,11,0.5
t0375_j0625,37.5% throughput + 62.5% Jain fairness,stochastic,1701,647,258,227,0.0516,0.0454,206725.65802001956,0,7,1.0
t0375_j0625,37.5% throughput + 62.5% Jain fairness,stochastic,1701,648,285,256,0.057,0.0512,797428.6145629883,11,14,0.5
t0375_j0625,37.5% throughput + 62.5% Jain fairness,stochastic,1701,649,289,254,0.0578,0.0508,796689.5704345703,22,14,1.0
t0375_j0625,37.5% throughput + 62.5% Jain fairness,stochastic,1701,650,272,241,0.0544,0.0482,278761.587890625,5,8,1.0
t0375_j0625,37.5% throughput + 62.5% Jain fairness,stochastic,1701,651,253,225,0.0506,0.045,52453.61196899414,4,3,1.0
t0375_j0625,37.5% throughput + 62.5% Jain fairness,stochastic,1701,652,184,167,0.0368,0.0334,15623.055114746094,7,1,0.5
t0375_j0625,37.5% throughput + 62.5% Jain fairness,stochastic,1701,653,233,207,0.0466,0.0414,48422.90866088867,28,3,1.0
t0375_j0625,37.5% throughput + 62.5% Jain fairness,stochastic,1701,654,232,209,0.0464,0.0418,306638.11505126953,8,9,0.5
t0375_j0625,37.5% throughput + 62.5% Jain fairness,stochastic,1701,655,243,224,0.0486,0.0448,20464.00177001953,8,1,1.0
t0375_j0625,37.5% throughput + 62.5% Jain fairness,stochastic,1701,656,264,243,0.0528,0.0486,410282.7612304688,15,10,0.5
t0375_j0625,37.5% throughput + 62.5% Jain fairness,stochastic,1701,657,222,196,0.0444,0.0392,45154.77084350586,14,3,0.5
t0375_j0625,37.5% throughput + 62.5% Jain fairness,stochastic,1701,658,284,251,0.0568,0.0502,23742.64291381836,6,1,2.0
t0375_j0625,37.5% throughput + 62.5% Jain fairness,stochastic,1701,659,264,247,0.0528,0.0494,288717.35888671875,19,8,1.0
t0375_j0625,37.5% throughput + 62.5% Jain fairness,stochastic,1701,660,252,233,0.0504,0.0466,211845.79815673828,18,7,1.0
t0375_j0625,37.5% throughput + 62.5% Jain fairness,stochastic,1701,661,331,292,0.0662,0.0584,600007.3623657227,53,11,2.0
t0375_j0625,37.5% throughput + 62.5% Jain fairness,stochastic,1701,662,259,234,0.0518,0.0468,396080.66564941406,23,10,1.0
t0375_j0625,37.5% throughput + 62.5% Jain fairness,stochastic,1701,663,309,285,0.0618,0.057,786209.5480957031,2,13,1.0
t0375_j0625,37.5% throughput + 62.5% Jain fairness,stochastic,1701,664,223,198,0.0446,0.0396,141339.80859375,50,6,0.5
t0375_j0625,37.5% throughput + 62.5% Jain fairness,stochastic,1701,665,271,244,0.0542,0.0488,784125.8202514648,8,14,1.0
t0375_j0625,37.5% throughput + 62.5% Jain fairness,stochastic,1701,666,296,261,0.0592,0.0522,821078.0266723633,8,14,1.0
t0375_j0625,37.5% throughput + 62.5% Jain fairness,stochastic,1701,667,246,221,0.0492,0.0442,696179.5689697266,8,14,0.5
t0375_j0625,37.5% throughput + 62.5% Jain fairness,stochastic,1701,668,268,246,0.0536,0.0492,357049.1430358887,15,9,0.5
t0375_j0625,37.5% throughput + 62.5% Jain fairness,stochastic,1701,669,287,258,0.0574,0.0516,381037.8391113281,10,9,1.0
t0375_j0625,37.5% throughput + 62.5% Jain fairness,stochastic,1701,670,299,269,0.0598,0.0538,639354.0311279297,26,12,1.0
t0375_j0625,37.5% throughput + 62.5% Jain fairness,stochastic,1701,671,232,215,0.0464,0.043,80139.47860717773,26,4,0.5
t0375_j0625,37.5% throughput + 62.5% Jain fairness,stochastic,1701,672,296,270,0.0592,0.054,245126.70904541016,24,7,2.0
t0375_j0625,37.5% throughput + 62.5% Jain fairness,stochastic,1701,673,250,228,0.05,0.0456,338623.04315185547,27,9,1.0
t0375_j0625,37.5% throughput + 62.5% Jain fairness,stochastic,1701,674,288,251,0.0576,0.0502,510246.26095581055,37,11,1.0
t0375_j0625,37.5% throughput + 62.5% Jain fairness,stochastic,1701,675,319,287,0.0638,0.0574,817579.5051269531,4,13,2.0
t0375_j0625,37.5% throughput + 62.5% Jain fairness,stochastic,1701,676,253,221,0.0506,0.0442,82833.97300720215,1,4,1.0
t0375_j0625,37.5% throughput + 62.5% Jain fairness,stochastic,1701,677,278,251,0.0556,0.0502,58880.94967651367,16,3,2.0
t0375_j0625,37.5% throughput + 62.5% Jain fairness,stochastic,1701,678,273,250,0.0546,0.05,409099.25326538086,6,10,1.0
t0375_j0625,37.5% throughput + 62.5% Jain fairness,stochastic,1701,679,298,275,0.0596,0.055,569286.9854125977,12,11,1.0
t0375_j0625,37.5% throughput + 62.5% Jain fairness,stochastic,1701,680,268,248,0.0536,0.0496,23082.51382446289,13,1,2.0
t0375_j0625,37.5% throughput + 62.5% Jain fairness,stochastic,1701,681,284,258,0.0568,0.0516,812948.5412597656,8,14,0.5
t0375_j0625,37.5% throughput + 62.5% Jain fairness,stochastic,1701,682,334,292,0.0668,0.0584,999166.0720825196,1,15,2.0
t0375_j0625,37.5% throughput + 62.5% Jain fairness,stochastic,1701,683,277,247,0.0554,0.0494,418172.8143310547,3,10,0.5
t0375_j0625,37.5% throughput + 62.5% Jain fairness,stochastic,1701,684,309,280,0.0618,0.056,467880.1488647461,5,10,2.0
t0375_j0625,37.5% throughput + 62.5% Jain fairness,stochastic,1701,685,289,258,0.0578,0.0516,711052.359375,16,13,1.0
t0375_j0625,37.5% throughput + 62.5% Jain fairness,stochastic,1701,686,253,224,0.0506,0.0448,32748.530067443848,13,2,1.0
t0375_j0625,37.5% throughput + 62.5% Jain fairness,stochastic,1701,687,251,226,0.0502,0.0452,164443.43115234375,2,6,0.5
t0375_j0625,37.5% throughput + 62.5% Jain fairness,stochastic,1701,688,271,255,0.0542,0.051,234673.08959960935,38,7,1.0
t0375_j0625,37.5% throughput + 62.5% Jain fairness,stochastic,1701,689,244,213,0.0488,0.0426,31089.090591430664,12,2,1.0
t0375_j0625,37.5% throughput + 62.5% Jain fairness,stochastic,1701,690,310,284,0.062,0.0568,773138.7326660156,3,13,1.0
t0375_j0625,37.5% throughput + 62.5% Jain fairness,stochastic,1701,691,245,217,0.049,0.0434,20397.988861083984,6,1,1.0
t0375_j0625,37.5% throughput + 62.5% Jain fairness,stochastic,1701,692,265,235,0.053,0.047,210779.10229492188,13,7,0.5
t0375_j0625,37.5% throughput + 62.5% Jain fairness,stochastic,1701,693,249,220,0.0498,0.044,259679.6934814453,8,8,0.5
t0375_j0625,37.5% throughput + 62.5% Jain fairness,stochastic,1701,694,215,195,0.043,0.039,27905.67608642578,16,2,0.5
t0375_j0625,37.5% throughput + 62.5% Jain fairness,stochastic,1701,695,276,256,0.0552,0.0512,610036.2095947266,4,12,0.5
t0375_j0625,37.5% throughput + 62.5% Jain fairness,stochastic,1701,696,244,215,0.0488,0.043,357419.40545654297,25,10,0.5
t0375_j0625,37.5% throughput + 62.5% Jain fairness,stochastic,1701,697,266,242,0.0532,0.0484,500646.143157959,0,11,1.0
t0375_j0625,37.5% throughput + 62.5% Jain fairness,stochastic,1701,698,271,239,0.0542,0.0478,128229.4690246582,1,5,1.0
t0375_j0625,37.5% throughput + 62.5% Jain fairness,stochastic,1701,699,329,297,0.0658,0.0594,937107.9548339844,14,14,2.0
t0375_j0625,37.5% throughput + 62.5% Jain fairness,stochastic,1701,700,234,207,0.0468,0.0414,152891.61987304688,29,6,1.0
t0375_j0625,37.5% throughput + 62.5% Jain fairness,stochastic,1701,701,236,214,0.0472,0.0428,153401.25860595703,32,6,0.5
t0375_j0625,37.5% throughput + 62.5% Jain fairness,stochastic,1701,702,269,241,0.0538,0.0482,577899.3667602539,5,12,1.0
t0375_j0625,37.5% throughput + 62.5% Jain fairness,stochastic,1701,703,266,247,0.0532,0.0494,93264.27391052246,22,4,1.0
t0375_j0625,37.5% throughput + 62.5% Jain fairness,stochastic,1701,704,367,332,0.0734,0.0664,1050920.7506103516,17,14,2.0
t0375_j0625,37.5% throughput + 62.5% Jain fairness,stochastic,1701,705,261,235,0.0522,0.047,394897.1576843262,3,10,0.5
t0375_j0625,37.5% throughput + 62.5% Jain fairness,stochastic,1701,706,328,298,0.0656,0.0596,943020.307861328,12,14,1.0
t0375_j0625,37.5% throughput + 62.5% Jain fairness,stochastic,1701,707,227,212,0.0454,0.0424,30919.76003265381,13,2,0.5
t0375_j0625,37.5% throughput + 62.5% Jain fairness,stochastic,1701,708,248,220,0.0496,0.044,159007.28466796875,15,6,1.0
t0375_j0625,37.5% throughput + 62.5% Jain fairness,stochastic,1701,709,261,234,0.0522,0.0468,392924.6444091797,2,10,1.0
t0375_j0625,37.5% throughput + 62.5% Jain fairness,stochastic,1701,710,273,248,0.0546,0.0496,678375.3208007812,8,13,0.5
t0375_j0625,37.5% throughput + 62.5% Jain fairness,stochastic,1701,711,342,311,0.0684,0.0622,1090655.977478027,19,15,2.0
t0375_j0625,37.5% throughput + 62.5% Jain fairness,stochastic,1701,712,267,235,0.0534,0.047,742739.3490600586,12,14,0.5
t0375_j0625,37.5% throughput + 62.5% Jain fairness,stochastic,1701,713,267,234,0.0534,0.0468,87093.01254272461,14,4,1.0
t0375_j0625,37.5% throughput + 62.5% Jain fairness,stochastic,1701,714,307,273,0.0614,0.0546,950210.947265625,15,15,1.0
t0375_j0625,37.5% throughput + 62.5% Jain fairness,stochastic,1701,715,269,240,0.0538,0.048,88831.39602661133,26,4,1.0
t0375_j0625,37.5% throughput + 62.5% Jain fairness,stochastic,1701,716,275,251,0.055,0.0502,295907.6379394531,14,8,0.5
t0375_j0625,37.5% throughput + 62.5% Jain fairness,stochastic,1701,717,332,291,0.0664,0.0582,938586.0430908204,7,14,2.0
t0375_j0625,37.5% throughput + 62.5% Jain fairness,stochastic,1701,718,292,257,0.0584,0.0514,791516.2615356445,22,14,1.0
t0375_j0625,37.5% throughput + 62.5% Jain fairness,stochastic,1701,719,255,231,0.051,0.0462,773651.4807128906,1,15,0.5
t0375_j0625,37.5% throughput + 62.5% Jain fairness,stochastic,1701,720,264,229,0.0528,0.0458,632627.466796875,5,13,0.5
t0375_j0625,37.5% throughput + 62.5% Jain fairness,stochastic,1701,721,216,201,0.0432,0.0402,29361.91889190674,21,2,0.5
t0375_j0625,37.5% throughput + 62.5% Jain fairness,stochastic,1701,722,284,261,0.0568,0.0522,433952.92053222656,4,10,1.0
t0375_j0625,37.5% throughput + 62.5% Jain fairness,stochastic,1701,723,286,257,0.0572,0.0514,612855.2308959961,13,12,0.5
t0375_j0625,37.5% throughput + 62.5% Jain fairness,stochastic,1701,724,318,283,0.0636,0.0566,417542.3766174317,7,9,2.0
t0375_j0625,37.5% throughput + 62.5% Jain fairness,stochastic,1701,725,271,248,0.0542,0.0496,416989.3063659668,6,10,1.0
t0375_j0625,37.5% throughput + 62.5% Jain fairness,stochastic,1701,726,260,234,0.052,0.0468,53869.80502319336,45,3,1.0
t0375_j0625,37.5% throughput + 62.5% Jain fairness,stochastic,1701,727,300,260,0.06,0.052,187377.1741333008,10,6,2.0
t0375_j0625,37.5% throughput + 62.5% Jain fairness,stochastic,1701,728,318,285,0.0636,0.057,983115.2114868164,16,15,1.0
t0375_j0625,37.5% throughput + 62.5% Jain fairness,stochastic,1701,729,267,243,0.0534,0.0486,416200.3010559082,96,10,1.0
t0375_j0625,37.5% throughput + 62.5% Jain fairness,stochastic,1701,730,257,229,0.0514,0.0458,337232.3941040039,3,9,1.0
t0375_j0625,37.5% throughput + 62.5% Jain fairness,stochastic,1701,731,280,242,0.056,0.0484,756042.143371582,18,14,0.5
t0375_j0625,37.5% throughput + 62.5% Jain fairness,stochastic,1701,732,245,220,0.049,0.044,52562.54989624024,7,3,1.0
t0375_j0625,37.5% throughput + 62.5% Jain fairness,stochastic,1701,733,259,233,0.0518,0.0466,478565.8722229004,4,11,0.5
t0375_j0625,37.5% throughput + 62.5% Jain fairness,stochastic,1701,734,246,226,0.0492,0.0452,167161.50439453125,0,6,1.0
t0375_j0625,37.5% throughput + 62.5% Jain fairness,stochastic,1701,735,224,213,0.0448,0.0426,30614.96502685547,1,2,0.5
t0375_j0625,37.5% throughput + 62.5% Jain fairness,stochastic,1701,736,220,189,0.044,0.0378,44010.92260742188,36,3,0.5
t0375_j0625,37.5% throughput + 62.5% Jain fairness,stochastic,1701,737,266,236,0.0532,0.0472,211632.458984375,24,7,1.0
t0375_j0625,37.5% throughput + 62.5% Jain fairness,stochastic,1701,738,262,235,0.0524,0.047,465125.7073059082,31,11,0.5
t0375_j0625,37.5% throughput + 62.5% Jain fairness,stochastic,1701,739,303,273,0.0606,0.0546,858030.2330932617,2,14,1.0
t0375_j0625,37.5% throughput + 62.5% Jain fairness,stochastic,1701,740,281,243,0.0562,0.0486,495366.0783691406,14,11,1.0
t0375_j0625,37.5% throughput + 62.5% Jain fairness,stochastic,1701,741,255,236,0.051,0.0472,650926.6083984375,31,13,0.5
t0375_j0625,37.5% throughput + 62.5% Jain fairness,stochastic,1701,742,253,226,0.0506,0.0452,162574.75579833984,23,6,1.0
t0375_j0625,37.5% throughput + 62.5% Jain fairness,stochastic,1701,743,292,259,0.0584,0.0518,813687.5853881836,35,14,1.0
t0375_j0625,37.5% throughput + 62.5% Jain fairness,stochastic,1701,744,236,211,0.0472,0.0422,49239.943115234375,3,3,1.0
t0375_j0625,37.5% throughput + 62.5% Jain fairness,stochastic,1701,745,287,261,0.0574,0.0522,875574.4454956055,7,15,0.5
t0375_j0625,37.5% throughput + 62.5% Jain fairness,stochastic,1701,746,273,245,0.0546,0.049,408310.2479553223,18,10,0.5
t0375_j0625,37.5% throughput + 62.5% Jain fairness,stochastic,1701,747,280,250,0.056,0.05,690792.5954589844,0,13,0.5
t0375_j0625,37.5% throughput + 62.5% Jain fairness,stochastic,1701,748,213,190,0.0426,0.038,314813.1187133789,53,10,0.5
t0375_j0625,37.5% throughput + 62.5% Jain fairness,stochastic,1701,749,269,239,0.0538,0.0478,90482.86033630373,10,4,2.0
t0375_j0625,37.5% throughput + 62.5% Jain fairness,stochastic,1701,750,326,292,0.0652,0.0584,701936.3040161133,1,12,2.0
t0375_j0625,37.5% throughput + 62.5% Jain fairness,stochastic,1701,751,240,214,0.048,0.0428,155100.05438232422,13,6,0.5
t0375_j0625,37.5% throughput + 62.5% Jain fairness,stochastic,1701,752,291,268,0.0582,0.0536,635407.4013061523,8,12,1.0
t0375_j0625,37.5% throughput + 62.5% Jain fairness,stochastic,1701,753,290,257,0.058,0.0514,793733.3939208984,62,14,1.0
t0375_j0625,37.5% throughput + 62.5% Jain fairness,stochastic,1701,754,241,223,0.0482,0.0446,118853.0058746338,11,5,0.5
t0375_j0625,37.5% throughput + 62.5% Jain fairness,stochastic,1701,755,282,249,0.0564,0.0498,701902.7885742188,39,13,1.0
t0375_j0625,37.5% throughput + 62.5% Jain fairness,stochastic,1701,756,217,196,0.0434,0.0392,179204.90478515625,5,7,0.5
t0375_j0625,37.5% throughput + 62.5% Jain fairness,stochastic,1701,757,277,250,0.0554,0.05,222939.4351196289,1,7,1.0
t0375_j0625,37.5% throughput + 62.5% Jain fairness,stochastic,1701,758,270,243,0.054,0.0486,407521.2426452637,16,10,0.5
t0375_j0625,37.5% throughput + 62.5% Jain fairness,stochastic,1701,759,273,246,0.0546,0.0492,685564.2692871094,4,13,0.5
t0375_j0625,37.5% throughput + 62.5% Jain fairness,stochastic,1701,760,265,239,0.053,0.0478,574516.5411987305,26,12,0.5
t0375_j0625,37.5% throughput + 62.5% Jain fairness,stochastic,1701,761,245,219,0.049,0.0438,158837.40509033203,12,6,1.0
t0375_j0625,37.5% throughput + 62.5% Jain fairness,stochastic,1701,762,282,257,0.0564,0.0514,134564.91709899902,74,5,1.0
t0375_j0625,37.5% throughput + 62.5% Jain fairness,stochastic,1701,763,266,239,0.0532,0.0478,286781.5145263672,10,8,1.0
t0375_j0625,37.5% throughput + 62.5% Jain fairness,stochastic,1701,764,269,239,0.0538,0.0478,401998.2054748535,28,10,1.0
t0375_j0625,37.5% throughput + 62.5% Jain fairness,stochastic,1701,765,317,292,0.0634,0.0584,599047.3505859375,0,11,2.0
t0375_j0625,37.5% throughput + 62.5% Jain fairness,stochastic,1701,766,261,232,0.0522,0.0464,268805.81689453125,25,8,1.0
t0375_j0625,37.5% throughput + 62.5% Jain fairness,stochastic,1701,767,243,211,0.0486,0.0422,152721.74029541016,4,6,1.0
t0375_j0625,37.5% throughput + 62.5% Jain fairness,stochastic,1701,768,330,294,0.066,0.0588,434230.1651916504,1,9,2.0
t0375_j0625,37.5% throughput + 62.5% Jain fairness,stochastic,1701,769,255,223,0.051,0.0446,263551.38220214844,24,8,1.0
t0375_j0625,37.5% throughput + 62.5% Jain fairness,stochastic,1701,770,319,287,0.0638,0.0574,475375.69931030273,17,10,2.0
t0375_j0625,37.5% throughput + 62.5% Jain fairness,stochastic,1701,771,263,233,0.0526,0.0466,490086.0135803223,18,11,0.5
t0375_j0625,37.5% throughput + 62.5% Jain fairness,stochastic,1701,772,273,244,0.0546,0.0488,134438.2081375122,6,5,2.0
t0375_j0625,37.5% throughput + 62.5% Jain fairness,stochastic,1701,773,273,245,0.0546,0.049,288164.2604980469,14,8,1.0
t0375_j0625,37.5% throughput + 62.5% Jain fairness,stochastic,1701,774,249,222,0.0498,0.0444,334798.7582702637,8,9,0.5
t0375_j0625,37.5% throughput + 62.5% Jain fairness,stochastic,1701,775,255,222,0.051,0.0444,257743.84912109372,21,8,0.5
t0375_j0625,37.5% throughput + 62.5% Jain fairness,stochastic,1701,776,236,218,0.0472,0.0436,80747.91282653809,17,4,1.0
t0375_j0625,37.5% throughput + 62.5% Jain fairness,stochastic,1701,777,256,234,0.0512,0.0468,87875.28511047363,38,4,1.0
t0375_j0625,37.5% throughput + 62.5% Jain fairness,stochastic,1701,778,242,215,0.0484,0.043,20265.96304321289,4,1,1.0
t0375_j0625,37.5% throughput + 62.5% Jain fairness,stochastic,1701,779,280,259,0.056,0.0518,720855.4709472656,4,13,0.5
t0375_j0625,37.5% throughput + 62.5% Jain fairness,stochastic,1701,780,241,220,0.0482,0.044,50928.48098754883,1,3,1.0
t0375_j0625,37.5% throughput + 62.5% Jain fairness,stochastic,1701,781,283,252,0.0566,0.0504,414227.7877807617,7,10,1.0
t0375_j0625,37.5% throughput + 62.5% Jain fairness,stochastic,1701,782,323,286,0.0646,0.0572,491155.8055114746,24,10,2.0
t0375_j0625,37.5% throughput + 62.5% Jain fairness,stochastic,1701,783,294,258,0.0588,0.0516,893230.3921508789,4,15,1.0
t0375_j0625,37.5% throughput + 62.5% Jain fairness,stochastic,1701,784,239,226,0.0478,0.0452,197765.4127807617,11,7,0.5
t0375_j0625,37.5% throughput + 62.5% Jain fairness,stochastic,1701,785,278,260,0.0556,0.052,528486.4847717285,65,11,1.0
t0375_j0625,37.5% throughput + 62.5% Jain fairness,stochastic,1701,786,231,208,0.0462,0.0416,76054.27742004395,24,4,0.5
t0375_j0625,37.5% throughput + 62.5% Jain fairness,stochastic,1701,787,253,228,0.0506,0.0456,267976.16931152344,9,8,1.0
t0375_j0625,37.5% throughput + 62.5% Jain fairness,stochastic,1701,788,215,191,0.043,0.0382,27262.21996307373,10,2,0.5
t0375_j0625,37.5% throughput + 62.5% Jain fairness,stochastic,1701,789,239,219,0.0478,0.0438,50383.79135131836,9,3,1.0
t0375_j0625,37.5% throughput + 62.5% Jain fairness,stochastic,1701,790,258,224,0.0516,0.0448,531667.4174194336,12,12,0.5
t0375_j0625,37.5% throughput + 62.5% Jain fairness,stochastic,1701,791,244,213,0.0488,0.0426,354657.8868713379,1,10,0.5
t0375_j0625,37.5% throughput + 62.5% Jain fairness,stochastic,1701,792,301,265,0.0602,0.053,734579.8271484375,11,13,1.0
t0375_j0625,37.5% throughput + 62.5% Jain fairness,stochastic,1701,793,244,222,0.0488,0.0444,322630.5791015625,2,9,0.5
t0375_j0625,37.5% throughput + 62.5% Jain fairness,stochastic,1701,794,371,339,0.0742,0.0678,1178935.7107543943,9,15,2.0
t0375_j0625,37.5% throughput + 62.5% Jain fairness,stochastic,1701,795,283,261,0.0566,0.0522,24556.80212402344,11,1,2.0
t0375_j0625,37.5% throughput + 62.5% Jain fairness,stochastic,1701,796,291,262,0.0582,0.0524,820338.9825439453,30,14,1.0
t0375_j0625,37.5% throughput + 62.5% Jain fairness,stochastic,1701,797,242,216,0.0484,0.0432,79965.64025878906,27,4,1.0
t0375_j0625,37.5% throughput + 62.5% Jain fairness,stochastic,1701,798,348,303,0.0696,0.0606,629287.7216491699,7,11,2.0
t0375_j0625,37.5% throughput + 62.5% Jain fairness,stochastic,1701,799,261,244,0.0522,0.0488,225072.8268432617,4,7,1.0
t0375_j0625,37.5% throughput + 62.5% Jain fairness,stochastic,1701,800,247,203,0.0494,0.0406,19077.730682373047,79,1,1.0
t0375_j0625,37.5% throughput + 62.5% Jain fairness,stochastic,1701,801,323,305,0.0646,0.061,737455.9724121094,2,12,2.0
t0375_j0625,37.5% throughput + 62.5% Jain fairness,stochastic,1701,802,310,277,0.062,0.0554,481687.7417907715,23,10,2.0
t0375_j0625,37.5% throughput + 62.5% Jain fairness,stochastic,1701,803,304,281,0.0608,0.0562,949408.4042358398,31,15,1.0
t0375_j0625,37.5% throughput + 62.5% Jain fairness,stochastic,1701,804,240,221,0.048,0.0442,200965.5003662109,41,7,0.5
t0375_j0625,37.5% throughput + 62.5% Jain fairness,stochastic,1701,805,234,210,0.0468,0.042,29937.642791748047,0,2,1.0
t0375_j0625,37.5% throughput + 62.5% Jain fairness,stochastic,1701,806,232,211,0.0464,0.0422,30581.098915100098,3,2,1.0
t0375_j0625,37.5% throughput + 62.5% Jain fairness,stochastic,1701,807,279,252,0.0558,0.0504,865943.9291381836,6,15,0.5
t0375_j0625,37.5% throughput + 62.5% Jain fairness,stochastic,1701,808,230,196,0.046,0.0392,179631.5831298828,3,7,0.5
t0375_j0625,37.5% throughput + 62.5% Jain fairness,stochastic,1701,809,278,243,0.0556,0.0486,22862.47079467773,5,1,2.0
t0375_j0625,37.5% throughput + 62.5% Jain fairness,stochastic,1701,810,240,223,0.048,0.0446,330626.811126709,3,9,0.5
t0375_j0625,37.5% throughput + 62.5% Jain fairness,stochastic,1701,811,288,254,0.0576,0.0508,431585.9046020508,37,10,1.0
t0375_j0625,37.5% throughput + 62.5% Jain fairness,stochastic,1701,812,360,329,0.072,0.0658,919531.8654785156,12,13,2.0
t0375_j0625,37.5% throughput + 62.5% Jain fairness,stochastic,1701,813,277,250,0.0554,0.05,784125.8202514648,8,14,0.5
t0375_j0625,37.5% throughput + 62.5% Jain fairness,stochastic,1701,814,261,243,0.0522,0.0486,283462.92419433594,10,8,1.0
t0375_j0625,37.5% throughput + 62.5% Jain fairness,stochastic,1701,815,305,271,0.061,0.0542,459201.0904541016,37,10,2.0
t0375_j0625,37.5% throughput + 62.5% Jain fairness,stochastic,1701,816,219,201,0.0438,0.0402,74489.7322845459,10,4,0.5
t0375_j0625,37.5% throughput + 62.5% Jain fairness,stochastic,1701,817,253,225,0.0506,0.045,83094.73052978516,36,4,1.0
t0375_j0625,37.5% throughput + 62.5% Jain fairness,stochastic,1701,818,312,282,0.0624,0.0564,421714.3237609863,8,9,2.0
t0375_j0625,37.5% throughput + 62.5% Jain fairness,stochastic,1701,819,255,235,0.051,0.047,271571.3088378906,31,8,0.5
t0375_j0625,37.5% throughput + 62.5% Jain fairness,stochastic,1701,820,281,252,0.0562,0.0504,180921.75018310547,19,6,1.0
t0375_j0625,37.5% throughput + 62.5% Jain fairness,stochastic,1701,821,278,255,0.0556,0.051,435136.42849731445,12,10,0.5
t0375_j0625,37.5% throughput + 62.5% Jain fairness,stochastic,1701,822,267,239,0.0534,0.0478,34170.90676116943,7,2,1.0
t0375_j0625,37.5% throughput + 62.5% Jain fairness,stochastic,1701,823,292,252,0.0584,0.0504,607780.9925537109,45,12,1.0
t0375_j0625,37.5% throughput + 62.5% Jain fairness,stochastic,1701,824,239,213,0.0478,0.0426,316720.32064819336,4,9,0.5
t0375_j0625,37.5% throughput + 62.5% Jain fairness,stochastic,1701,825,302,282,0.0604,0.0564,955026.205444336,8,15,1.0
t0375_j0625,37.5% throughput + 62.5% Jain fairness,stochastic,1701,826,232,206,0.0464,0.0412,19297.773712158203,36,1,0.5
t0375_j0625,37.5% throughput + 62.5% Jain fairness,stochastic,1701,827,268,242,0.0536,0.0484,281803.6290283203,15,8,1.0
t0375_j0625,37.5% throughput + 62.5% Jain fairness,stochastic,1701,828,299,270,0.0598,0.054,252593.580078125,21,7,2.0
t0375_j0625,37.5% throughput + 62.5% Jain fairness,stochastic,1701,829,278,246,0.0556,0.0492,841867.6382446289,4,15,1.0
t0375_j0625,37.5% throughput + 62.5% Jain fairness,stochastic,1701,830,291,261,0.0582,0.0522,888415.133972168,26,15,1.0
t0375_j0625,37.5% throughput + 62.5% Jain fairness,stochastic,1701,831,222,192,0.0444,0.0384,28075.00664520264,57,2,0.5
t0375_j0625,37.5% throughput + 62.5% Jain fairness,stochastic,1701,832,294,265,0.0588,0.053,910083.7957763672,24,15,0.5
t0375_j0625,37.5% throughput + 62.5% Jain fairness,stochastic,1701,833,242,221,0.0484,0.0442,160875.96002197266,2,6,0.5
t0375_j0625,37.5% throughput + 62.5% Jain fairness,stochastic,1701,834,293,267,0.0586,0.0534,734579.8271484375,22,13,1.0
t0375_j0625,37.5% throughput + 62.5% Jain fairness,stochastic,1701,835,286,247,0.0572,0.0494,36473.80236053467,11,2,2.0
t0375_j0625,37.5% throughput + 62.5% Jain fairness,stochastic,1701,836,267,246,0.0534,0.0492,366783.6863708496,9,9,1.0
t0375_j0625,37.5% throughput + 62.5% Jain fairness,stochastic,1701,837,300,266,0.06,0.0532,452100.0426635742,24,10,2.0
t0375_j0625,37.5% throughput + 62.5% Jain fairness,stochastic,1701,838,325,284,0.065,0.0568,485632.76834106445,6,10,2.0
t0375_j0625,37.5% throughput + 62.5% Jain fairness,stochastic,1701,839,264,236,0.0528,0.0472,635895.1706542969,24,13,0.5
t0375_j0625,37.5% throughput + 62.5% Jain fairness,stochastic,1701,840,257,235,0.0514,0.047,273507.1531982422,30,8,0.5
t0375_j0625,37.5% throughput + 62.5% Jain fairness,stochastic,1701,841,246,224,0.0492,0.0448,158837.40509033203,5,6,1.0
t0375_j0625,37.5% throughput + 62.5% Jain fairness,stochastic,1701,842,302,271,0.0604,0.0542,669235.6569213867,7,12,1.0
t0375_j0625,37.5% throughput + 62.5% Jain fairness,stochastic,1701,843,367,342,0.0734,0.0684,1178935.7107543943,5,15,2.0
t0375_j0625,37.5% throughput + 62.5% Jain fairness,stochastic,1701,844,226,209,0.0452,0.0418,48749.72244262695,9,3,0.5
t0375_j0625,37.5% throughput + 62.5% Jain fairness,stochastic,1701,845,281,251,0.0562,0.0502,875574.4454956055,29,15,0.5
t0375_j0625,37.5% throughput + 62.5% Jain fairness,stochastic,1701,846,237,219,0.0474,0.0438,256084.55395507807,30,8,0.5
t0375_j0625,37.5% throughput + 62.5% Jain fairness,stochastic,1701,847,254,226,0.0508,0.0452,125061.7449874878,6,5,1.0
t0375_j0625,37.5% throughput + 62.5% Jain fairness,stochastic,1701,848,273,241,0.0546,0.0482,674454.076171875,13,13,0.5
t0375_j0625,37.5% throughput + 62.5% Jain fairness,stochastic,1701,849,273,250,0.0546,0.05,230619.64532470703,30,7,1.0
t0375_j0625,37.5% throughput + 62.5% Jain fairness,stochastic,1701,850,230,209,0.046,0.0418,187951.8108520508,20,7,0.5
t0375_j0625,37.5% throughput + 62.5% Jain fairness,stochastic,1701,851,241,219,0.0482,0.0438,196272.03857421875,12,7,1.0
t0375_j0625,37.5% throughput + 62.5% Jain fairness,stochastic,1701,852,253,234,0.0506,0.0468,54305.55673217773,11,3,1.0
t0375_j0625,37.5% throughput + 62.5% Jain fairness,stochastic,1701,853,283,255,0.0566,0.051,902058.3654785156,37,15,0.5
t0375_j0625,37.5% throughput + 62.5% Jain fairness,stochastic,1701,854,238,213,0.0476,0.0426,156798.8501586914,9,6,0.5
t0375_j0625,37.5% throughput + 62.5% Jain fairness,stochastic,1701,855,336,298,0.0672,0.0596,615367.5508422852,2,11,2.0
t0375_j0625,37.5% throughput + 62.5% Jain fairness,stochastic,1701,856,228,205,0.0456,0.041,18967.70916748047,5,1,1.0
t0375_j0625,37.5% throughput + 62.5% Jain fairness,stochastic,1701,857,243,222,0.0486,0.0444,80400.23612976074,12,4,1.0
t0375_j0625,37.5% throughput + 62.5% Jain fairness,stochastic,1701,858,245,217,0.049,0.0434,257190.75073242188,111,8,0.5
t0375_j0625,37.5% throughput + 62.5% Jain fairness,stochastic,1701,859,264,234,0.0528,0.0468,209712.40643310547,3,7,1.0
t0375_j0625,37.5% throughput + 62.5% Jain fairness,stochastic,1701,860,242,222,0.0484,0.0444,159516.9234008789,18,6,0.5
t0375_j0625,37.5% throughput + 62.5% Jain fairness,stochastic,1701,861,278,252,0.0556,0.0504,507366.2256164551,20,11,1.0
t0375_j0625,37.5% throughput + 62.5% Jain fairness,stochastic,1701,862,263,239,0.0526,0.0478,410282.7612304688,55,10,1.0
t0375_j0625,37.5% throughput + 62.5% Jain fairness,stochastic,1701,863,234,210,0.0468,0.042,308028.7640991211,4,9,0.5
t0375_j0625,37.5% throughput + 62.5% Jain fairness,stochastic,1701,864,263,238,0.0526,0.0476,54632.370513916016,14,3,1.0
t0375_j0625,37.5% throughput + 62.5% Jain fairness,stochastic,1701,865,273,234,0.0546,0.0468,348357.5864868164,8,9,1.0
t0375_j0625,37.5% throughput + 62.5% Jain fairness,stochastic,1701,866,295,266,0.059,0.0532,38607.36740112305,3,2,2.0
t0375_j0625,37.5% throughput + 62.5% Jain fairness,stochastic,1701,867,237,214,0.0474,0.0428,49839.10171508789,49,3,0.5
t0375_j0625,37.5% throughput + 62.5% Jain fairness,stochastic,1701,868,303,266,0.0606,0.0532,62693.77713012695,5,3,2.0
t0375_j0625,37.5% throughput + 62.5% Jain fairness,stochastic,1701,869,210,193,0.042,0.0386,17911.50262451172,10,1,0.5
t0375_j0625,37.5% throughput + 62.5% Jain fairness,stochastic,1701,870,268,241,0.0536,0.0482,22884.47509765625,16,1,2.0
t0375_j0625,37.5% throughput + 62.5% Jain fairness,stochastic,1701,871,248,213,0.0496,0.0426,249723.9224853516,84,8,0.5
t0375_j0625,37.5% throughput + 62.5% Jain fairness,stochastic,1701,872,221,199,0.0442,0.0398,144227.76141357422,25,6,0.5
t0375_j0625,37.5% throughput + 62.5% Jain fairness,stochastic,1701,873,278,255,0.0556,0.051,185508.49877929688,34,6,2.0
t0375_j0625,37.5% throughput + 62.5% Jain fairness,stochastic,1701,874,238,213,0.0476,0.0426,19605.833953857426,41,1,0.5
t0375_j0625,37.5% throughput + 62.5% Jain fairness,stochastic,1701,875,220,203,0.044,0.0406,73272.8638458252,14,4,0.5
t0375_j0625,37.5% throughput + 62.5% Jain fairness,stochastic,1701,876,307,276,0.0614,0.0552,869854.9391479492,16,14,1.0
t0375_j0625,37.5% throughput + 62.5% Jain fairness,stochastic,1701,877,268,235,0.0536,0.047,214619.2073974609,2,7,1.0
t0375_j0625,37.5% throughput + 62.5% Jain fairness,stochastic,1701,878,305,271,0.061,0.0542,922121.9412231444,3,15,1.0
t0375_j0625,37.5% throughput + 62.5% Jain fairness,stochastic,1701,879,256,230,0.0512,0.046,207152.3363647461,46,7,1.0
t0375_j0625,37.5% throughput + 62.5% Jain fairness,stochastic,1701,880,266,242,0.0532,0.0484,758998.3198852539,17,14,0.5
t0375_j0625,37.5% throughput + 62.5% Jain fairness,stochastic,1701,881,292,257,0.0584,0.0514,235099.76794433597,12,7,2.0
t0375_j0625,37.5% throughput + 62.5% Jain fairness,stochastic,1701,882,274,243,0.0548,0.0486,407126.7399902344,13,10,1.0
t0375_j0625,37.5% throughput + 62.5% Jain fairness,stochastic,1701,883,246,217,0.0492,0.0434,198192.09112548828,9,7,0.5
t0375_j0625,37.5% throughput + 62.5% Jain fairness,stochastic,1701,884,251,225,0.0502,0.045,205658.96215820312,27,7,0.5
t0375_j0625,37.5% throughput + 62.5% Jain fairness,stochastic,1701,885,271,240,0.0542,0.048,484325.9429016113,15,11,0.5
t0375_j0625,37.5% throughput + 62.5% Jain fairness,stochastic,1701,886,332,298,0.0664,0.0596,503779.8904724121,42,10,2.0
t0375_j0625,37.5% throughput + 62.5% Jain fairness,stochastic,1701,887,289,260,0.0578,0.052,880389.7036743164,7,15,0.5
t0375_j0625,37.5% throughput + 62.5% Jain fairness,stochastic,1701,888,216,198,0.0432,0.0396,46135.2121887207,34,3,1.0
t0375_j0625,37.5% throughput + 62.5% Jain fairness,stochastic,1701,889,298,272,0.0596,0.0544,408503.1578063965,29,9,2.0
t0375_j0625,37.5% throughput + 62.5% Jain fairness,stochastic,1701,890,238,212,0.0476,0.0424,433925.3244628906,32,11,0.5
t0375_j0625,37.5% throughput + 62.5% Jain fairness,stochastic,1701,891,270,245,0.054,0.049,588611.6477050781,3,12,1.0
t0375_j0625,37.5% throughput + 62.5% Jain fairness,stochastic,1701,892,227,203,0.0454,0.0406,19055.72637939453,23,1,0.5
t0375_j0625,37.5% throughput + 62.5% Jain fairness,stochastic,1701,893,252,230,0.0504,0.046,272677.5056152344,22,8,0.5
t0375_j0625,37.5% throughput + 62.5% Jain fairness,stochastic,1701,894,253,229,0.0506,0.0458,123667.9464111328,46,5,1.0
t0375_j0625,37.5% throughput + 62.5% Jain fairness,stochastic,1701,895,304,271,0.0608,0.0542,461173.6037292481,10,10,2.0
t0375_j0625,37.5% throughput + 62.5% Jain fairness,stochastic,1701,896,241,223,0.0482,0.0446,120626.93133544922,10,5,0.5
t0375_j0625,37.5% throughput + 62.5% Jain fairness,stochastic,1701,897,320,285,0.064,0.057,257927.05938720703,10,7,2.0
t0375_j0625,37.5% throughput + 62.5% Jain fairness,stochastic,1701,898,227,199,0.0454,0.0398,105041.7290725708,38,5,0.5
t0375_j0625,37.5% throughput + 62.5% Jain fairness,stochastic,1701,899,286,258,0.0572,0.0516,303097.9169921875,16,8,2.0
t0375_j0625,37.5% throughput + 62.5% Jain fairness,stochastic,1701,900,303,276,0.0606,0.0552,937370.2587890624,4,15,1.0
t0375_j0625,37.5% throughput + 62.5% Jain fairness,stochastic,1701,901,243,225,0.0486,0.045,51963.39129638672,1,3,1.0
t0375_j0625,37.5% throughput + 62.5% Jain fairness,stochastic,1701,902,292,261,0.0584,0.0522,37726.8484954834,2,2,2.0
t0375_j0625,37.5% throughput + 62.5% Jain fairness,stochastic,1701,903,278,251,0.0556,0.0502,598196.3201293945,11,12,0.5
t0375_j0625,37.5% throughput + 62.5% Jain fairness,stochastic,1701,904,301,263,0.0602,0.0526,439475.9577026367,20,10,1.0
t0375_j0625,37.5% throughput + 62.5% Jain fairness,stochastic,1701,905,330,293,0.066,0.0586,598087.3388061523,31,11,2.0
t0375_j0625,37.5% throughput + 62.5% Jain fairness,stochastic,1701,906,280,256,0.056,0.0512,36981.794036865234,15,2,2.0
t0375_j0625,37.5% throughput + 62.5% Jain fairness,stochastic,1701,907,230,210,0.046,0.042,316024.9961242676,17,9,0.5
t0375_j0625,37.5% throughput + 62.5% Jain fairness,stochastic,1701,908,275,250,0.055,0.05,796689.5704345703,28,14,0.5
t0375_j0625,37.5% throughput + 62.5% Jain fairness,stochastic,1701,909,254,225,0.0508,0.045,83007.81135559082,11,4,1.0
t0375_j0625,37.5% throughput + 62.5% Jain fairness,stochastic,1701,910,252,229,0.0504,0.0458,277378.8419189453,25,8,0.5
t0375_j0625,37.5% throughput + 62.5% Jain fairness,stochastic,1701,911,283,263,0.0566,0.0526,532806.5377807617,20,11,0.5
t0375_j0625,37.5% throughput + 62.5% Jain fairness,stochastic,1701,912,291,254,0.0582,0.0508,139253.14867401123,14,5,2.0
t0375_j0625,37.5% throughput + 62.5% Jain fairness,stochastic,1701,913,254,224,0.0508,0.0448,534486.4387207031,3,12,0.5
t0375_j0625,37.5% throughput + 62.5% Jain fairness,stochastic,1701,914,259,236,0.0518,0.0472,661383.2607421875,28,13,0.5
t0375_j0625,37.5% throughput + 62.5% Jain fairness,stochastic,1701,915,278,237,0.0556,0.0474,22092.320190429688,9,1,2.0
t0375_j0625,37.5% throughput + 62.5% Jain fairness,stochastic,1701,916,236,216,0.0472,0.0432,194565.3251953125,11,7,1.0
t0375_j0625,37.5% throughput + 62.5% Jain fairness,stochastic,1701,917,209,191,0.0418,0.0382,27329.952186584476,0,2,0.5
t0375_j0625,37.5% throughput + 62.5% Jain fairness,stochastic,1701,918,198,175,0.0396,0.035,24620.663246154785,55,2,0.5
t0375_j0625,37.5% throughput + 62.5% Jain fairness,stochastic,1701,919,244,218,0.0488,0.0436,116065.40872192384,2,5,0.5
t0375_j0625,37.5% throughput + 62.5% Jain fairness,stochastic,1701,920,248,220,0.0496,0.044,201178.83953857425,0,7,0.5
t0375_j0625,37.5% throughput + 62.5% Jain fairness,stochastic,1701,921,319,292,0.0638,0.0584,1018427.1047973632,0,15,2.0
t0375_j0625,37.5% throughput + 62.5% Jain fairness,stochastic,1701,922,293,269,0.0586,0.0538,829946.5562133789,6,14,1.0
t0375_j0625,37.5% throughput + 62.5% Jain fairness,stochastic,1701,923,248,211,0.0496,0.0422,116065.40872192384,8,5,0.5
t0375_j0625,37.5% throughput + 62.5% Jain fairness,stochastic,1701,924,265,233,0.053,0.0466,214405.86822509769,8,7,1.0
t0375_j0625,37.5% throughput + 62.5% Jain fairness,stochastic,1701,925,222,200,0.0444,0.04,47496.93627929688,11,3,0.5
t0375_j0625,37.5% throughput + 62.5% Jain fairness,stochastic,1701,926,259,233,0.0518,0.0466,125315.16291046144,19,5,1.0
t0375_j0625,37.5% throughput + 62.5% Jain fairness,stochastic,1701,927,257,230,0.0514,0.046,338275.3808898926,7,9,0.5
t0375_j0625,37.5% throughput + 62.5% Jain fairness,stochastic,1701,928,245,214,0.049,0.0428,257743.84912109372,13,8,0.5
t0375_j0625,37.5% throughput + 62.5% Jain fairness,stochastic,1701,929,270,250,0.054,0.05,291759.40002441406,32,8,1.0
t0375_j0625,37.5% throughput + 62.5% Jain fairness,stochastic,1701,930,309,273,0.0618,0.0546,195021.75512695312,20,6,2.0
t0375_j0625,37.5% throughput + 62.5% Jain fairness,stochastic,1701,931,235,214,0.047,0.0428,48205.03280639648,19,3,0.5
t0375_j0625,37.5% throughput + 62.5% Jain fairness,stochastic,1701,932,257,228,0.0514,0.0456,166312.10650634766,14,6,1.0
t0375_j0625,37.5% throughput + 62.5% Jain fairness,stochastic,1701,933,300,272,0.06,0.0544,250460.1883544922,7,7,2.0
t0375_j0625,37.5% throughput + 62.5% Jain fairness,stochastic,1701,934,205,187,0.041,0.0374,68318.47091674805,17,4,0.5
t0375_j0625,37.5% throughput + 62.5% Jain fairness,stochastic,1701,935,329,299,0.0658,0.0598,726743.6914672852,4,12,2.0
t0375_j0625,37.5% throughput + 62.5% Jain fairness,stochastic,1701,936,256,223,0.0512,0.0446,448805.50704956055,17,11,0.5
t0375_j0625,37.5% throughput + 62.5% Jain fairness,stochastic,1701,937,352,320,0.0704,0.064,1122757.6986694336,5,15,2.0
t0375_j0625,37.5% throughput + 62.5% Jain fairness,stochastic,1701,938,247,218,0.0494,0.0436,119739.9686050415,4,5,1.0
t0375_j0625,37.5% throughput + 62.5% Jain fairness,stochastic,1701,939,251,232,0.0502,0.0464,344185.6393432617,1,9,0.5
t0375_j0625,37.5% throughput + 62.5% Jain fairness,stochastic,1701,940,267,242,0.0534,0.0484,575080.3454589844,17,12,0.5
t0375_j0625,37.5% throughput + 62.5% Jain fairness,stochastic,1701,941,222,202,0.0444,0.0404,29328.052780151367,12,2,0.5
t0375_j0625,37.5% throughput + 62.5% Jain fairness,stochastic,1701,942,247,221,0.0494,0.0442,119486.55068206789,0,5,1.0
t0375_j0625,37.5% throughput + 62.5% Jain fairness,stochastic,1701,943,222,199,0.0444,0.0398,327831.7063293457,43,10,0.5
t0375_j0625,37.5% throughput + 62.5% Jain fairness,stochastic,1701,944,254,232,0.0508,0.0464,348009.9242248535,1,9,1.0
t0375_j0625,37.5% throughput + 62.5% Jain fairness,stochastic,1701,945,243,212,0.0486,0.0424,78661.85264587402,0,4,0.5
t0375_j0625,37.5% throughput + 62.5% Jain fairness,stochastic,1701,946,310,278,0.062,0.0556,775752.8957519531,10,13,2.0
t0375_j0625,37.5% throughput + 62.5% Jain fairness,stochastic,1701,947,302,268,0.0604,0.0536,455650.5665588379,12,10,2.0
t0375_j0625,37.5% throughput + 62.5% Jain fairness,stochastic,1701,948,262,230,0.0524,0.046,386612.6019287109,12,10,1.0
t0375_j0625,37.5% throughput + 62.5% Jain fairness,stochastic,1701,949,225,199,0.045,0.0398,74576.65145874023,13,4,1.0
t0375_j0625,37.5% throughput + 62.5% Jain fairness,stochastic,1701,950,264,241,0.0528,0.0482,288993.9080810547,14,8,1.0
t0375_j0625,37.5% throughput + 62.5% Jain fairness,stochastic,1701,951,336,311,0.0672,0.0622,1083433.090209961,9,15,2.0
t0375_j0625,37.5% throughput + 62.5% Jain fairness,stochastic,1701,952,362,311,0.0724,0.0622,977755.3818969728,6,14,2.0
t0375_j0625,37.5% throughput + 62.5% Jain fairness,stochastic,1701,953,312,276,0.0624,0.0552,922924.4842529296,21,15,1.0
t0375_j0625,37.5% throughput + 62.5% Jain fairness,stochastic,1701,954,217,195,0.0434,0.039,18087.537048339844,14,1,0.5
t0375_j0625,37.5% throughput + 62.5% Jain fairness,stochastic,1701,955,228,209,0.0456,0.0418,30513.366691589355,28,2,1.0
t0375_j0625,37.5% throughput + 62.5% Jain fairness,stochastic,1701,956,239,211,0.0478,0.0422,150853.06494140625,16,6,0.5
t0375_j0625,37.5% throughput + 62.5% Jain fairness,stochastic,1701,957,285,264,0.057,0.0528,62040.14956665039,1,3,2.0
t0375_j0625,37.5% throughput + 62.5% Jain fairness,stochastic,1701,958,277,246,0.0554,0.0492,36033.54290771485,8,2,2.0
t0375_j0625,37.5% throughput + 62.5% Jain fairness,stochastic,1701,959,232,213,0.0464,0.0426,20287.967346191406,13,1,1.0
t0375_j0625,37.5% throughput + 62.5% Jain fairness,stochastic,1701,960,369,331,0.0738,0.0662,1053876.9271240234,16,14,2.0
t0375_j0625,37.5% throughput + 62.5% Jain fairness,stochastic,1701,961,259,230,0.0518,0.046,208432.37139892575,2,7,0.5
t0375_j0625,37.5% throughput + 62.5% Jain fairness,stochastic,1701,962,234,217,0.0468,0.0434,198192.09112548828,54,7,1.0
t0375_j0625,37.5% throughput + 62.5% Jain fairness,stochastic,1701,963,246,225,0.0492,0.045,121260.4761428833,18,5,1.0
t0375_j0625,37.5% throughput + 62.5% Jain fairness,stochastic,1701,964,295,266,0.059,0.0532,246406.74407958984,13,7,2.0
t0375_j0625,37.5% throughput + 62.5% Jain fairness,stochastic,1701,965,213,190,0.0426,0.038,27262.21996307373,16,2,0.5
t0375_j0625,37.5% throughput + 62.5% Jain fairness,stochastic,1701,966,250,226,0.05,0.0452,776861.6528320312,7,15,0.5
t0375_j0625,37.5% throughput + 62.5% Jain fairness,stochastic,1701,967,238,215,0.0476,0.043,157308.48889160156,15,6,1.0
t0375_j0625,37.5% throughput + 62.5% Jain fairness,stochastic,1701,968,239,207,0.0478,0.0414,244192.9385986328,1,8,0.5
t0375_j0625,37.5% throughput + 62.5% Jain fairness,stochastic,1701,969,283,264,0.0566,0.0528,194851.8755493164,11,6,2.0
t0375_j0625,37.5% throughput + 62.5% Jain fairness,stochastic,1701,970,252,223,0.0504,0.0446,123034.40160369872,27,5,1.0
t0375_j0625,37.5% throughput + 62.5% Jain fairness,stochastic,1701,971,294,269,0.0588,0.0538,647247.2907714844,18,12,0.5
t0375_j0625,37.5% throughput + 62.5% Jain fairness,stochastic,1701,972,247,224,0.0494,0.0448,324368.8904113769,44,9,0.5
t0375_j0625,37.5% throughput + 62.5% Jain fairness,stochastic,1701,973,286,257,0.0572,0.0514,873969.3594360352,24,15,0.5
t0375_j0625,37.5% throughput + 62.5% Jain fairness,stochastic,1701,974,269,240,0.0538,0.048,398447.6815795898,1,10,1.0
t0375_j0625,37.5% throughput + 62.5% Jain fairness,stochastic,1701,975,287,258,0.0574,0.0516,532806.5377807617,21,11,1.0
t0375_j0625,37.5% throughput + 62.5% Jain fairness,stochastic,1701,976,267,230,0.0534,0.046,795320.1425170898,15,15,0.5
t0375_j0625,37.5% throughput + 62.5% Jain fairness,stochastic,1701,977,222,198,0.0444,0.0396,181978.3140258789,10,7,0.5
t0375_j0625,37.5% throughput + 62.5% Jain fairness,stochastic,1701,978,216,182,0.0432,0.0364,26517.165504455566,44,2,1.0
t0375_j0625,37.5% throughput + 62.5% Jain fairness,stochastic,1701,979,287,248,0.0574,0.0496,511206.2727355957,9,11,1.0
t0375_j0625,37.5% throughput + 62.5% Jain fairness,stochastic,1701,980,300,275,0.06,0.055,102390.78720092772,24,4,2.0
t0375_j0625,37.5% throughput + 62.5% Jain fairness,stochastic,1701,981,238,212,0.0476,0.0424,193071.95098876956,8,7,1.0
t0375_j0625,37.5% throughput + 62.5% Jain fairness,stochastic,1701,982,271,250,0.0542,0.05,419356.3222961426,4,10,1.0
t0375_j0625,37.5% throughput + 62.5% Jain fairness,stochastic,1701,983,234,209,0.0468,0.0418,115685.28183746338,16,5,1.0
t0375_j0625,37.5% throughput + 62.5% Jain fairness,stochastic,1701,984,340,302,0.068,0.0604,623047.6450805664,20,11,2.0
t0375_j0625,37.5% throughput + 62.5% Jain fairness,stochastic,1701,985,209,190,0.0418,0.038,27059.023292541504,18,2,0.5
t0375_j0625,37.5% throughput + 62.5% Jain fairness,stochastic,1701,986,286,259,0.0572,0.0518,235526.4462890625,4,7,1.0
t0375_j0625,37.5% throughput + 62.5% Jain fairness,stochastic,1701,987,244,226,0.0488,0.0452,270188.56286621094,45,8,0.5
t0375_j0625,37.5% throughput + 62.5% Jain fairness,stochastic,1701,988,264,238,0.0528,0.0476,407126.7399902344,0,10,0.5
t0375_j0625,37.5% throughput + 62.5% Jain fairness,stochastic,1701,989,288,262,0.0576,0.0524,810731.4088745117,0,14,1.0
t0375_j0625,37.5% throughput + 62.5% Jain fairness,stochastic,1701,990,292,270,0.0584,0.054,25502.98715209961,0,1,2.0
t0375_j0625,37.5% throughput + 62.5% Jain fairness,stochastic,1701,991,261,225,0.0522,0.045,263274.8330078125,0,8,0.5
t0375_j0625,37.5% throughput + 62.5% Jain fairness,stochastic,1701,992,340,304,0.068,0.0608,1049726.2829589844,15,15,2.0
t0375_j0625,37.5% throughput + 62.5% Jain fairness,stochastic,1701,993,271,246,0.0542,0.0492,286781.5145263672,19,8,1.0
t0375_j0625,37.5% throughput + 62.5% Jain fairness,stochastic,1701,994,239,210,0.0478,0.042,191365.23760986328,21,7,0.5
t0375_j0625,37.5% throughput + 62.5% Jain fairness,stochastic,1701,995,288,257,0.0576,0.0514,517446.3493041992,1,11,1.0
t0375_j0625,37.5% throughput + 62.5% Jain fairness,stochastic,1701,996,224,198,0.0448,0.0396,139641.0128173828,10,6,0.5
t0375_j0625,37.5% throughput + 62.5% Jain fairness,stochastic,1701,997,262,229,0.0524,0.0458,643084.119140625,17,13,1.0
t0375_j0625,37.5% throughput + 62.5% Jain fairness,stochastic,1701,998,247,226,0.0494,0.0452,32646.93173217773,33,2,0.5
t0375_j0625,37.5% throughput + 62.5% Jain fairness,stochastic,1701,999,205,185,0.041,0.037,17603.4423828125,8,1,0.5
t0375_j0625,37.5% throughput + 62.5% Jain fairness,stochastic,1701,1000,265,244,0.053,0.0488,221872.7392578125,71,7,1.0
t0375_j0625,37.5% throughput + 62.5% Jain fairness,stochastic,1701,1001,266,242,0.0532,0.0484,282356.7274169922,21,8,1.0
t0375_j0625,37.5% throughput + 62.5% Jain fairness,stochastic,1701,1002,217,204,0.0434,0.0408,29226.45444488525,0,2,0.5
t0375_j0625,37.5% throughput + 62.5% Jain fairness,stochastic,1701,1003,283,266,0.0566,0.0532,540006.6261291504,6,11,0.5
t0375_j0625,37.5% throughput + 62.5% Jain fairness,stochastic,1701,1004,221,200,0.0442,0.04,28820.0611038208,32,2,0.5
t0375_j0625,37.5% throughput + 62.5% Jain fairness,stochastic,1701,1005,383,342,0.0766,0.0684,1153254.3338012695,1,15,2.0
t0375_j0625,37.5% throughput + 62.5% Jain fairness,stochastic,1701,1006,267,234,0.0534,0.0468,176165.12200927734,10,6,1.0
t0375_j0625,37.5% throughput + 62.5% Jain fairness,stochastic,1701,1007,257,229,0.0514,0.0458,461765.66607666016,17,11,0.5
t0375_j0625,37.5% throughput + 62.5% Jain fairness,stochastic,1701,1008,261,235,0.0522,0.047,275442.9975585937,3,8,1.0
t0375_j0625,37.5% throughput + 62.5% Jain fairness,stochastic,1701,1009,284,250,0.0568,0.05,697328.0031738281,11,13,1.0
t0375_j0625,37.5% throughput + 62.5% Jain fairness,stochastic,1701,1010,284,260,0.0568,0.052,137986.05905914307,13,5,2.0
t0375_j0625,37.5% throughput + 62.5% Jain fairness,stochastic,1701,1011,278,260,0.0556,0.052,813687.5853881836,17,14,1.0
t0375_j0625,37.5% throughput + 62.5% Jain fairness,stochastic,1701,1012,254,226,0.0508,0.0452,53325.11538696289,19,3,1.0
t0375_j0625,37.5% throughput + 62.5% Jain fairness,stochastic,1701,1013,268,236,0.0536,0.0472,22334.36752319336,13,1,2.0
t0375_j0625,37.5% throughput + 62.5% Jain fairness,stochastic,1701,1014,316,282,0.0632,0.0564,971077.0660400392,11,15,1.0
t0375_j0625,37.5% throughput + 62.5% Jain fairness,stochastic,1701,1015,346,315,0.0692,0.063,1006578.1029052734,26,14,2.0
t0375_j0625,37.5% throughput + 62.5% Jain fairness,stochastic,1701,1016,266,246,0.0532,0.0492,91786.64794921876,26,4,1.0
t0375_j0625,37.5% throughput + 62.5% Jain fairness,stochastic,1701,1017,288,255,0.0576,0.051,613419.03515625,10,12,0.5
t0375_j0625,37.5% throughput + 62.5% Jain fairness,stochastic,1701,1018,269,248,0.0538,0.0496,369217.3222045898,0,9,1.0
t0375_j0625,37.5% throughput + 62.5% Jain fairness,stochastic,1701,1019,255,221,0.051,0.0442,326802.5262451172,3,9,0.5
t0375_j0625,37.5% throughput + 62.5% Jain fairness,stochastic,1701,1020,279,248,0.0558,0.0496,687524.8916015625,68,13,0.5
t0375_j0625,37.5% throughput + 62.5% Jain fairness,stochastic,1701,1021,298,264,0.0596,0.0528,910886.3388061523,11,15,1.0
t0375_j0625,37.5% throughput + 62.5% Jain fairness,stochastic,1701,1022,239,214,0.0478,0.0428,195845.3602294922,48,7,0.5
t0375_j0625,37.5% throughput + 62.5% Jain fairness,stochastic,1701,1023,278,248,0.0556,0.0496,294524.89196777344,2,8,1.0
t0375_j0625,37.5% throughput + 62.5% Jain fairness,stochastic,1701,1024,233,215,0.0466,0.043,313591.36029052734,22,9,0.5
t0375_j0625,37.5% throughput + 62.5% Jain fairness,stochastic,1701,1025,291,270,0.0582,0.054,39589.48464202881,13,2,2.0
t0375_j0625,37.5% throughput + 62.5% Jain fairness,stochastic,1701,1026,244,216,0.0488,0.0432,117966.04314422607,17,5,0.5
t0375_j0625,37.5% throughput + 62.5% Jain fairness,stochastic,1701,1027,242,215,0.0484,0.043,312896.0357666016,21,9,0.5
t0375_j0625,37.5% throughput + 62.5% Jain fairness,stochastic,1701,1028,238,209,0.0476,0.0418,309419.41314697266,21,9,0.5
t0375_j0625,37.5% throughput + 62.5% Jain fairness,stochastic,1701,1029,317,288,0.0634,0.0576,267527.3221435547,12,7,2.0
t0375_j0625,37.5% throughput + 62.5% Jain fairness,stochastic,1701,1030,318,286,0.0636,0.0572,697425.869934082,97,12,2.0
t0375_j0625,37.5% throughput + 62.5% Jain fairness,stochastic,1701,1031,234,211,0.0468,0.0422,30885.89392089844,68,2,1.0
t0375_j0625,37.5% throughput + 62.5% Jain fairness,stochastic,1701,1032,223,202,0.0446,0.0404,144227.76141357422,5,6,0.5
t0375_j0625,37.5% throughput + 62.5% Jain fairness,stochastic,1701,1033,233,209,0.0466,0.0418,79009.52934265137,2,4,0.5
t0375_j0625,37.5% throughput + 62.5% Jain fairness,stochastic,1701,1034,303,273,0.0606,0.0546,929344.8284912108,14,15,1.0
t0375_j0625,37.5% throughput + 62.5% Jain fairness,stochastic,1701,1035,272,246,0.0544,0.0492,133551.2454071045,36,5,1.0
t0375_j0625,37.5% throughput + 62.5% Jain fairness,stochastic,1701,1036,255,234,0.051,0.0468,209285.7280883789,2,7,1.0
t0375_j0625,37.5% throughput + 62.5% Jain fairness,stochastic,1701,1037,338,312,0.0676,0.0624,877705.2561035156,3,13,2.0
t0375_j0625,37.5% throughput + 62.5% Jain fairness,stochastic,1701,1038,233,215,0.0466,0.043,256914.20153808597,22,8,0.5
t0375_j0625,37.5% throughput + 62.5% Jain fairness,stochastic,1701,1039,214,201,0.0428,0.0402,18813.67904663086,2,1,0.5
t0375_j0625,37.5% throughput + 62.5% Jain fairness,stochastic,1701,1040,216,197,0.0432,0.0394,28481.39998626709,13,2,0.5
t0375_j0625,37.5% throughput + 62.5% Jain fairness,stochastic,1701,1041,244,219,0.0488,0.0438,198618.76947021484,30,7,1.0
t0375_j0625,37.5% throughput + 62.5% Jain fairness,stochastic,1701,1042,289,259,0.0578,0.0518,895638.0212402344,9,15,1.0
t0375_j0625,37.5% throughput + 62.5% Jain fairness,stochastic,1701,1043,267,242,0.0534,0.0484,222086.07843017575,16,7,1.0
t0375_j0625,37.5% throughput + 62.5% Jain fairness,stochastic,1701,1044,338,312,0.0676,0.0624,983667.7349243164,28,14,2.0
t0375_j0625,37.5% throughput + 62.5% Jain fairness,stochastic,1701,1045,273,247,0.0546,0.0494,413438.7824707031,63,10,0.5
t0375_j0625,37.5% throughput + 62.5% Jain fairness,stochastic,1701,1046,254,224,0.0508,0.0448,197125.39526367188,56,7,0.5
t0375_j0625,37.5% throughput + 62.5% Jain fairness,stochastic,1701,1047,289,259,0.0578,0.0518,625822.7288818359,18,12,1.0
t0375_j0625,37.5% throughput + 62.5% Jain fairness,stochastic,1701,1048,230,209,0.046,0.0418,29734.44612121582,3,2,0.5
t0375_j0625,37.5% throughput + 62.5% Jain fairness,stochastic,1701,1049,249,219,0.0498,0.0438,155439.81353759766,3,6,1.0
t0375_j0625,37.5% throughput + 62.5% Jain fairness,stochastic,1701,1050,254,223,0.0508,0.0446,163594.03326416016,1,6,1.0
t0375_j0625,37.5% throughput + 62.5% Jain fairness,stochastic,1701,1051,217,190,0.0434,0.038,69274.58183288574,2,4,0.5
t0375_j0625,37.5% throughput + 62.5% Jain fairness,stochastic,1701,1052,262,234,0.0524,0.0468,213339.17236328125,10,7,1.0
t0375_j0625,37.5% throughput + 62.5% Jain fairness,stochastic,1701,1053,291,263,0.0582,0.0526,737847.5310058594,4,13,1.0
t0375_j0625,37.5% throughput + 62.5% Jain fairness,stochastic,1701,1054,233,208,0.0466,0.0416,111630.59506988524,1,5,0.5
t0375_j0625,37.5% throughput + 62.5% Jain fairness,stochastic,1701,1055,252,229,0.0504,0.0458,273783.7023925781,7,8,1.0
t0375_j0625,37.5% throughput + 62.5% Jain fairness,stochastic,1701,1056,289,255,0.0578,0.051,865141.3861083984,4,15,0.5
t0375_j0625,37.5% throughput + 62.5% Jain fairness,stochastic,1701,1057,244,219,0.0488,0.0438,363336.9452819824,14,10,0.5
t0375_j0625,37.5% throughput + 62.5% Jain fairness,stochastic,1701,1058,208,188,0.0416,0.0376,171098.01623535156,12,7,0.5
t0375_j0625,37.5% throughput + 62.5% Jain fairness,stochastic,1701,1059,254,226,0.0508,0.0452,272400.95642089844,16,8,0.5
t0375_j0625,37.5% throughput + 62.5% Jain fairness,stochastic,1701,1060,269,241,0.0538,0.0482,480965.9016723633,3,11,1.0
t0375_j0625,37.5% throughput + 62.5% Jain fairness,stochastic,1701,1061,282,249,0.0564,0.0498,591994.4732666016,6,12,0.5
t0375_j0625,37.5% throughput + 62.5% Jain fairness,stochastic,1701,1062,268,248,0.0536,0.0496,586356.4306640625,7,12,0.5
t0375_j0625,37.5% throughput + 62.5% Jain fairness,stochastic,1701,1063,266,248,0.0532,0.0496,507366.2256164551,18,11,1.0
t0375_j0625,37.5% throughput + 62.5% Jain fairness,stochastic,1701,1064,291,270,0.0582,0.054,638226.4226074219,14,12,0.5
t0375_j0625,37.5% throughput + 62.5% Jain fairness,stochastic,1701,1065,251,225,0.0502,0.045,329583.8243408203,2,9,0.5
t0375_j0625,37.5% throughput + 62.5% Jain fairness,stochastic,1701,1066,348,317,0.0696,0.0634,1028749.4267578124,2,14,2.0
t0375_j0625,37.5% throughput + 62.5% Jain fairness,stochastic,1701,1067,211,190,0.0422,0.038,17559.43377685547,40,1,0.5
t0375_j0625,37.5% throughput + 62.5% Jain fairness,stochastic,1701,1068,242,213,0.0484,0.0426,19825.876983642574,9,1,0.5
t0375_j0625,37.5% throughput + 62.5% Jain fairness,stochastic,1701,1069,239,213,0.0478,0.0426,253595.6112060547,0,8,1.0
t0375_j0625,37.5% throughput + 62.5% Jain fairness,stochastic,1701,1070,270,235,0.054,0.047,395291.66033935547,1,10,1.0
t0375_j0625,37.5% throughput + 62.5% Jain fairness,stochastic,1701,1071,332,302,0.0664,0.0604,837185.7282714844,3,13,2.0
t0375_j0625,37.5% throughput + 62.5% Jain fairness,stochastic,1701,1072,306,273,0.0612,0.0546,249180.1533203125,20,7,2.0
t0375_j0625,37.5% throughput + 62.5% Jain fairness,stochastic,1701,1073,223,199,0.0446,0.0398,28853.92721557617,37,2,1.0
t0375_j0625,37.5% throughput + 62.5% Jain fairness,stochastic,1701,1074,268,237,0.0536,0.0474,493926.0606994629,5,11,1.0
t0375_j0625,37.5% throughput + 62.5% Jain fairness,stochastic,1701,1075,277,257,0.0554,0.0514,189415.7290649414,9,6,2.0
t0375_j0625,37.5% throughput + 62.5% Jain fairness,stochastic,1701,1076,200,191,0.04,0.0382,17823.485412597656,25,1,1.0
t0375_j0625,37.5% throughput + 62.5% Jain fairness,stochastic,1701,1077,286,259,0.0572,0.0518,882797.3327636719,1,15,0.5
t0375_j0625,37.5% throughput + 62.5% Jain fairness,stochastic,1701,1078,274,246,0.0548,0.0492,93351.1930847168,5,4,2.0
t0375_j0625,37.5% throughput + 62.5% Jain fairness,stochastic,1701,1079,229,205,0.0458,0.041,110110.08753204346,25,5,1.0
t0375_j0625,37.5% throughput + 62.5% Jain fairness,stochastic,1701,1080,284,246,0.0568,0.0492,90222.1028137207,33,4,2.0
t0375_j0625,37.5% throughput + 62.5% Jain fairness,stochastic,1701,1081,282,252,0.0564,0.0504,607217.188293457,31,12,0.5
t0375_j0625,37.5% throughput + 62.5% Jain fairness,stochastic,1701,1082,206,188,0.0412,0.0376,44010.92260742188,12,3,0.5
t0375_j0625,37.5% throughput + 62.5% Jain fairness,stochastic,1701,1083,267,236,0.0534,0.0472,170728.97552490234,1,6,1.0
t0375_j0625,37.5% throughput + 62.5% Jain fairness,stochastic,1701,1084,340,306,0.068,0.0612,743657.8192749023,1,12,2.0
t0375_j0625,37.5% throughput + 62.5% Jain fairness,stochastic,1701,1085,275,255,0.055,0.051,377908.8787536621,4,9,1.0
t0375_j0625,37.5% throughput + 62.5% Jain fairness,stochastic,1701,1086,318,292,0.0636,0.0584,946715.528503418,13,14,2.0
t0375_j0625,37.5% throughput + 62.5% Jain fairness,stochastic,1701,1087,244,228,0.0488,0.0456,32850.12840270996,11,2,0.5
t0375_j0625,37.5% throughput + 62.5% Jain fairness,stochastic,1701,1088,306,278,0.0612,0.0556,875028.248046875,8,14,1.0
t0375_j0625,37.5% throughput + 62.5% Jain fairness,stochastic,1701,1089,320,292,0.064,0.0584,491944.8108215332,2,10,2.0
t0375_j0625,37.5% throughput + 62.5% Jain fairness,stochastic,1701,1090,278,250,0.0556,0.05,511206.2727355957,0,11,1.0
t0375_j0625,37.5% throughput + 62.5% Jain fairness,stochastic,1701,1091,294,254,0.0588,0.0508,699288.6254882812,19,13,1.0
t0375_j0625,37.5% throughput + 62.5% Jain fairness,stochastic,1701,1092,322,298,0.0644,0.0596,1032872.879333496,57,15,1.0
t0375_j0625,37.5% throughput + 62.5% Jain fairness,stochastic,1701,1093,344,306,0.0688,0.0612,986623.9114379884,8,14,2.0
t0375_j0625,37.5% throughput + 62.5% Jain fairness,stochastic,1701,1094,220,202,0.044,0.0404,46189.68115234375,2,3,0.5
t0375_j0625,37.5% throughput + 62.5% Jain fairness,stochastic,1701,1095,214,185,0.0428,0.037,26584.89772796631,12,2,1.0
t0375_j0625,37.5% throughput + 62.5% Jain fairness,stochastic,1701,1096,257,229,0.0514,0.0458,335146.42053222656,1,9,1.0
t0375_j0625,37.5% throughput + 62.5% Jain fairness,stochastic,1701,1097,285,252,0.057,0.0504,36812.46347808838,33,2,2.0
t0375_j0625,37.5% throughput + 62.5% Jain fairness,stochastic,1701,1098,242,219,0.0484,0.0438,156968.72973632812,24,6,1.0
t0375_j0625,37.5% throughput + 62.5% Jain fairness,stochastic,1701,1099,295,271,0.059,0.0542,652885.3333740234,0,12,1.0
t0375_j0625,37.5% throughput + 62.5% Jain fairness,stochastic,1701,1100,298,277,0.0596,0.0554,249393.49249267575,6,7,2.0
t0375_j0625,37.5% throughput + 62.5% Jain fairness,stochastic,1701,1101,332,292,0.0664,0.0584,703063.9125366211,0,12,2.0
t0375_j0625,37.5% throughput + 62.5% Jain fairness,stochastic,1701,1102,249,221,0.0498,0.0442,195418.6818847656,0,7,0.5
t0375_j0625,37.5% throughput + 62.5% Jain fairness,stochastic,1701,1103,259,232,0.0518,0.0464,482885.9252319336,40,11,1.0
t0375_j0625,37.5% throughput + 62.5% Jain fairness,stochastic,1701,1104,260,242,0.052,0.0484,356701.4807739258,23,9,1.0
t0375_j0625,37.5% throughput + 62.5% Jain fairness,stochastic,1701,1105,256,229,0.0512,0.0458,266869.9725341797,2,8,1.0
t0375_j0625,37.5% throughput + 62.5% Jain fairness,stochastic,1701,1106,229,208,0.0458,0.0416,29395.78500366211,11,2,0.5
t0375_j0625,37.5% throughput + 62.5% Jain fairness,stochastic,1701,1107,225,204,0.045,0.0408,29057.1238861084,1,2,0.5
t0375_j0625,37.5% throughput + 62.5% Jain fairness,stochastic,1701,1108,278,245,0.0556,0.049,176335.00158691406,3,6,1.0
t0375_j0625,37.5% throughput + 62.5% Jain fairness,stochastic,1701,1109,245,222,0.049,0.0444,158327.76635742188,13,6,1.0
t0375_j0625,37.5% throughput + 62.5% Jain fairness,stochastic,1701,1110,256,228,0.0512,0.0456,559293.826171875,35,12,0.5
t0375_j0625,37.5% throughput + 62.5% Jain fairness,stochastic,1701,1111,232,208,0.0464,0.0416,29869.910568237305,32,2,1.0
t0375_j0625,37.5% throughput + 62.5% Jain fairness,stochastic,1701,1112,230,206,0.046,0.0412,19121.73928833008,12,1,1.0
t0375_j0625,37.5% throughput + 62.5% Jain fairness,stochastic,1701,1113,268,231,0.0536,0.0462,537305.4600219727,10,12,0.5
t0375_j0625,37.5% throughput + 62.5% Jain fairness,stochastic,1701,1114,279,254,0.0558,0.0508,138746.31282806396,3,5,2.0
t0375_j0625,37.5% throughput + 62.5% Jain fairness,stochastic,1701,1115,265,242,0.053,0.0484,89700.58776855469,1,4,1.0
t0375_j0625,37.5% throughput + 62.5% Jain fairness,stochastic,1701,1116,251,230,0.0502,0.046,341056.6789855957,34,9,0.5
t0375_j0625,37.5% throughput + 62.5% Jain fairness,stochastic,1701,1117,312,277,0.0624,0.0554,201137.419921875,24,6,2.0
t0375_j0625,37.5% throughput + 62.5% Jain fairness,stochastic,1701,1118,254,235,0.0508,0.047,489606.0076904297,44,11,0.5
t0375_j0625,37.5% throughput + 62.5% Jain fairness,stochastic,1701,1119,255,228,0.051,0.0456,272954.0548095703,29,8,1.0
t0375_j0625,37.5% throughput + 62.5% Jain fairness,stochastic,1701,1120,265,223,0.053,0.0446,162744.63537597656,11,6,1.0
t0375_j0625,37.5% throughput + 62.5% Jain fairness,stochastic,1701,1121,287,258,0.0574,0.0516,863536.3000488281,15,15,0.5
t0375_j0625,37.5% throughput + 62.5% Jain fairness,stochastic,1701,1122,284,259,0.0568,0.0518,304480.6629638672,14,8,2.0
t0375_j0625,37.5% throughput + 62.5% Jain fairness,stochastic,1701,1123,323,287,0.0646,0.0574,334901.0743408203,17,8,2.0
t0375_j0625,37.5% throughput + 62.5% Jain fairness,stochastic,1701,1124,269,236,0.0538,0.0472,352877.195892334,23,9,1.0
t0375_j0625,37.5% throughput + 62.5% Jain fairness,stochastic,1701,1125,233,202,0.0466,0.0404,74663.57063293457,65,4,0.5
t0375_j0625,37.5% throughput + 62.5% Jain fairness,stochastic,1701,1126,231,207,0.0462,0.0414,345189.8231506348,15,10,0.5
t0375_j0625,37.5% throughput + 62.5% Jain fairness,stochastic,1701,1127,338,306,0.0676,0.0612,750987.2746582031,12,12,2.0
t0375_j0625,37.5% throughput + 62.5% Jain fairness,stochastic,1701,1128,329,309,0.0658,0.0618,859406.1145019531,24,13,2.0
t0375_j0625,37.5% throughput + 62.5% Jain fairness,stochastic,1701,1129,264,235,0.0528,0.047,215259.2249145508,16,7,1.0
t0375_j0625,37.5% throughput + 62.5% Jain fairness,stochastic,1701,1130,280,253,0.056,0.0506,792994.3497924805,15,14,0.5
t0375_j0625,37.5% throughput + 62.5% Jain fairness,stochastic,1701,1131,280,254,0.056,0.0508,712359.4409179688,14,13,1.0
t0375_j0625,37.5% throughput + 62.5% Jain fairness,stochastic,1701,1132,221,203,0.0442,0.0406,75011.24732971191,5,4,0.5
t0375_j0625,37.5% throughput + 62.5% Jain fairness,stochastic,1701,1133,279,255,0.0558,0.051,24226.737579345703,9,1,2.0
t0375_j0625,37.5% throughput + 62.5% Jain fairness,stochastic,1701,1134,274,254,0.0548,0.0508,871561.7303466797,2,15,0.5
t0375_j0625,37.5% throughput + 62.5% Jain fairness,stochastic,1701,1135,320,290,0.064,0.058,346239.5913085937,0,8,2.0
t0375_j0625,37.5% throughput + 62.5% Jain fairness,stochastic,1701,1136,268,234,0.0536,0.0468,724263.2458496094,3,14,0.5
t0375_j0625,37.5% throughput + 62.5% Jain fairness,stochastic,1701,1137,267,246,0.0534,0.0492,23610.617095947266,28,1,2.0
t0375_j0625,37.5% throughput + 62.5% Jain fairness,stochastic,1701,1138,285,260,0.057,0.052,430796.8992919922,2,10,1.0
t0375_j0625,37.5% throughput + 62.5% Jain fairness,stochastic,1701,1139,214,196,0.0428,0.0392,18109.54135131836,1,1,0.5
t0375_j0625,37.5% throughput + 62.5% Jain fairness,stochastic,1701,1140,226,194,0.0452,0.0388,44174.329498291016,5,3,0.5
t0375_j0625,37.5% throughput + 62.5% Jain fairness,stochastic,1701,1141,266,248,0.0532,0.0496,225926.18353271484,21,7,1.0
t0375_j0625,37.5% throughput + 62.5% Jain fairness,stochastic,1701,1142,326,291,0.0652,0.0582,693479.2401123047,25,12,2.0
t0375_j0625,37.5% throughput + 62.5% Jain fairness,stochastic,1701,1143,270,241,0.054,0.0482,808963.3740234375,27,15,0.5
t0375_j0625,37.5% throughput + 62.5% Jain fairness,stochastic,1701,1144,272,246,0.0544,0.0492,586356.4306640625,80,12,0.5
t0375_j0625,37.5% throughput + 62.5% Jain fairness,stochastic,1701,1145,303,272,0.0606,0.0544,400506.92578125,18,9,2.0
t0375_j0625,37.5% throughput + 62.5% Jain fairness,stochastic,1701,1146,322,293,0.0644,0.0586,994350.8139038086,5,15,2.0
t0375_j0625,37.5% throughput + 62.5% Jain fairness,stochastic,1701,1147,266,250,0.0532,0.05,503526.17849731445,6,11,0.5
t0375_j0625,37.5% throughput + 62.5% Jain fairness,stochastic,1701,1148,263,248,0.0526,0.0496,222939.4351196289,14,7,1.0
t0375_j0625,37.5% throughput + 62.5% Jain fairness,stochastic,1701,1149,318,291,0.0636,0.0582,931934.6459350586,22,14,2.0
t0375_j0625,37.5% throughput + 62.5% Jain fairness,stochastic,1701,1150,275,251,0.055,0.0502,292312.49841308594,0,8,1.0
t0375_j0625,37.5% throughput + 62.5% Jain fairness,stochastic,1701,1151,338,299,0.0676,0.0598,728435.1042480469,27,12,2.0
t0375_j0625,37.5% throughput + 62.5% Jain fairness,stochastic,1701,1152,343,309,0.0686,0.0618,858752.5737304688,7,13,2.0
t0375_j0625,37.5% throughput + 62.5% Jain fairness,stochastic,1701,1153,261,239,0.0522,0.0478,403576.2160949707,3,10,0.5
t0375_j0625,37.5% throughput + 62.5% Jain fairness,stochastic,1701,1154,331,298,0.0662,0.0596,502596.3825073242,23,10,2.0
t0375_j0625,37.5% throughput + 62.5% Jain fairness,stochastic,1701,1155,271,247,0.0542,0.0494,362611.7392272949,7,9,1.0
t0375_j0625,37.5% throughput + 62.5% Jain fairness,stochastic,1701,1156,243,224,0.0486,0.0448,52453.61196899414,18,3,1.0
t0375_j0625,37.5% throughput + 62.5% Jain fairness,stochastic,1701,1157,236,211,0.0472,0.0422,112517.55780029295,25,5,0.5
t0375_j0625,37.5% throughput + 62.5% Jain fairness,stochastic,1701,1158,267,233,0.0534,0.0466,22004.302978515625,0,1,2.0
t0375_j0625,37.5% throughput + 62.5% Jain fairness,stochastic,1701,1159,252,222,0.0504,0.0444,82573.21548461914,50,4,1.0
t0375_j0625,37.5% throughput + 62.5% Jain fairness,stochastic,1701,1160,223,195,0.0446,0.039,71273.72283935547,49,4,0.5
t0375_j0625,37.5% throughput + 62.5% Jain fairness,stochastic,1701,1161,219,197,0.0438,0.0394,28007.27442169189,8,2,0.5
t0375_j0625,37.5% throughput + 62.5% Jain fairness,stochastic,1701,1162,327,291,0.0654,0.0582,493128.3187866211,34,10,2.0
t0375_j0625,37.5% throughput + 62.5% Jain fairness,stochastic,1701,1163,255,232,0.051,0.0464,208219.0322265625,16,7,0.5
t0375_j0625,37.5% throughput + 62.5% Jain fairness,stochastic,1701,1164,267,238,0.0534,0.0476,278208.4895019531,19,8,1.0
t0375_j0625,37.5% throughput + 62.5% Jain fairness,stochastic,1701,1165,252,229,0.0504,0.0458,32613.065620422363,6,2,2.0
t0375_j0625,37.5% throughput + 62.5% Jain fairness,stochastic,1701,1166,281,250,0.0562,0.05,523686.42587280273,4,11,1.0
t0375_j0625,37.5% throughput + 62.5% Jain fairness,stochastic,1701,1167,213,199,0.0426,0.0398,71882.15705871582,17,4,0.5
t0375_j0625,37.5% throughput + 62.5% Jain fairness,stochastic,1701,1168,300,277,0.06,0.0554,768563.947265625,100,13,1.0
t0375_j0625,37.5% throughput + 62.5% Jain fairness,stochastic,1701,1169,278,244,0.0556,0.0488,22796.457885742188,6,1,2.0
t0375_j0625,37.5% throughput + 62.5% Jain fairness,stochastic,1701,1170,281,252,0.0562,0.0504,614546.6436767578,12,12,0.5
t0375_j0625,37.5% throughput + 62.5% Jain fairness,stochastic,1701,1171,244,218,0.0488,0.0436,20486.006072998047,20,1,1.0
t0375_j0625,37.5% throughput + 62.5% Jain fairness,stochastic,1701,1172,243,223,0.0486,0.0446,118726.29691314696,24,5,1.0
t0375_j0625,37.5% throughput + 62.5% Jain fairness,stochastic,1701,1173,240,214,0.048,0.0428,194992.00354003903,0,7,1.0
t0375_j0625,37.5% throughput + 62.5% Jain fairness,stochastic,1701,1174,317,287,0.0634,0.0574,962249.0927124023,1,15,1.0
t0375_j0625,37.5% throughput + 62.5% Jain fairness,stochastic,1701,1175,259,233,0.0518,0.0466,558166.2176513672,25,12,0.5
t0375_j0625,37.5% throughput + 62.5% Jain fairness,stochastic,1701,1176,221,194,0.0442,0.0388,74228.97476196289,29,4,0.5
t0375_j0625,37.5% throughput + 62.5% Jain fairness,stochastic,1701,1177,244,219,0.0488,0.0438,200965.5003662109,0,7,0.5
t0375_j0625,37.5% throughput + 62.5% Jain fairness,stochastic,1701,1178,249,224,0.0498,0.0448,208219.0322265625,90,7,1.0
t0375_j0625,37.5% throughput + 62.5% Jain fairness,stochastic,1701,1179,222,202,0.0444,0.0404,46734.37078857422,39,3,1.0
t0375_j0625,37.5% throughput + 62.5% Jain fairness,stochastic,1701,1180,235,210,0.047,0.042,186458.4366455078,29,7,0.5
t0375_j0625,37.5% throughput + 62.5% Jain fairness,stochastic,1701,1181,273,245,0.0546,0.049,133804.66333007812,3,5,1.0
t0375_j0625,37.5% throughput + 62.5% Jain fairness,stochastic,1701,1182,249,221,0.0498,0.0442,200752.16119384769,13,7,1.0
t0375_j0625,37.5% throughput + 62.5% Jain fairness,stochastic,1701,1183,258,236,0.0516,0.0472,210779.10229492188,22,7,0.5
t0375_j0625,37.5% throughput + 62.5% Jain fairness,stochastic,1701,1184,268,241,0.0536,0.0482,398053.17892456055,58,10,0.5
t0375_j0625,37.5% throughput + 62.5% Jain fairness,stochastic,1701,1185,273,243,0.0546,0.0486,367826.6731567383,12,9,1.0
t0375_j0625,37.5% throughput + 62.5% Jain fairness,stochastic,1701,1186,310,282,0.062,0.0564,341261.7058105469,6,8,2.0
t0375_j0625,37.5% throughput + 62.5% Jain fairness,stochastic,1701,1187,234,208,0.0468,0.0416,309071.75088500977,6,9,0.5
t0375_j0625,37.5% throughput + 62.5% Jain fairness,stochastic,1701,1188,254,224,0.0508,0.0448,256914.20153808597,43,8,1.0
t0375_j0625,37.5% throughput + 62.5% Jain fairness,stochastic,1701,1189,278,239,0.0556,0.0478,658769.09765625,35,13,0.5
t0375_j0625,37.5% throughput + 62.5% Jain fairness,stochastic,1701,1190,251,227,0.0502,0.0454,204592.26629638672,9,7,0.5
t0375_j0625,37.5% throughput + 62.5% Jain fairness,stochastic,1701,1191,256,228,0.0512,0.0456,84398.5181427002,15,4,0.5
t0375_j0625,37.5% throughput + 62.5% Jain fairness,stochastic,1701,1192,321,287,0.0642,0.0574,427972.2444763184,43,9,2.0
t0375_j0625,37.5% throughput + 62.5% Jain fairness,stochastic,1701,1193,283,254,0.0566,0.0508,514566.31396484375,16,11,0.5
t0375_j0625,37.5% throughput + 62.5% Jain fairness,stochastic,1701,1194,288,251,0.0576,0.0502,693406.7585449219,9,13,0.5
t0375_j0625,37.5% throughput + 62.5% Jain fairness,stochastic,1701,1195,214,199,0.0428,0.0398,29023.257774353027,0,2,0.5
t0375_j0625,37.5% throughput + 62.5% Jain fairness,stochastic,1701,1196,238,215,0.0476,0.043,20331.97595214844,19,1,1.0
t0375_j0625,37.5% throughput + 62.5% Jain fairness,stochastic,1701,1197,236,209,0.0472,0.0418,309071.75088500977,14,9,0.5
t0375_j0625,37.5% throughput + 62.5% Jain fairness,stochastic,1701,1198,239,219,0.0478,0.0438,197978.751953125,32,7,1.0
t0375_j0625,37.5% throughput + 62.5% Jain fairness,stochastic,1701,1199,318,278,0.0636,0.0556,656268.1589355469,1,12,1.0
t025_j075,25% throughput + 75% Jain fairness,deterministic,1701,0,1574,1414,0.3148,0.2828,2260105.710662842,26,10,2.0
t025_j075,25% throughput + 75% Jain fairness,deterministic,1701,1,1719,1545,0.3438,0.309,4042149.6716308594,23,13,2.0
t025_j075,25% throughput + 75% Jain fairness,deterministic,1701,2,7,6,0.0014,0.0012,15684.978515625,4757,13,0.5
t025_j075,25% throughput + 75% Jain fairness,deterministic,1701,3,2,1,0.0004,0.0002,2956.176513671875,4897,14,0.5
t025_j075,25% throughput + 75% Jain fairness,deterministic,1701,4,1,0,0.0002,0.0,0.0,5000,1,0.5
t025_j075,25% throughput + 75% Jain fairness,deterministic,1701,5,25,21,0.005,0.0042,12670.89614868164,4150,5,1.0
t025_j075,25% throughput + 75% Jain fairness,deterministic,1701,6,14,13,0.0028,0.0026,3213.6688537597656,4422,3,0.5
t025_j075,25% throughput + 75% Jain fairness,deterministic,1701,7,5,4,0.001,0.0008,12840.6884765625,4824,15,0.5
t025_j075,25% throughput + 75% Jain fairness,deterministic,1701,8,24,20,0.0048,0.004,30941.941314697266,3627,9,1.0
t025_j075,25% throughput + 75% Jain fairness,deterministic,1701,9,208,189,0.0416,0.0378,50547.1982421875,21,3,2.0
t025_j075,25% throughput + 75% Jain fairness,deterministic,1701,10,1164,1031,0.2328,0.2062,1373896.3974609375,12,8,2.0
t025_j075,25% throughput + 75% Jain fairness,deterministic,1701,11,20,19,0.004,0.0038,24059.77990722656,4546,8,0.5
t025_j075,25% throughput + 75% Jain fairness,deterministic,1701,12,438,401,0.0876,0.0802,649085.4430847168,626,9,1.0
t025_j075,25% throughput + 75% Jain fairness,deterministic,1701,13,14,13,0.0028,0.0026,1320.2581787109375,4458,1,0.5
t025_j075,25% throughput + 75% Jain fairness,deterministic,1701,14,32,26,0.0064,0.0052,59763.25158691406,2062,12,1.0
t025_j075,25% throughput + 75% Jain fairness,deterministic,1701,15,6,5,0.0012,0.001,7890.0531005859375,4749,10,0.5
t025_j075,25% throughput + 75% Jain fairness,deterministic,1701,16,330,310,0.066,0.062,413441.04553222656,2543,8,1.0
t025_j075,25% throughput + 75% Jain fairness,deterministic,1701,17,18,16,0.0036,0.0032,12571.088745117188,4432,6,1.0
t025_j075,25% throughput + 75% Jain fairness,deterministic,1701,18,1226,1108,0.2452,0.2216,1479538.1896972656,1,8,2.0
t025_j075,25% throughput + 75% Jain fairness,deterministic,1701,19,14,12,0.0028,0.0024,36213.16229248047,4657,14,1.0
t025_j075,25% throughput + 75% Jain fairness,deterministic,1701,20,6,4,0.0012,0.0008,12563.750183105469,4820,14,1.0
t025_j075,25% throughput + 75% Jain fairness,deterministic,1701,21,7,6,0.0014,0.0012,15684.978515625,4757,13,0.5
t025_j075,25% throughput + 75% Jain fairness,deterministic,1701,22,22,21,0.0044,0.0042,5392.427398681641,4414,3,0.5
t025_j075,25% throughput + 75% Jain fairness,deterministic,1701,23,10,9,0.002,0.0018,858.1678161621094,4489,1,1.0
t025_j075,25% throughput + 75% Jain fairness,deterministic,1701,24,188,164,0.0376,0.0328,27059.023292541504,75,2,2.0
t025_j075,25% throughput + 75% Jain fairness,deterministic,1701,25,7,6,0.0014,0.0012,2086.0601806640625,4457,4,0.5
t025_j075,25% throughput + 75% Jain fairness,deterministic,1701,26,37,33,0.0074,0.0066,106738.22296142578,4190,15,1.0
t025_j075,25% throughput + 75% Jain fairness,deterministic,1701,27,271,246,0.0542,0.0492,205554.2889404297,46,6,2.0
t025_j075,25% throughput + 75% Jain fairness,deterministic,1701,28,3,2,0.0006,0.0004,435.751708984375,4801,3,0.5
t025_j075,25% throughput + 75% Jain fairness,deterministic,1701,29,12,11,0.0024,0.0022,2668.979217529297,4423,3,0.5
t025_j075,25% throughput + 75% Jain fairness,deterministic,1701,30,8,7,0.0016,0.0014,1015.9833526611328,4653,2,1.0
t025_j075,25% throughput + 75% Jain fairness,deterministic,1701,31,5,4,0.001,0.0008,575.7238998413086,4809,2,1.0
t025_j075,25% throughput + 75% Jain fairness,deterministic,1701,32,5,4,0.001,0.0008,575.7238998413086,4809,2,1.0
t025_j075,25% throughput + 75% Jain fairness,deterministic,1701,33,26,20,0.0052,0.004,15798.800720214844,3788,6,1.0
t025_j075,25% throughput + 75% Jain fairness,deterministic,1701,34,208,181,0.0416,0.0362,474470.60009765625,110,13,1.0
t025_j075,25% throughput + 75% Jain fairness,deterministic,1701,35,5,4,0.001,0.0008,352.06884765625,4570,1,0.5
t025_j075,25% throughput + 75% Jain fairness,deterministic,1701,36,19,17,0.0038,0.0034,55375.46905517578,4621,15,1.0
t025_j075,25% throughput + 75% Jain fairness,deterministic,1701,37,12,11,0.0024,0.0022,13274.361328125,4589,8,0.5
t025_j075,25% throughput + 75% Jain fairness,deterministic,1701,38,4,2,0.0008,0.0004,338.66111755371094,4827,2,1.0
t025_j075,25% throughput + 75% Jain fairness,deterministic,1701,39,40,38,0.008,0.0076,69432.46728515625,4373,10,0.5
t025_j075,25% throughput + 75% Jain fairness,deterministic,1701,40,6,5,0.0012,0.001,11276.085205078123,4772,12,0.5
t025_j075,25% throughput + 75% Jain fairness,deterministic,1701,41,172,159,0.0344,0.0318,164271.16271972656,3073,7,1.0
t025_j075,25% throughput + 75% Jain fairness,deterministic,1701,42,17,16,0.0034,0.0032,20188.09118652344,4584,8,0.5
t025_j075,25% throughput + 75% Jain fairness,deterministic,1701,43,1053,938,0.2106,0.1876,1250555.4567871094,11,8,2.0
t025_j075,25% throughput + 75% Jain fairness,deterministic,1701,44,10,9,0.002,0.0018,26605.588623046875,4691,14,0.5
t025_j075,25% throughput + 75% Jain fairness,deterministic,1701,45,1707,1531,0.3414,0.3062,4006204.9291992183,2,13,2.0
t025_j075,25% throughput + 75% Jain fairness,deterministic,1701,46,19,18,0.0038,0.0036,14100.004943847656,4424,6,0.5
t025_j075,25% throughput + 75% Jain fairness,deterministic,1701,47,2,1,0.0004,0.0002,1390.6490478515625,4892,9,0.5
t025_j075,25% throughput + 75% Jain fairness,deterministic,1701,48,24,22,0.0048,0.0044,42240.51831054688,4450,11,1.0
t025_j075,25% throughput + 75% Jain fairness,deterministic,1701,49,2028,1827,0.4056,0.3654,5868194.633789063,21,15,2.0
t025_j075,25% throughput + 75% Jain fairness,deterministic,1701,50,238,214,0.0476,0.0428,221019.38256835935,1761,7,1.0
t025_j075,25% throughput + 75% Jain fairness,deterministic,1701,51,1971,1788,0.3942,0.3576,5287121.694702148,0,14,2.0
t025_j075,25% throughput + 75% Jain fairness,deterministic,1701,52,1,0,0.0002,0.0,0.0,5000,14,0.5
t025_j075,25% throughput + 75% Jain fairness,deterministic,1701,53,352,322,0.0704,0.0644,426438.8576660156,1021,8,1.0
t025_j075,25% throughput + 75% Jain fairness,deterministic,1701,54,7,6,0.0014,0.0012,550.1075744628906,4465,1,0.5
t025_j075,25% throughput + 75% Jain fairness,deterministic,1701,55,74,70,0.0148,0.014,158992.80139160156,4045,12,0.5
t025_j075,25% throughput + 75% Jain fairness,deterministic,1701,56,93,82,0.0186,0.0164,162241.9907836914,3558,11,1.0
t025_j075,25% throughput + 75% Jain fairness,deterministic,1701,57,32,31,0.0064,0.0062,8115.875579833984,4402,3,0.5
t025_j075,25% throughput + 75% Jain fairness,deterministic,1701,58,10,9,0.002,0.0018,12515.841430664062,4577,9,0.5
t025_j075,25% throughput + 75% Jain fairness,deterministic,1701,59,6,5,0.0012,0.001,2534.179229736328,4581,5,0.5
t025_j075,25% throughput + 75% Jain fairness,deterministic,1701,60,36,29,0.0072,0.0058,37610.6904296875,3090,8,1.0
t025_j075,25% throughput + 75% Jain fairness,deterministic,1701,61,195,177,0.039,0.0354,29395.78500366211,0,2,2.0
t025_j075,25% throughput + 75% Jain fairness,deterministic,1701,62,68,55,0.0136,0.011,71902.79052734375,2934,8,1.0
t025_j075,25% throughput + 75% Jain fairness,deterministic,1701,63,198,177,0.0396,0.0354,109223.12480163574,206,5,1.0
t025_j075,25% throughput + 75% Jain fairness,deterministic,1701,64,1,0,0.0002,0.0,0.0,5000,7,0.5
t025_j075,25% throughput + 75% Jain fairness,deterministic,1701,65,1,0,0.0002,0.0,0.0,5000,1,0.5
t025_j075,25% throughput + 75% Jain fairness,deterministic,1701,66,256,227,0.0512,0.0454,448325.501159668,68,11,1.0
t025_j075,25% throughput + 75% Jain fairness,deterministic,1701,67,1,0,0.0002,0.0,0.0,5000,6,0.5
t025_j075,25% throughput + 75% Jain fairness,deterministic,1701,68,1292,1135,0.2584,0.227,1824574.779510498,21,10,2.0
t025_j075,25% throughput + 75% Jain fairness,deterministic,1701,69,4,3,0.0008,0.0006,3318.59033203125,4790,8,0.5
t025_j075,25% throughput + 75% Jain fairness,deterministic,1701,70,1464,1315,0.2928,0.263,1993495.4100952148,0,9,2.0
t025_j075,25% throughput + 75% Jain fairness,deterministic,1701,71,2200,2009,0.44,0.4018,6452445.959472656,0,15,2.0
t025_j075,25% throughput + 75% Jain fairness,deterministic,1701,72,1456,1311,0.2912,0.2622,1976459.9592590327,20,9,2.0
t025_j075,25% throughput + 75% Jain fairness,deterministic,1701,73,4,3,0.0008,0.0006,406.3933410644531,4697,2,0.5
t025_j075,25% throughput + 75% Jain fairness,deterministic,1701,74,3,2,0.0006,0.0004,270.92889404296875,4794,2,0.5
t025_j075,25% throughput + 75% Jain fairness,deterministic,1701,75,294,272,0.0588,0.0544,450127.5293884277,107,10,1.0
t025_j075,25% throughput + 75% Jain fairness,deterministic,1701,76,19,14,0.0038,0.0028,10872.29296875,3886,6,1.0
t025_j075,25% throughput + 75% Jain fairness,deterministic,1701,77,398,362,0.0796,0.0724,376116.9608764648,87,7,1.0
t025_j075,25% throughput + 75% Jain fairness,deterministic,1701,78,274,247,0.0548,0.0494,397377.965423584,340,9,1.0
t025_j075,25% throughput + 75% Jain fairness,deterministic,1701,79,37,30,0.0074,0.006,30294.162475585938,3566,7,1.0
t025_j075,25% throughput + 75% Jain fairness,deterministic,1701,80,6,5,0.0012,0.001,3397.591552734375,4599,6,0.5
t025_j075,25% throughput + 75% Jain fairness,deterministic,1701,81,76,68,0.0152,0.0136,201759.04705810547,3013,14,1.0
t025_j075,25% throughput + 75% Jain fairness,deterministic,1701,82,1583,1429,0.3166,0.2858,2754753.802093506,7,11,2.0
t025_j075,25% throughput + 75% Jain fairness,deterministic,1701,83,1832,1654,0.3664,0.3308,4325786.366455078,17,13,2.0
t025_j075,25% throughput + 75% Jain fairness,deterministic,1701,84,7,6,0.0014,0.0012,3041.0150756835938,4500,5,0.5
t025_j075,25% throughput + 75% Jain fairness,deterministic,1701,85,49,47,0.0098,0.0094,28889.64321899414,4331,5,0.5
t025_j075,25% throughput + 75% Jain fairness,deterministic,1701,86,1874,1697,0.3748,0.3394,5018109.631958008,0,14,2.0
t025_j075,25% throughput + 75% Jain fairness,deterministic,1701,87,9,8,0.0018,0.0016,5606.026062011719,4451,6,0.5
t025_j075,25% throughput + 75% Jain fairness,deterministic,1701,88,205,179,0.041,0.0358,75706.6007232666,13,4,2.0
t025_j075,25% throughput + 75% Jain fairness,deterministic,1701,89,18,16,0.0036,0.0032,12571.088745117188,4432,6,1.0
t025_j075,25% throughput + 75% Jain fairness,deterministic,1701,90,532,490,0.1064,0.098,646572.0163574219,19,8,1.0
t025_j075,25% throughput + 75% Jain fairness,deterministic,1701,91,40,37,0.008,0.0074,58754.92227172852,4256,9,0.5
t025_j075,25% throughput + 75% Jain fairness,deterministic,1701,92,20,19,0.004,0.0038,18773.84716796875,4502,7,0.5
t025_j075,25% throughput + 75% Jain fairness,deterministic,1701,93,4,3,0.0008,0.0006,406.3933410644531,4697,2,0.5
t025_j075,25% throughput + 75% Jain fairness,deterministic,1701,94,1316,1184,0.2632,0.2368,1584903.4327392578,0,8,2.0
t025_j075,25% throughput + 75% Jain fairness,deterministic,1701,95,7,6,0.0014,0.0012,4077.10986328125,4543,6,0.5
t025_j075,25% throughput + 75% Jain fairness,deterministic,1701,96,6,4,0.0012,0.0008,12563.750183105469,4805,14,1.0
t025_j075,25% throughput + 75% Jain fairness,deterministic,1701,97,2,1,0.0004,0.0002,347.6766967773437,4921,4,0.5
t025_j075,25% throughput + 75% Jain fairness,deterministic,1701,98,88,80,0.0176,0.016,65743.39654541016,3554,6,1.0
t025_j075,25% throughput + 75% Jain fairness,deterministic,1701,99,16,15,0.0032,0.003,1518.296905517578,4456,1,0.5
t025_j075,25% throughput + 75% Jain fairness,deterministic,1701,100,14,12,0.0028,0.0024,38522.0654296875,4794,15,1.0
t025_j075,25% throughput + 75% Jain fairness,deterministic,1701,101,1660,1510,0.332,0.302,2427374.836395264,0,10,2.0
t025_j075,25% throughput + 75% Jain fairness,deterministic,1701,102,215,195,0.043,0.039,83442.4072265625,1,4,2.0
t025_j075,25% throughput + 75% Jain fairness,deterministic,1701,103,72,64,0.0144,0.0128,26858.024826049805,835,4,1.0
t025_j075,25% throughput + 75% Jain fairness,deterministic,1701,104,27,24,0.0054,0.0048,35809.212982177734,4248,9,1.0
t025_j075,25% throughput + 75% Jain fairness,deterministic,1701,105,1,0,0.0002,0.0,0.0,5000,11,0.5
t025_j075,25% throughput + 75% Jain fairness,deterministic,1701,106,42,36,0.0084,0.0072,94763.41186523438,3783,13,1.0
t025_j075,25% throughput + 75% Jain fairness,deterministic,1701,107,5,4,0.001,0.0008,1390.706787109375,4650,4,0.5
t025_j075,25% throughput + 75% Jain fairness,deterministic,1701,108,8,6,0.0016,0.0012,9862.566375732422,4851,10,1.0
t025_j075,25% throughput + 75% Jain fairness,deterministic,1701,109,8,7,0.0016,0.0014,3674.559883117676,4499,5,0.5
t025_j075,25% throughput + 75% Jain fairness,deterministic,1701,110,225,209,0.045,0.0418,476978.4041748047,2789,12,1.0
t025_j075,25% throughput + 75% Jain fairness,deterministic,1701,111,196,180,0.0392,0.036,579436.0675048828,11,15,1.0
t025_j075,25% throughput + 75% Jain fairness,deterministic,1701,112,5,4,0.001,0.0008,2027.3433837890625,4668,5,0.5
t025_j075,25% throughput + 75% Jain fairness,deterministic,1701,113,9,8,0.0018,0.0016,11125.1923828125,4622,9,0.5
t025_j075,25% throughput + 75% Jain fairness,deterministic,1701,114,3,2,0.0006,0.0004,435.751708984375,4801,3,0.5
t025_j075,25% throughput + 75% Jain fairness,deterministic,1701,115,1646,1468,0.3292,0.2936,3842819.736328125,0,13,2.0
t025_j075,25% throughput + 75% Jain fairness,deterministic,1701,116,2,1,0.0004,0.0002,110.02151489257812,4959,1,1.0
t025_j075,25% throughput + 75% Jain fairness,deterministic,1701,117,6,5,0.0012,0.001,7890.0531005859375,4749,10,0.5
t025_j075,25% throughput + 75% Jain fairness,deterministic,1701,118,7,6,0.0014,0.0012,6637.1806640625,4643,8,0.5
t025_j075,25% throughput + 75% Jain fairness,deterministic,1701,119,2,1,0.0004,0.0002,1578.0106201171875,4893,10,0.5
t025_j075,25% throughput + 75% Jain fairness,deterministic,1701,120,16,15,0.0032,0.003,10532.533813476562,4444,6,0.5
t025_j075,25% throughput + 75% Jain fairness,deterministic,1701,121,107,98,0.0214,0.0196,60693.59255218506,1674,5,1.0
t025_j075,25% throughput + 75% Jain fairness,deterministic,1701,122,10,9,0.002,0.0018,2124.289581298828,4424,3,0.5
t025_j075,25% throughput + 75% Jain fairness,deterministic,1701,123,372,322,0.0744,0.0644,334515.822265625,42,7,2.0
t025_j075,25% throughput + 75% Jain fairness,deterministic,1701,124,1427,1297,0.2854,0.2594,1739494.4323730469,18,8,2.0
t025_j075,25% throughput + 75% Jain fairness,deterministic,1701,125,7,6,0.0014,0.0012,550.1075744628906,4463,1,0.5
t025_j075,25% throughput + 75% Jain fairness,deterministic,1701,126,266,242,0.0532,0.0484,150656.9552078247,21,5,2.0
t025_j075,25% throughput + 75% Jain fairness,deterministic,1701,127,212,190,0.0424,0.038,81008.6703491211,16,4,2.0
t025_j075,25% throughput + 75% Jain fairness,deterministic,1701,128,2,1,0.0004,0.0002,506.8358459472656,4928,5,0.5
t025_j075,25% throughput + 75% Jain fairness,deterministic,1701,129,5,4,0.001,0.0008,3413.4267578125,4706,7,0.5
t025_j075,25% throughput + 75% Jain fairness,deterministic,1701,130,1605,1455,0.321,0.291,2219128.218109131,0,9,2.0
t025_j075,25% throughput + 75% Jain fairness,deterministic,1701,131,1595,1443,0.319,0.2886,2186100.303222656,27,9,2.0
t025_j075,25% throughput + 75% Jain fairness,deterministic,1701,132,8,7,0.0016,0.0014,5973.496826171875,4513,7,0.5
t025_j075,25% throughput + 75% Jain fairness,deterministic,1701,133,69,60,0.0138,0.012,48245.800048828125,3178,6,1.0
t025_j075,25% throughput + 75% Jain fairness,deterministic,1701,134,98,86,0.0196,0.0172,136631.26895141602,3366,9,1.0
t025_j075,25% throughput + 75% Jain fairness,deterministic,1701,135,200,181,0.04,0.0362,48368.439697265625,11,3,2.0
t025_j075,25% throughput + 75% Jain fairness,deterministic,1701,136,1,0,0.0002,0.0,0.0,5000,1,1.0
t025_j075,25% throughput + 75% Jain fairness,deterministic,1701,137,208,182,0.0416,0.0364,77184.22668457031,3,4,2.0
t025_j075,25% throughput + 75% Jain fairness,deterministic,1701,138,128,117,0.0256,0.0234,157356.49157714844,2552,8,1.0
t025_j075,25% throughput + 75% Jain fairness,deterministic,1701,139,19,18,0.0038,0.0036,40593.90673828125,4412,12,0.5
t025_j075,25% throughput + 75% Jain fairness,deterministic,1701,140,21,20,0.0042,0.004,59123.5302734375,4390,14,0.5
t025_j075,25% throughput + 75% Jain fairness,deterministic,1701,141,2,1,0.0004,0.0002,679.518310546875,4888,6,0.5
t025_j075,25% throughput + 75% Jain fairness,deterministic,1701,142,5,4,0.001,0.0008,980.4413452148438,4826,3,1.0
t025_j075,25% throughput + 75% Jain fairness,deterministic,1701,143,5,4,0.001,0.0008,2718.0732421875,4679,6,0.5
t025_j075,25% throughput + 75% Jain fairness,deterministic,1701,144,2,1,0.0004,0.0002,2255.217041015625,4895,12,0.5
t025_j075,25% throughput + 75% Jain fairness,deterministic,1701,145,14,13,0.0028,0.0026,29317.821533203125,4537,12,0.5
t025_j075,25% throughput + 75% Jain fairness,deterministic,1701,146,47,44,0.0094,0.0088,86401.06018066406,4190,11,0.5
t025_j075,25% throughput + 75% Jain fairness,deterministic,1701,147,2,1,0.0004,0.0002,1106.19677734375,4890,8,0.5
t025_j075,25% throughput + 75% Jain fairness,deterministic,1701,148,39,37,0.0078,0.0074,29219.287353515625,4295,6,0.5
t025_j075,25% throughput + 75% Jain fairness,deterministic,1701,149,208,191,0.0416,0.0382,159177.16424560547,2390,6,1.0
t025_j075,25% throughput + 75% Jain fairness,deterministic,1701,150,113,100,0.0226,0.02,61833.973205566406,1914,5,1.0
t025_j075,25% throughput + 75% Jain fairness,deterministic,1701,151,23,22,0.0046,0.0044,3420.4772872924805,4325,2,1.0
t025_j075,25% throughput + 75% Jain fairness,deterministic,1701,152,37,33,0.0074,0.0066,97553.82495117188,4108,14,1.0
t025_j075,25% throughput + 75% Jain fairness,deterministic,1701,153,37,35,0.0074,0.007,35627.64178466797,4369,7,0.5
t025_j075,25% throughput + 75% Jain fairness,deterministic,1701,154,88,78,0.0176,0.0156,121681.79168701172,3364,9,1.0
t025_j075,25% throughput + 75% Jain fairness,deterministic,1701,155,168,153,0.0336,0.0306,94905.01215362547,2379,5,1.0
t025_j075,25% throughput + 75% Jain fairness,deterministic,1701,156,58,50,0.0116,0.01,83634.56286621094,3744,10,1.0
t025_j075,25% throughput + 75% Jain fairness,deterministic,1701,157,28,27,0.0056,0.0054,86674.64721679688,4557,15,1.0
t025_j075,25% throughput + 75% Jain fairness,deterministic,1701,158,8,7,0.0016,0.0014,9734.543334960938,4661,9,0.5
t025_j075,25% throughput + 75% Jain fairness,deterministic,1701,159,7,5,0.0014,0.001,1198.3171997070312,4260,3,1.0
t025_j075,25% throughput + 75% Jain fairness,deterministic,1701,160,1686,1488,0.3372,0.2976,4400268.740600586,0,14,2.0
t025_j075,25% throughput + 75% Jain fairness,deterministic,1701,161,1311,1171,0.2622,0.2342,1779683.118988037,0,9,2.0
t025_j075,25% throughput + 75% Jain fairness,deterministic,1701,162,12,11,0.0024,0.0022,10240.2802734375,4509,7,0.5
t025_j075,25% throughput + 75% Jain fairness,deterministic,1701,163,4,3,0.0008,0.0006,264.0516357421875,4675,1,0.5
t025_j075,25% throughput + 75% Jain fairness,deterministic,1701,164,682,621,0.1364,0.1242,646204.3530883789,14,7,2.0
t025_j075,25% throughput + 75% Jain fairness,deterministic,1701,165,1,0,0.0002,0.0,0.0,5000,2,0.5
t025_j075,25% throughput + 75% Jain fairness,deterministic,1701,166,1758,1587,0.3516,0.3174,4153251.602783203,21,13,2.0
t025_j075,25% throughput + 75% Jain fairness,deterministic,1701,167,5,4,0.001,0.0008,2027.3433837890625,4668,5,0.5
t025_j075,25% throughput + 75% Jain fairness,deterministic,1701,168,3,2,0.0006,0.0004,1706.71337890625,4832,7,0.5
t025_j075,25% throughput + 75% Jain fairness,deterministic,1701,169,4,3,0.0008,0.0006,2038.554931640625,4755,6,0.5
t025_j075,25% throughput + 75% Jain fairness,deterministic,1701,170,2,1,0.0004,0.0002,1106.19677734375,4890,8,0.5
t025_j075,25% throughput + 75% Jain fairness,deterministic,1701,171,7,5,0.0014,0.001,13724.356201171877,4786,13,1.0
t025_j075,25% throughput + 75% Jain fairness,deterministic,1701,172,231,202,0.0462,0.0404,125188.4539489746,5,5,2.0
t025_j075,25% throughput + 75% Jain fairness,deterministic,1701,173,1503,1348,0.3006,0.2696,2595871.8525390625,9,11,2.0
t025_j075,25% throughput + 75% Jain fairness,deterministic,1701,174,11,10,0.0022,0.002,22552.17041015625,4792,12,1.0
t025_j075,25% throughput + 75% Jain fairness,deterministic,1701,175,9,8,0.0018,0.0016,770.1506042480469,4554,1,1.0
t025_j075,25% throughput + 75% Jain fairness,deterministic,1701,176,201,181,0.0402,0.0362,48259.50177001953,22,3,2.0
t025_j075,25% throughput + 75% Jain fairness,deterministic,1701,177,261,229,0.0522,0.0458,24556.80212402344,74,1,2.0
t025_j075,25% throughput + 75% Jain fairness,deterministic,1701,178,1,0,0.0002,0.0,0.0,5000,8,0.5
t025_j075,25% throughput + 75% Jain fairness,deterministic,1701,179,1,0,0.0002,0.0,0.0,5000,8,0.5
t025_j075,25% throughput + 75% Jain fairness,deterministic,1701,180,1269,1131,0.2538,0.2262,1724752.4815979004,19,9,2.0
t025_j075,25% throughput + 75% Jain fairness,deterministic,1701,181,378,347,0.0756,0.0694,789325.9643554688,77,12,1.0
t025_j075,25% throughput + 75% Jain fairness,deterministic,1701,182,29,25,0.0058,0.005,15458.493301391602,4145,5,1.0
t025_j075,25% throughput + 75% Jain fairness,deterministic,1701,183,9,8,0.0018,0.0016,18041.736328125,4835,12,1.0
t025_j075,25% throughput + 75% Jain fairness,deterministic,1701,184,844,762,0.1688,0.1524,794261.7387084961,0,7,2.0
t025_j075,25% throughput + 75% Jain fairness,deterministic,1701,185,65,55,0.013,0.011,84481.92965698242,2881,9,1.0
t025_j075,25% throughput + 75% Jain fairness,deterministic,1701,186,6,4,0.0012,0.0008,5562.59619140625,4886,9,1.0
t025_j075,25% throughput + 75% Jain fairness,deterministic,1701,187,5,4,0.001,0.0008,5562.59619140625,4775,9,0.5
t025_j075,25% throughput + 75% Jain fairness,deterministic,1701,188,1,0,0.0002,0.0,0.0,5000,3,0.5
t025_j075,25% throughput + 75% Jain fairness,deterministic,1701,189,262,233,0.0524,0.0466,241499.9431152344,568,7,1.0
t025_j075,25% throughput + 75% Jain fairness,deterministic,1701,190,7,6,0.0014,0.0012,5120.14013671875,4566,7,0.5
t025_j075,25% throughput + 75% Jain fairness,deterministic,1701,191,1343,1229,0.2686,0.2458,1644914.6079101562,8,8,2.0
t025_j075,25% throughput + 75% Jain fairness,deterministic,1701,192,4,3,0.0008,0.0006,406.3933410644531,4697,2,0.5
t025_j075,25% throughput + 75% Jain fairness,deterministic,1701,193,32,30,0.0064,0.006,39269.985595703125,4452,8,0.5
t025_j075,25% throughput + 75% Jain fairness,deterministic,1701,194,5,3,0.001,0.0006,762.5654907226562,4788,3,1.0
t025_j075,25% throughput + 75% Jain fairness,deterministic,1701,195,313,277,0.0626,0.0554,540486.632019043,103,11,1.0
t025_j075,25% throughput + 75% Jain fairness,deterministic,1701,196,6,4,0.0012,0.0008,1034.9103088378906,4748,3,1.0
t025_j075,25% throughput + 75% Jain fairness,deterministic,1701,197,1464,1308,0.2928,0.2616,2098359.62210083,0,10,2.0
t025_j075,25% throughput + 75% Jain fairness,deterministic,1701,198,1752,1557,0.3504,0.3114,4606462.052429199,11,14,2.0
t025_j075,25% throughput + 75% Jain fairness,deterministic,1701,199,6,5,0.0012,0.001,2534.179229736328,4580,5,0.5
t025_j075,25% throughput + 75% Jain fairness,deterministic,1701,200,17,16,0.0034,0.0032,47298.82421875,4724,14,1.0
t025_j075,25% throughput + 75% Jain fairness,deterministic,1701,201,217,193,0.0434,0.0386,315602.1240234375,38,10,1.0
t025_j075,25% throughput + 75% Jain fairness,deterministic,1701,202,11,10,0.0022,0.002,29561.76513671875,4816,14,1.0
t025_j075,25% throughput + 75% Jain fairness,deterministic,1701,203,315,284,0.063,0.0568,30696.002655029297,24,1,2.0
t025_j075,25% throughput + 75% Jain fairness,deterministic,1701,204,32,30,0.0064,0.006,28587.449096679688,4339,7,0.5
t025_j075,25% throughput + 75% Jain fairness,deterministic,1701,205,1,0,0.0002,0.0,0.0,5000,6,0.5
t025_j075,25% throughput + 75% Jain fairness,deterministic,1701,206,4,2,0.0008,0.0004,1528.9161987304688,4934,6,1.0
t025_j075,25% throughput + 75% Jain fairness,deterministic,1701,207,13,12,0.0026,0.0024,17383.11309814453,4545,9,0.5
t025_j075,25% throughput + 75% Jain fairness,deterministic,1701,208,56,49,0.0112,0.0098,61393.921142578125,3117,8,1.0
t025_j075,25% throughput + 75% Jain fairness,deterministic,1701,209,1769,1597,0.3538,0.3194,4178086.1520996094,8,13,2.0
t025_j075,25% throughput + 75% Jain fairness,deterministic,1701,210,4,3,0.0008,0.0006,264.0516357421875,4675,1,0.5
t025_j075,25% throughput + 75% Jain fairness,deterministic,1701,211,6,5,0.0012,0.001,13070.8154296875,4782,13,0.5
t025_j075,25% throughput + 75% Jain fairness,deterministic,1701,212,16,15,0.0032,0.003,48152.581787109375,4547,15,0.5
t025_j075,25% throughput + 75% Jain fairness,deterministic,1701,213,113,99,0.0226,0.0198,81372.31768798828,2809,6,1.0
t025_j075,25% throughput + 75% Jain fairness,deterministic,1701,214,2,1,0.0004,0.0002,217.8758544921875,4909,3,0.5
t025_j075,25% throughput + 75% Jain fairness,deterministic,1701,215,12,11,0.0024,0.0022,7814.4605712890625,4447,6,0.5
t025_j075,25% throughput + 75% Jain fairness,deterministic,1701,216,1,0,0.0002,0.0,0.0,5000,1,0.5
t025_j075,25% throughput + 75% Jain fairness,deterministic,1701,217,1418,1283,0.2836,0.2566,1712392.611328125,30,8,2.0
t025_j075,25% throughput + 75% Jain fairness,deterministic,1701,218,136,117,0.0272,0.0234,195673.31689453125,208,10,1.0
t025_j075,25% throughput + 75% Jain fairness,deterministic,1701,219,8,5,0.0016,0.001,4077.10986328125,4734,6,1.0
t025_j075,25% throughput + 75% Jain fairness,deterministic,1701,220,73,68,0.0146,0.0136,219094.24713134769,41,15,1.0
t025_j075,25% throughput + 75% Jain fairness,deterministic,1701,221,1640,1451,0.328,0.2902,4292368.2978515625,0,14,2.0
t025_j075,25% throughput + 75% Jain fairness,deterministic,1701,222,1,0,0.0002,0.0,0.0,5000,5,0.5
t025_j075,25% throughput + 75% Jain fairness,deterministic,1701,223,74,70,0.0148,0.014,206932.35595703125,3478,14,1.0
t025_j075,25% throughput + 75% Jain fairness,deterministic,1701,224,113,100,0.0226,0.02,197282.4207458496,3256,11,1.0
t025_j075,25% throughput + 75% Jain fairness,deterministic,1701,225,1739,1555,0.3478,0.311,4067637.76171875,13,13,2.0
t025_j075,25% throughput + 75% Jain fairness,deterministic,1701,226,193,175,0.0386,0.035,29023.257774353027,22,2,2.0
t025_j075,25% throughput + 75% Jain fairness,deterministic,1701,227,132,111,0.0264,0.0222,186994.25848388672,2234,10,1.0
t025_j075,25% throughput + 75% Jain fairness,deterministic,1701,228,2,1,0.0004,0.0002,88.0172119140625,4884,1,0.5
t025_j075,25% throughput + 75% Jain fairness,deterministic,1701,229,11,10,0.0022,0.002,3824.443664550781,4453,4,0.5
t025_j075,25% throughput + 75% Jain fairness,deterministic,1701,230,383,343,0.0766,0.0686,568478.3258972168,145,10,1.0
t025_j075,25% throughput + 75% Jain fairness,deterministic,1701,231,5,4,0.001,0.0008,980.4413452148438,4830,3,1.0
t025_j075,25% throughput + 75% Jain fairness,deterministic,1701,232,28,23,0.0056,0.0046,23040.63061523437,4099,7,1.0
t025_j075,25% throughput + 75% Jain fairness,deterministic,1701,233,9,8,0.0018,0.0016,2015.3516540527344,4656,3,1.0
t025_j075,25% throughput + 75% Jain fairness,deterministic,1701,234,2039,1838,0.4078,0.3676,5905111.61315918,8,15,2.0
t025_j075,25% throughput + 75% Jain fairness,deterministic,1701,235,16,14,0.0032,0.0028,3594.9515991210938,4250,3,1.0
t025_j075,25% throughput + 75% Jain fairness,deterministic,1701,236,7,6,0.0014,0.0012,19261.03271484375,4776,15,0.5
t025_j075,25% throughput + 75% Jain fairness,deterministic,1701,237,3,2,0.0006,0.0004,1359.03662109375,4821,6,0.5
t025_j075,25% throughput + 75% Jain fairness,deterministic,1701,238,193,162,0.0386,0.0324,42649.1985168457,21,3,2.0
t025_j075,25% throughput + 75% Jain fairness,deterministic,1701,239,21,18,0.0042,0.0036,20741.189575195312,4328,8,1.0
t025_j075,25% throughput + 75% Jain fairness,deterministic,1701,240,1,0,0.0002,0.0,0.0,5000,1,1.0
t025_j075,25% throughput + 75% Jain fairness,deterministic,1701,241,47,44,0.0094,0.0088,141247.5732421875,4143,15,1.0
t025_j075,25% throughput + 75% Jain fairness,deterministic,1701,242,12,10,0.0024,0.002,2505.572326660156,4253,3,1.0
t025_j075,25% throughput + 75% Jain fairness,deterministic,1701,243,203,184,0.0406,0.0368,49076.536224365234,3,3,2.0
t025_j075,25% throughput + 75% Jain fairness,deterministic,1701,244,42,32,0.0084,0.0064,40652.73156738281,2552,8,1.0
t025_j075,25% throughput + 75% Jain fairness,deterministic,1701,245,162,143,0.0324,0.0286,233940.07443237305,2188,10,1.0
t025_j075,25% throughput + 75% Jain fairness,deterministic,1701,246,12,11,0.0024,0.0022,2777.9171447753906,4519,3,1.0
t025_j075,25% throughput + 75% Jain fairness,deterministic,1701,247,320,286,0.064,0.0572,457523.53674316406,814,9,1.0
t025_j075,25% throughput + 75% Jain fairness,deterministic,1701,248,22,18,0.0044,0.0036,21847.386352539062,4317,8,1.0
t025_j075,25% throughput + 75% Jain fairness,deterministic,1701,249,1597,1434,0.3194,0.2868,2763873.914001465,11,11,2.0
t025_j075,25% throughput + 75% Jain fairness,deterministic,1701,250,15,14,0.003,0.0028,36598.283203125,4539,13,0.5
t025_j075,25% throughput + 75% Jain fairness,deterministic,1701,251,12,11,0.0024,0.0022,13274.361328125,4589,8,0.5
t025_j075,25% throughput + 75% Jain fairness,deterministic,1701,252,3,2,0.0006,0.0004,435.751708984375,4801,3,0.5
t025_j075,25% throughput + 75% Jain fairness,deterministic,1701,253,2,1,0.0004,0.0002,2956.176513671875,4897,14,0.5
t025_j075,25% throughput + 75% Jain fairness,deterministic,1701,254,19,18,0.0038,0.0036,4575.3929443359375,4347,3,1.0
t025_j075,25% throughput + 75% Jain fairness,deterministic,1701,255,2,1,0.0004,0.0002,110.02151489257812,4959,1,1.0
t025_j075,25% throughput + 75% Jain fairness,deterministic,1701,256,4,3,0.0008,0.0006,4734.0318603515625,4818,10,0.5
t025_j075,25% throughput + 75% Jain fairness,deterministic,1701,257,6,5,0.0012,0.001,16050.860595703123,4800,15,0.5
t025_j075,25% throughput + 75% Jain fairness,deterministic,1701,258,231,208,0.0462,0.0416,545053.0034179688,49,13,1.0
t025_j075,25% throughput + 75% Jain fairness,deterministic,1701,259,2,1,0.0004,0.0002,2255.217041015625,4895,12,0.5
t025_j075,25% throughput + 75% Jain fairness,deterministic,1701,260,6,5,0.0012,0.001,11276.085205078123,4771,12,0.5
t025_j075,25% throughput + 75% Jain fairness,deterministic,1701,261,64,60,0.0128,0.012,104937.70623779295,4246,10,0.5
t025_j075,25% throughput + 75% Jain fairness,deterministic,1701,262,6,5,0.0012,0.001,711.188346862793,4761,2,1.0
t025_j075,25% throughput + 75% Jain fairness,deterministic,1701,263,5,4,0.001,0.0008,575.7238998413086,4808,2,1.0
t025_j075,25% throughput + 75% Jain fairness,deterministic,1701,264,26,25,0.0052,0.005,19875.910583496094,4432,6,0.5
t025_j075,25% throughput + 75% Jain fairness,deterministic,1701,265,5,4,0.001,0.0008,3413.4267578125,4705,7,0.5
t025_j075,25% throughput + 75% Jain fairness,deterministic,1701,266,186,158,0.0372,0.0316,25941.441604614258,5,2,2.0
t025_j075,25% throughput + 75% Jain fairness,deterministic,1701,267,5,3,0.001,0.0006,7329.455383300781,4830,12,1.0
t025_j075,25% throughput + 75% Jain fairness,deterministic,1701,268,34,30,0.0068,0.006,18626.21733856201,4220,5,1.0
t025_j075,25% throughput + 75% Jain fairness,deterministic,1701,269,8,7,0.0016,0.0014,1015.9833526611328,4651,2,1.0
t025_j075,25% throughput + 75% Jain fairness,deterministic,1701,270,111,101,0.0222,0.0202,42851.15287780762,530,4,1.0
t025_j075,25% throughput + 75% Jain fairness,deterministic,1701,271,2,1,0.0004,0.0002,110.02151489257812,4959,1,1.0
t025_j075,25% throughput + 75% Jain fairness,deterministic,1701,272,1455,1295,0.291,0.259,2492670.586212158,1,11,2.0
t025_j075,25% throughput + 75% Jain fairness,deterministic,1701,273,132,120,0.0264,0.024,160675.0819091797,2642,8,1.0
t025_j075,25% throughput + 75% Jain fairness,deterministic,1701,274,228,204,0.0456,0.0408,461755.6891479492,85,12,1.0
t025_j075,25% throughput + 75% Jain fairness,deterministic,1701,275,1809,1622,0.3618,0.3244,4798613.525817871,0,14,2.0
t025_j075,25% throughput + 75% Jain fairness,deterministic,1701,276,6,5,0.0012,0.001,5530.98388671875,4683,8,0.5
t025_j075,25% throughput + 75% Jain fairness,deterministic,1701,277,8,7,0.0016,0.0014,13440.164916992188,4695,11,0.5
t025_j075,25% throughput + 75% Jain fairness,deterministic,1701,278,30,28,0.006,0.0056,22084.34509277344,4302,6,0.5
t025_j075,25% throughput + 75% Jain fairness,deterministic,1701,279,462,423,0.0924,0.0846,959594.8509521484,27,12,1.0
t025_j075,25% throughput + 75% Jain fairness,deterministic,1701,280,4,3,0.0008,0.0006,1520.5075378417969,4752,5,0.5
t025_j075,25% throughput + 75% Jain fairness,deterministic,1701,281,1789,1601,0.3578,0.3202,4735055.730773926,9,14,2.0
t025_j075,25% throughput + 75% Jain fairness,deterministic,1701,282,11,10,0.0022,0.002,7304.821838378906,4447,6,0.5
t025_j075,25% throughput + 75% Jain fairness,deterministic,1701,283,21,20,0.0042,0.004,5120.082580566406,4412,3,0.5
t025_j075,25% throughput + 75% Jain fairness,deterministic,1701,284,53,44,0.0106,0.0088,44374.5478515625,3640,7,1.0
t025_j075,25% throughput + 75% Jain fairness,deterministic,1701,285,20,19,0.004,0.0038,3014.083946228028,4393,2,0.5
t025_j075,25% throughput + 75% Jain fairness,deterministic,1701,286,1626,1466,0.3252,0.2932,2827234.691467285,3,11,2.0
t025_j075,25% throughput + 75% Jain fairness,deterministic,1701,287,17,16,0.0034,0.0032,47298.82421875,4508,14,0.5
t025_j075,25% throughput + 75% Jain fairness,deterministic,1701,288,1540,1373,0.308,0.2746,2643392.435638428,0,11,2.0
t025_j075,25% throughput + 75% Jain fairness,deterministic,1701,289,264,243,0.0528,0.0486,472325.7956542969,2086,11,1.0
t025_j075,25% throughput + 75% Jain fairness,deterministic,1701,290,26,25,0.0052,0.005,10082.624206542969,4438,4,0.5
t025_j075,25% throughput + 75% Jain fairness,deterministic,1701,291,2,1,0.0004,0.0002,1106.19677734375,4890,8,0.5
t025_j075,25% throughput + 75% Jain fairness,deterministic,1701,292,234,210,0.0468,0.042,129496.55863952637,345,5,1.0
t025_j075,25% throughput + 75% Jain fairness,deterministic,1701,293,308,274,0.0616,0.0548,438054.4500732422,4,9,1.0
t025_j075,25% throughput + 75% Jain fairness,deterministic,1701,294,367,332,0.0734,0.0664,276903.7115478516,9,6,2.0
t025_j075,25% throughput + 75% Jain fairness,deterministic,1701,295,2,1,0.0004,0.0002,1106.19677734375,4890,8,0.5
t025_j075,25% throughput + 75% Jain fairness,deterministic,1701,296,4,3,0.0008,0.0006,8868.529541015625,4841,14,0.5
t025_j075,25% throughput + 75% Jain fairness,deterministic,1701,297,8,7,0.0016,0.0014,1579.5999450683594,4425,3,0.5
t025_j075,25% throughput + 75% Jain fairness,deterministic,1701,298,472,433,0.0944,0.0866,685937.6428527832,91,9,1.0
t025_j075,25% throughput + 75% Jain fairness,deterministic,1701,299,1,0,0.0002,0.0,0.0,5000,13,0.5
t025_j075,25% throughput + 75% Jain fairness,deterministic,1701,300,61,52,0.0122,0.0104,51841.418884277344,3581,7,1.0
t025_j075,25% throughput + 75% Jain fairness,deterministic,1701,301,23,22,0.0046,0.0044,13177.731994628906,4473,5,0.5
t025_j075,25% throughput + 75% Jain fairness,deterministic,1701,302,14,12,0.0028,0.0024,5041.312103271484,4432,4,1.0
t025_j075,25% throughput + 75% Jain fairness,deterministic,1701,303,8,7,0.0016,0.0014,9734.543334960938,4661,9,0.5
t025_j075,25% throughput + 75% Jain fairness,deterministic,1701,304,8,6,0.0016,0.0012,948.2511291503906,4615,2,1.0
t025_j075,25% throughput + 75% Jain fairness,deterministic,1701,305,1860,1685,0.372,0.337,4406171.881347656,20,13,2.0
t025_j075,25% throughput + 75% Jain fairness,deterministic,1701,306,4,3,0.0008,0.0006,406.3933410644531,4855,2,1.0
t025_j075,25% throughput + 75% Jain fairness,deterministic,1701,307,6,4,0.0012,0.0008,1651.4643096923828,4729,4,1.0
t025_j075,25% throughput + 75% Jain fairness,deterministic,1701,308,28,24,0.0056,0.0048,36156.87524414063,4290,9,1.0
t025_j075,25% throughput + 75% Jain fairness,deterministic,1701,309,7,5,0.0014,0.001,11839.889465332031,4787,12,1.0
t025_j075,25% throughput + 75% Jain fairness,deterministic,1701,310,194,176,0.0388,0.0352,29226.45444488525,27,2,2.0
t025_j075,25% throughput + 75% Jain fairness,deterministic,1701,311,184,162,0.0368,0.0324,426762.1237792969,33,13,1.0
t025_j075,25% throughput + 75% Jain fairness,deterministic,1701,312,730,668,0.146,0.1336,697619.0936279297,0,7,2.0
t025_j075,25% throughput + 75% Jain fairness,deterministic,1701,313,19,18,0.0038,0.0036,22953.58312988281,4582,8,0.5
t025_j075,25% throughput + 75% Jain fairness,deterministic,1701,314,1,0,0.0002,0.0,0.0,5000,9,0.5
t025_j075,25% throughput + 75% Jain fairness,deterministic,1701,315,17,12,0.0034,0.0024,19725.132751464844,3393,10,1.0
t025_j075,25% throughput + 75% Jain fairness,deterministic,1701,316,633,565,0.1266,0.113,589029.4548950195,11,7,2.0
t025_j075,25% throughput + 75% Jain fairness,deterministic,1701,317,62,50,0.0124,0.01,98401.20742797852,1296,11,1.0
t025_j075,25% throughput + 75% Jain fairness,deterministic,1701,318,34,33,0.0068,0.0066,20146.72487640381,4462,5,0.5
t025_j075,25% throughput + 75% Jain fairness,deterministic,1701,319,1631,1467,0.3262,0.2934,2829154.7150268555,0,11,2.0
t025_j075,25% throughput + 75% Jain fairness,deterministic,1701,320,120,106,0.024,0.0212,241308.22338867188,1,12,1.0
t025_j075,25% throughput + 75% Jain fairness,deterministic,1701,321,490,441,0.098,0.0882,459959.2556152344,16,7,2.0
t025_j075,25% throughput + 75% Jain fairness,deterministic,1701,322,24,20,0.0048,0.004,15119.282409667969,3887,6,1.0
t025_j075,25% throughput + 75% Jain fairness,deterministic,1701,323,194,172,0.0388,0.0344,45753.929443359375,14,3,2.0
t025_j075,25% throughput + 75% Jain fairness,deterministic,1701,324,224,206,0.0448,0.0412,88136.04263305664,1,4,2.0
t025_j075,25% throughput + 75% Jain fairness,deterministic,1701,325,221,207,0.0442,0.0414,129369.84967803957,2797,5,1.0
t025_j075,25% throughput + 75% Jain fairness,deterministic,1701,326,3,2,0.0006,0.0004,2781.298095703125,4850,9,0.5
t025_j075,25% throughput + 75% Jain fairness,deterministic,1701,327,103,94,0.0206,0.0188,245731.330078125,3618,13,0.5
t025_j075,25% throughput + 75% Jain fairness,deterministic,1701,328,2,1,0.0004,0.0002,1920.0235595703125,4894,11,0.5
t025_j075,25% throughput + 75% Jain fairness,deterministic,1701,329,7,6,0.0014,0.0012,9468.063720703123,4714,10,0.5
t025_j075,25% throughput + 75% Jain fairness,deterministic,1701,330,1,0,0.0002,0.0,0.0,5000,9,0.5
t025_j075,25% throughput + 75% Jain fairness,deterministic,1701,331,1437,1304,0.2874,0.2608,1942389.05758667,0,9,2.0
t025_j075,25% throughput + 75% Jain fairness,deterministic,1701,332,4,3,0.0008,0.0006,7842.4892578125,4835,13,0.5
t025_j075,25% throughput + 75% Jain fairness,deterministic,1701,333,5,4,0.001,0.0008,374.0731506347656,4793,1,1.0
t025_j075,25% throughput + 75% Jain fairness,deterministic,1701,334,11,10,0.0022,0.002,15780.106201171877,4573,10,0.5
t025_j075,25% throughput + 75% Jain fairness,deterministic,1701,335,15,12,0.003,0.0024,14657.107299804688,3848,8,1.0
t025_j075,25% throughput + 75% Jain fairness,deterministic,1701,336,1,0,0.0002,0.0,0.0,5000,14,0.5
t025_j075,25% throughput + 75% Jain fairness,deterministic,1701,337,5,4,0.001,0.0008,9020.8681640625,4800,12,0.5
t025_j075,25% throughput + 75% Jain fairness,deterministic,1701,338,8,7,0.0016,0.0014,15786.519287109377,4712,12,0.5
t025_j075,25% throughput + 75% Jain fairness,deterministic,1701,339,1970,1771,0.394,0.3542,5690832.624206543,9,15,2.0
t025_j075,25% throughput + 75% Jain fairness,deterministic,1701,340,1324,1205,0.2648,0.241,1612558.3521728516,6,8,2.0
t025_j075,25% throughput + 75% Jain fairness,deterministic,1701,341,278,249,0.0556,0.0498,258993.75524902344,681,7,1.0
t025_j075,25% throughput + 75% Jain fairness,deterministic,1701,342,20,18,0.004,0.0036,58585.641174316406,4605,15,1.0
t025_j075,25% throughput + 75% Jain fairness,deterministic,1701,343,195,178,0.039,0.0356,29666.71389770508,52,2,2.0
t025_j075,25% throughput + 75% Jain fairness,deterministic,1701,344,9,5,0.0018,0.001,5807.533081054688,4749,8,1.0
t025_j075,25% throughput + 75% Jain fairness,deterministic,1701,345,1417,1274,0.2834,0.2548,1945170.355682373,24,9,2.0
t025_j075,25% throughput + 75% Jain fairness,deterministic,1701,346,2,1,0.0004,0.0002,1390.6490478515625,4891,9,0.5
t025_j075,25% throughput + 75% Jain fairness,deterministic,1701,347,229,202,0.0458,0.0404,461755.6891479492,2093,12,1.0
t025_j075,25% throughput + 75% Jain fairness,deterministic,1701,348,1754,1575,0.3508,0.315,4120574.564208984,8,13,2.0
t025_j075,25% throughput + 75% Jain fairness,deterministic,1701,349,43,38,0.0086,0.0076,15732.370529174805,2299,4,1.0
t025_j075,25% throughput + 75% Jain fairness,deterministic,1701,350,230,199,0.046,0.0398,123161.11056518556,10,5,2.0
t025_j075,25% throughput + 75% Jain fairness,deterministic,1701,351,163,147,0.0326,0.0294,238148.64944458008,1763,9,1.0
t025_j075,25% throughput + 75% Jain fairness,deterministic,1701,352,331,304,0.0662,0.0608,32962.445861816406,64,1,2.0
t025_j075,25% throughput + 75% Jain fairness,deterministic,1701,353,14,13,0.0028,0.0026,33984.1201171875,4566,13,0.5
t025_j075,25% throughput + 75% Jain fairness,deterministic,1701,354,7,6,0.0014,0.0012,1470.6620178222656,4747,3,1.0
t025_j075,25% throughput + 75% Jain fairness,deterministic,1701,355,266,247,0.0532,0.0494,153824.67924499512,2,5,2.0
t025_j075,25% throughput + 75% Jain fairness,deterministic,1701,356,13,10,0.0026,0.002,5828.612228393555,4276,5,1.0
t025_j075,25% throughput + 75% Jain fairness,deterministic,1701,357,1528,1371,0.3056,0.2742,2640032.39440918,0,11,2.0
t025_j075,25% throughput + 75% Jain fairness,deterministic,1701,358,16,15,0.0032,0.003,10702.41339111328,4443,6,0.5
t025_j075,25% throughput + 75% Jain fairness,deterministic,1701,359,1638,1488,0.3276,0.2976,2370960.956726074,16,10,2.0
t025_j075,25% throughput + 75% Jain fairness,deterministic,1701,360,4,3,0.0008,0.0006,1520.5075378417969,4752,5,0.5
t025_j075,25% throughput + 75% Jain fairness,deterministic,1701,361,10,8,0.002,0.0016,7680.210205078125,4742,7,1.0
t025_j075,25% throughput + 75% Jain fairness,deterministic,1701,362,1,0,0.0002,0.0,0.0,5000,10,0.5
t025_j075,25% throughput + 75% Jain fairness,deterministic,1701,363,1418,1288,0.2836,0.2576,1721518.734741211,11,8,2.0
t025_j075,25% throughput + 75% Jain fairness,deterministic,1701,364,46,40,0.0092,0.008,49778.85498046875,3628,8,1.0
t025_j075,25% throughput + 75% Jain fairness,deterministic,1701,365,515,467,0.103,0.0934,912011.1907958984,17,11,1.0
t025_j075,25% throughput + 75% Jain fairness,deterministic,1701,366,73,67,0.0146,0.0134,151663.34600830078,3851,12,1.0
t025_j075,25% throughput + 75% Jain fairness,deterministic,1701,367,38,31,0.0076,0.0062,24972.297912597656,3853,6,1.0
t025_j075,25% throughput + 75% Jain fairness,deterministic,1701,368,437,403,0.0874,0.0806,335682.04541015625,0,6,2.0
t025_j075,25% throughput + 75% Jain fairness,deterministic,1701,369,520,480,0.104,0.096,786243.7914733887,38,10,1.0
t025_j075,25% throughput + 75% Jain fairness,deterministic,1701,370,11,10,0.0022,0.002,29561.76513671875,4814,14,1.0
t025_j075,25% throughput + 75% Jain fairness,deterministic,1701,371,344,306,0.0688,0.0612,480121.583770752,69,9,1.0
t025_j075,25% throughput + 75% Jain fairness,deterministic,1701,372,12,10,0.0024,0.002,32904.264221191406,4702,15,1.0
t025_j075,25% throughput + 75% Jain fairness,deterministic,1701,373,7,6,0.0014,0.0012,550.1075744628906,4464,1,0.5
t025_j075,25% throughput + 75% Jain fairness,deterministic,1701,374,1724,1544,0.3448,0.3088,4038228.427001953,19,13,2.0
t025_j075,25% throughput + 75% Jain fairness,deterministic,1701,375,18,17,0.0036,0.0034,16427.116271972656,4475,7,0.5
t025_j075,25% throughput + 75% Jain fairness,deterministic,1701,376,9,6,0.0018,0.0012,20866.118774414062,4668,15,1.0
t025_j075,25% throughput + 75% Jain fairness,deterministic,1701,377,459,419,0.0918,0.0838,660558.2977294922,54,9,1.0
t025_j075,25% throughput + 75% Jain fairness,deterministic,1701,378,13,12,0.0026,0.0024,1210.2366638183594,4455,1,0.5
t025_j075,25% throughput + 75% Jain fairness,deterministic,1701,379,56,47,0.0112,0.0094,92641.13674926758,433,11,1.0
t025_j075,25% throughput + 75% Jain fairness,deterministic,1701,380,203,179,0.0406,0.0358,47714.81213378906,12,3,2.0
t025_j075,25% throughput + 75% Jain fairness,deterministic,1701,381,239,217,0.0478,0.0434,134564.91709899902,992,5,1.0
t025_j075,25% throughput + 75% Jain fairness,deterministic,1701,382,15,14,0.003,0.0028,3486.013671875,4418,3,0.5
t025_j075,25% throughput + 75% Jain fairness,deterministic,1701,383,207,180,0.0414,0.036,278825.1340942383,69,9,1.0
t025_j075,25% throughput + 75% Jain fairness,deterministic,1701,384,10,9,0.002,0.0018,20296.953369140625,4653,12,0.5
t025_j075,25% throughput + 75% Jain fairness,deterministic,1701,385,871,804,0.1742,0.1608,841196.356628418,0,7,2.0
t025_j075,25% throughput + 75% Jain fairness,deterministic,1701,386,129,116,0.0258,0.0232,303242.91796875,54,13,1.0
t025_j075,25% throughput + 75% Jain fairness,deterministic,1701,387,120,111,0.024,0.0222,217922.67401123047,3700,11,1.0
t025_j075,25% throughput + 75% Jain fairness,deterministic,1701,388,7,4,0.0014,0.0008,6706.545135498047,4793,10,1.0
t025_j075,25% throughput + 75% Jain fairness,deterministic,1701,389,686,641,0.1372,0.1282,1075414.2376098633,88,10,1.0
t025_j075,25% throughput + 75% Jain fairness,deterministic,1701,390,1475,1316,0.295,0.2632,2103882.65927124,5,10,2.0
t025_j075,25% throughput + 75% Jain fairness,deterministic,1701,391,10,9,0.002,0.0018,23527.4677734375,4833,13,1.0
t025_j075,25% throughput + 75% Jain fairness,deterministic,1701,392,9,8,0.0018,0.0016,12624.0849609375,4645,10,0.5
t025_j075,25% throughput + 75% Jain fairness,deterministic,1701,393,265,242,0.053,0.0484,201137.419921875,1546,6,1.0
t025_j075,25% throughput + 75% Jain fairness,deterministic,1701,394,35,28,0.007,0.0056,34568.64929199219,3669,8,1.0
t025_j075,25% throughput + 75% Jain fairness,deterministic,1701,395,1260,1122,0.252,0.2244,1686857.2950439453,7,9,2.0
t025_j075,25% throughput + 75% Jain fairness,deterministic,1701,396,20,19,0.004,0.0038,1980.3872680664065,4448,1,0.5
t025_j075,25% throughput + 75% Jain fairness,deterministic,1701,397,13,11,0.0026,0.0022,36114.43634033203,4688,15,1.0
t025_j075,25% throughput + 75% Jain fairness,deterministic,1701,398,11,10,0.0022,0.002,26141.630859375,4815,13,1.0
t025_j075,25% throughput + 75% Jain fairness,deterministic,1701,399,359,327,0.0718,0.0654,271127.8059082031,429,6,1.0
t025_j075,25% throughput + 75% Jain fairness,deterministic,1701,400,198,182,0.0396,0.0364,302583.5364074707,3080,10,1.0
t025_j075,25% throughput + 75% Jain fairness,deterministic,1701,401,75,72,0.015,0.0144,148801.82586669922,4159,11,0.5
t025_j075,25% throughput + 75% Jain fairness,deterministic,1701,402,1883,1689,0.3766,0.3378,5426795.967407227,12,15,2.0
t025_j075,25% throughput + 75% Jain fairness,deterministic,1701,403,250,229,0.05,0.0458,371621.50103759766,24,10,1.0
t025_j075,25% throughput + 75% Jain fairness,deterministic,1701,404,6,5,0.0012,0.001,1738.3834838867188,4559,4,0.5
t025_j075,25% throughput + 75% Jain fairness,deterministic,1701,405,3,2,0.0006,0.0004,3840.047119140625,4856,11,0.5
t025_j075,25% throughput + 75% Jain fairness,deterministic,1701,406,34,32,0.0068,0.0064,25481.93664550781,4303,6,0.5
t025_j075,25% throughput + 75% Jain fairness,deterministic,1701,407,794,723,0.1588,0.1446,755647.3485107422,3,7,2.0
t025_j075,25% throughput + 75% Jain fairness,deterministic,1701,408,33,30,0.0066,0.006,24292.77960205078,4346,6,1.0
t025_j075,25% throughput + 75% Jain fairness,deterministic,1701,409,3,2,0.0006,0.0004,3156.021240234375,4853,10,0.5
t025_j075,25% throughput + 75% Jain fairness,deterministic,1701,410,144,128,0.0288,0.0256,252483.0980834961,2191,11,1.0
t025_j075,25% throughput + 75% Jain fairness,deterministic,1701,411,67,62,0.0134,0.0124,162078.111328125,3890,13,0.5
t025_j075,25% throughput + 75% Jain fairness,deterministic,1701,412,1,0,0.0002,0.0,0.0,5000,11,0.5
t025_j075,25% throughput + 75% Jain fairness,deterministic,1701,413,231,212,0.0462,0.0424,131777.31994628906,1749,5,1.0
t025_j075,25% throughput + 75% Jain fairness,deterministic,1701,414,1158,1039,0.2316,0.2078,1389659.701538086,24,8,2.0
t025_j075,25% throughput + 75% Jain fairness,deterministic,1701,415,19,17,0.0038,0.0034,55375.46905517578,4588,15,1.0
t025_j075,25% throughput + 75% Jain fairness,deterministic,1701,416,83,74,0.0166,0.0148,75522.06701660156,3519,7,1.0
t025_j075,25% throughput + 75% Jain fairness,deterministic,1701,417,2,1,0.0004,0.0002,2956.176513671875,4897,14,0.5
t025_j075,25% throughput + 75% Jain fairness,deterministic,1701,418,11,9,0.0022,0.0018,27344.632751464844,4708,14,1.0
t025_j075,25% throughput + 75% Jain fairness,deterministic,1701,419,2,1,0.0004,0.0002,3210.172119140625,4899,15,0.5
t025_j075,25% throughput + 75% Jain fairness,deterministic,1701,420,33,31,0.0066,0.0062,49715.70346069336,4394,9,0.5
t025_j075,25% throughput + 75% Jain fairness,deterministic,1701,421,4,3,0.0008,0.0006,3318.59033203125,4789,8,0.5
t025_j075,25% throughput + 75% Jain fairness,deterministic,1701,422,3,2,0.0006,0.0004,2781.298095703125,4849,9,0.5
t025_j075,25% throughput + 75% Jain fairness,deterministic,1701,423,318,281,0.0636,0.0562,552486.7792663574,902,11,1.0
t025_j075,25% throughput + 75% Jain fairness,deterministic,1701,424,1,0,0.0002,0.0,0.0,5000,1,1.0
t025_j075,25% throughput + 75% Jain fairness,deterministic,1701,425,13,12,0.0026,0.0024,18936.12744140625,4503,10,0.5
t025_j075,25% throughput + 75% Jain fairness,deterministic,1701,426,157,140,0.0314,0.028,183352.11584472656,2686,8,1.0
t025_j075,25% throughput + 75% Jain fairness,deterministic,1701,427,4,3,0.0008,0.0006,406.3933410644531,4696,2,0.5
t025_j075,25% throughput + 75% Jain fairness,deterministic,1701,428,3,2,0.0006,0.0004,2212.3935546875,4840,8,0.5
t025_j075,25% throughput + 75% Jain fairness,deterministic,1701,429,11,10,0.0022,0.002,7304.821838378906,4444,6,0.5
t025_j075,25% throughput + 75% Jain fairness,deterministic,1701,430,197,179,0.0394,0.0358,233130.9708251953,2417,8,1.0
t025_j075,25% throughput + 75% Jain fairness,deterministic,1701,431,48,46,0.0096,0.0092,91681.12496948242,4293,11,0.5
t025_j075,25% throughput + 75% Jain fairness,deterministic,1701,432,11,10,0.0022,0.002,15780.106201171877,4572,10,0.5
t025_j075,25% throughput + 75% Jain fairness,deterministic,1701,433,2,1,0.0004,0.0002,506.8358459472656,4917,5,0.5
t025_j075,25% throughput + 75% Jain fairness,deterministic,1701,434,14,13,0.0028,0.0026,19121.424407958984,4539,9,0.5
t025_j075,25% throughput + 75% Jain fairness,deterministic,1701,435,112,98,0.0224,0.0196,60440.17462921143,673,5,1.0
t025_j075,25% throughput + 75% Jain fairness,deterministic,1701,436,1488,1327,0.2976,0.2654,2559871.410797119,23,11,2.0
t025_j075,25% throughput + 75% Jain fairness,deterministic,1701,437,215,193,0.043,0.0386,82051.70043945312,12,4,2.0
t025_j075,25% throughput + 75% Jain fairness,deterministic,1701,438,7,6,0.0014,0.0012,550.1075744628906,4461,1,0.5
t025_j075,25% throughput + 75% Jain fairness,deterministic,1701,439,10,9,0.002,0.0018,14202.095581054688,4607,10,0.5
t025_j075,25% throughput + 75% Jain fairness,deterministic,1701,440,4,3,0.0008,0.0006,2560.070068359375,4774,7,0.5
t025_j075,25% throughput + 75% Jain fairness,deterministic,1701,441,5,4,0.001,0.0008,3413.4267578125,4704,7,0.5
t025_j075,25% throughput + 75% Jain fairness,deterministic,1701,442,7,6,0.0014,0.0012,6637.1806640625,4643,8,0.5
t025_j075,25% throughput + 75% Jain fairness,deterministic,1701,443,223,204,0.0446,0.0408,33967.71009063721,4,2,2.0
t025_j075,25% throughput + 75% Jain fairness,deterministic,1701,444,154,141,0.0308,0.0282,183075.56665039065,3180,8,1.0
t025_j075,25% throughput + 75% Jain fairness,deterministic,1701,445,9,8,0.0018,0.0016,1185.3139114379885,4603,2,1.0
t025_j075,25% throughput + 75% Jain fairness,deterministic,1701,446,2,1,0.0004,0.0002,1390.6490478515625,4891,9,0.5
t025_j075,25% throughput + 75% Jain fairness,deterministic,1701,447,13,12,0.0026,0.0024,1210.2366638183594,4455,1,0.5
t025_j075,25% throughput + 75% Jain fairness,deterministic,1701,448,326,299,0.0652,0.0598,587047.203338623,1964,11,1.0
t025_j075,25% throughput + 75% Jain fairness,deterministic,1701,449,7,6,0.0014,0.0012,812.7866821289062,4406,2,0.5
t025_j075,25% throughput + 75% Jain fairness,deterministic,1701,450,5,4,0.001,0.0008,10456.65234375,4808,13,0.5
t025_j075,25% throughput + 75% Jain fairness,deterministic,1701,451,48,41,0.0096,0.0082,80640.98950195312,1672,11,1.0
t025_j075,25% throughput + 75% Jain fairness,deterministic,1701,452,23,22,0.0046,0.0044,17497.59649658203,4431,6,0.5
t025_j075,25% throughput + 75% Jain fairness,deterministic,1701,453,1,0,0.0002,0.0,0.0,5000,10,0.5
t025_j075,25% throughput + 75% Jain fairness,deterministic,1701,454,193,175,0.0386,0.035,29124.85610961914,61,2,2.0
t025_j075,25% throughput + 75% Jain fairness,deterministic,1701,455,14,13,0.0028,0.0026,3213.6688537597656,4419,3,0.5
t025_j075,25% throughput + 75% Jain fairness,deterministic,1701,456,12,11,0.0024,0.0022,28755.7939453125,4620,13,0.5
t025_j075,25% throughput + 75% Jain fairness,deterministic,1701,457,14,12,0.0028,0.0024,39324.608459472656,4674,15,1.0
t025_j075,25% throughput + 75% Jain fairness,deterministic,1701,458,10,9,0.002,0.0018,28891.549072265625,4701,15,0.5
t025_j075,25% throughput + 75% Jain fairness,deterministic,1701,459,33,32,0.0066,0.0064,3410.666961669922,4435,1,0.5
t025_j075,25% throughput + 75% Jain fairness,deterministic,1701,460,8,7,0.0016,0.0014,18299.1416015625,4729,13,0.5
t025_j075,25% throughput + 75% Jain fairness,deterministic,1701,461,1,0,0.0002,0.0,0.0,5000,9,0.5
t025_j075,25% throughput + 75% Jain fairness,deterministic,1701,462,70,61,0.014,0.0122,36999.01675415039,2493,5,1.0
t025_j075,25% throughput + 75% Jain fairness,deterministic,1701,463,544,481,0.1088,0.0962,498360.306640625,50,7,2.0
t025_j075,25% throughput + 75% Jain fairness,deterministic,1701,464,1839,1640,0.3678,0.328,5268694.990539551,0,15,2.0
t025_j075,25% throughput + 75% Jain fairness,deterministic,1701,465,10,9,0.002,0.0018,3650.605316162109,4644,4,1.0
t025_j075,25% throughput + 75% Jain fairness,deterministic,1701,466,18,17,0.0036,0.0034,16640.455444335938,4495,7,0.5
t025_j075,25% throughput + 75% Jain fairness,deterministic,1701,467,105,93,0.021,0.0186,180482.21459960935,28,11,1.0
t025_j075,25% throughput + 75% Jain fairness,deterministic,1701,468,1600,1442,0.32,0.2884,2778274.090698242,6,11,2.0
t025_j075,25% throughput + 75% Jain fairness,deterministic,1701,469,2,1,0.0004,0.0002,1106.19677734375,4890,8,0.5
t025_j075,25% throughput + 75% Jain fairness,deterministic,1701,470,7,5,0.0014,0.001,778.9205703735352,4666,2,1.0
t025_j075,25% throughput + 75% Jain fairness,deterministic,1701,471,20,19,0.004,0.0038,4738.799835205078,4347,3,1.0
t025_j075,25% throughput + 75% Jain fairness,deterministic,1701,472,3,2,0.0006,0.0004,3156.021240234375,4853,10,0.5
t025_j075,25% throughput + 75% Jain fairness,deterministic,1701,473,1737,1552,0.3474,0.3104,4590942.125732422,10,14,2.0
t025_j075,25% throughput + 75% Jain fairness,deterministic,1701,474,22,20,0.0044,0.004,64203.4423828125,4540,15,1.0
t025_j075,25% throughput + 75% Jain fairness,deterministic,1701,475,10,9,0.002,0.0018,1320.7783584594729,4403,2,0.5
t025_j075,25% throughput + 75% Jain fairness,deterministic,1701,476,4,3,0.0008,0.0006,1043.0300903320312,4732,4,0.5
t025_j075,25% throughput + 75% Jain fairness,deterministic,1701,477,7,6,0.0014,0.0012,9468.063720703123,4714,10,0.5
t025_j075,25% throughput + 75% Jain fairness,deterministic,1701,478,187,164,0.0374,0.0328,265613.96813964844,1969,9,1.0
t025_j075,25% throughput + 75% Jain fairness,deterministic,1701,479,5,4,0.001,0.0008,980.4413452148438,4827,3,1.0
t025_j075,25% throughput + 75% Jain fairness,deterministic,1701,480,30,28,0.006,0.0056,36504.49365234375,4434,8,0.5
t025_j075,25% throughput + 75% Jain fairness,deterministic,1701,481,2,1,0.0004,0.0002,88.0172119140625,4884,1,0.5
t025_j075,25% throughput + 75% Jain fairness,deterministic,1701,482,8,7,0.0016,0.0014,13440.164916992188,4695,11,0.5
t025_j075,25% throughput + 75% Jain fairness,deterministic,1701,483,104,94,0.0208,0.0188,245731.330078125,2242,13,1.0
t025_j075,25% throughput + 75% Jain fairness,deterministic,1701,484,8,6,0.0016,0.0012,14095.106506347656,4776,12,1.0
t025_j075,25% throughput + 75% Jain fairness,deterministic,1701,485,434,394,0.0868,0.0788,328377.22357177734,16,6,2.0
t025_j075,25% throughput + 75% Jain fairness,deterministic,1701,486,19,18,0.0038,0.0036,17707.151306152344,4485,7,0.5
t025_j075,25% throughput + 75% Jain fairness,deterministic,1701,487,14,11,0.0028,0.0022,4345.958709716797,4134,4,1.0
t025_j075,25% throughput + 75% Jain fairness,deterministic,1701,488,52,47,0.0104,0.0094,139679.3402709961,20,14,1.0
t025_j075,25% throughput + 75% Jain fairness,deterministic,1701,489,17,16,0.0034,0.0032,4030.7033081054688,4416,3,0.5
t025_j075,25% throughput + 75% Jain fairness,deterministic,1701,490,80,76,0.016,0.0152,124463.08978271484,4136,9,0.5
t025_j075,25% throughput + 75% Jain fairness,deterministic,1701,491,224,203,0.0448,0.0406,393604.82971191406,1646,11,1.0
t025_j075,25% throughput + 75% Jain fairness,deterministic,1701,492,7,6,0.0014,0.0012,812.7866821289062,4405,2,0.5
t025_j075,25% throughput + 75% Jain fairness,deterministic,1701,493,42,35,0.0084,0.007,28709.64862060547,3764,6,1.0
t025_j075,25% throughput + 75% Jain fairness,deterministic,1701,494,1237,1103,0.2474,0.2206,1471241.7138671875,21,8,2.0
t025_j075,25% throughput + 75% Jain fairness,deterministic,1701,495,1555,1385,0.311,0.277,3126294.62310791,8,12,2.0
t025_j075,25% throughput + 75% Jain fairness,deterministic,1701,496,263,246,0.0526,0.0492,153064.42547607422,1658,5,1.0
t025_j075,25% throughput + 75% Jain fairness,deterministic,1701,497,190,168,0.038,0.0336,27770.211639404297,47,2,2.0
t025_j075,25% throughput + 75% Jain fairness,deterministic,1701,498,6,5,0.0012,0.001,5530.98388671875,4680,8,0.5
t025_j075,25% throughput + 75% Jain fairness,deterministic,1701,499,205,179,0.041,0.0358,29666.71389770508,27,2,2.0
t025_j075,25% throughput + 75% Jain fairness,deterministic,1701,500,190,168,0.038,0.0336,27837.94386291504,61,2,2.0
t025_j075,25% throughput + 75% Jain fairness,deterministic,1701,501,1,0,0.0002,0.0,0.0,5000,15,0.5
t025_j075,25% throughput + 75% Jain fairness,deterministic,1701,502,14,13,0.0028,0.0026,38430.294677734375,4588,14,0.5
t025_j075,25% throughput + 75% Jain fairness,deterministic,1701,503,10,9,0.002,0.0018,6455.4239501953125,4444,6,0.5
t025_j075,25% throughput + 75% Jain fairness,deterministic,1701,504,10,9,0.002,0.0018,23527.4677734375,4673,13,0.5
t025_j075,25% throughput + 75% Jain fairness,deterministic,1701,505,35,33,0.007,0.0066,97553.82495117188,19,14,1.0
t025_j075,25% throughput + 75% Jain fairness,deterministic,1701,506,8,6,0.0016,0.0012,914.3850173950196,4615,2,1.0
t025_j075,25% throughput + 75% Jain fairness,deterministic,1701,507,87,77,0.0174,0.0154,154081.89065551758,2668,11,1.0
t025_j075,25% throughput + 75% Jain fairness,deterministic,1701,508,16,15,0.0032,0.003,3758.3584899902335,4326,3,1.0
t025_j075,25% throughput + 75% Jain fairness,deterministic,1701,509,1,0,0.0002,0.0,0.0,5000,8,0.5
t025_j075,25% throughput + 75% Jain fairness,deterministic,1701,510,4,3,0.0008,0.0006,2038.554931640625,4755,6,0.5
t025_j075,25% throughput + 75% Jain fairness,deterministic,1701,511,29,25,0.0058,0.005,48960.60076904297,110,11,1.0
t025_j075,25% throughput + 75% Jain fairness,deterministic,1701,512,66,57,0.0132,0.0114,94680.63720703124,2049,10,1.0
t025_j075,25% throughput + 75% Jain fairness,deterministic,1701,513,10,9,0.002,0.0018,3302.9286193847656,4454,4,0.5
t025_j075,25% throughput + 75% Jain fairness,deterministic,1701,514,26,25,0.0052,0.005,4030.06729888916,4386,2,0.5
t025_j075,25% throughput + 75% Jain fairness,deterministic,1701,515,3,2,0.0006,0.0004,270.92889404296875,4793,2,0.5
t025_j075,25% throughput + 75% Jain fairness,deterministic,1701,516,3,2,0.0006,0.0004,198.03872680664065,4914,1,1.0
t025_j075,25% throughput + 75% Jain fairness,deterministic,1701,517,313,277,0.0626,0.0554,230356.70727539065,22,6,2.0
t025_j075,25% throughput + 75% Jain fairness,deterministic,1701,518,1,0,0.0002,0.0,0.0,5000,4,0.5
t025_j075,25% throughput + 75% Jain fairness,deterministic,1701,519,186,169,0.0372,0.0338,327364.0169067383,2872,11,1.0
t025_j075,25% throughput + 75% Jain fairness,deterministic,1701,520,4,3,0.0008,0.0006,8868.529541015625,4841,14,0.5
t025_j075,25% throughput + 75% Jain fairness,deterministic,1701,521,6,5,0.0012,0.001,677.3222351074219,4757,2,1.0
t025_j075,25% throughput + 75% Jain fairness,deterministic,1701,522,4,3,0.0008,0.0006,406.3933410644531,4854,2,1.0
t025_j075,25% throughput + 75% Jain fairness,deterministic,1701,523,1521,1348,0.3042,0.2696,3042851.592590332,22,12,2.0
t025_j075,25% throughput + 75% Jain fairness,deterministic,1701,524,296,268,0.0592,0.0536,222542.2467041016,14,6,2.0
t025_j075,25% throughput + 75% Jain fairness,deterministic,1701,525,1800,1619,0.36,0.3238,4789005.9521484375,14,14,2.0
t025_j075,25% throughput + 75% Jain fairness,deterministic,1701,526,170,151,0.034,0.0302,250903.6885986328,151,10,1.0
t025_j075,25% throughput + 75% Jain fairness,deterministic,1701,527,16,15,0.0032,0.003,8742.918342590332,4468,5,0.5
t025_j075,25% throughput + 75% Jain fairness,deterministic,1701,528,2,1,0.0004,0.0002,1578.0106201171875,4892,10,0.5
t025_j075,25% throughput + 75% Jain fairness,deterministic,1701,529,29,27,0.0058,0.0054,46156.81063842773,4366,10,0.5
t025_j075,25% throughput + 75% Jain fairness,deterministic,1701,530,1844,1675,0.3688,0.335,4381337.33203125,6,13,2.0
t025_j075,25% throughput + 75% Jain fairness,deterministic,1701,531,60,52,0.012,0.0104,166928.9501953125,3322,15,1.0
t025_j075,25% throughput + 75% Jain fairness,deterministic,1701,532,27,21,0.0054,0.0042,8431.159896850586,983,4,1.0
t025_j075,25% throughput + 75% Jain fairness,deterministic,1701,533,10,9,0.002,0.0018,1320.7783584594729,4402,2,0.5
t025_j075,25% throughput + 75% Jain fairness,deterministic,1701,534,1584,1412,0.3168,0.2824,3186057.874694824,20,12,2.0
t025_j075,25% throughput + 75% Jain fairness,deterministic,1701,535,8,7,0.0016,0.0014,1579.5999450683594,4425,3,0.5
t025_j075,25% throughput + 75% Jain fairness,deterministic,1701,536,5,4,0.001,0.0008,5562.59619140625,4774,9,0.5
t025_j075,25% throughput + 75% Jain fairness,deterministic,1701,537,8,7,0.0016,0.0014,2868.332748413086,4726,4,1.0
t025_j075,25% throughput + 75% Jain fairness,deterministic,1701,538,8,7,0.0016,0.0014,2868.332748413086,4726,4,1.0
t025_j075,25% throughput + 75% Jain fairness,deterministic,1701,539,16,15,0.0032,0.003,6084.342193603516,4384,4,1.0
t025_j075,25% throughput + 75% Jain fairness,deterministic,1701,540,10,9,0.002,0.0018,17280.212036132812,4631,11,0.5
t025_j075,25% throughput + 75% Jain fairness,deterministic,1701,541,6,5,0.0012,0.001,16050.860595703123,4799,15,0.5
t025_j075,25% throughput + 75% Jain fairness,deterministic,1701,542,127,115,0.0254,0.023,186994.25848388672,1136,10,1.0
t025_j075,25% throughput + 75% Jain fairness,deterministic,1701,543,14,13,0.0028,0.0026,1930.3683700561523,4337,2,1.0
t025_j075,25% throughput + 75% Jain fairness,deterministic,1701,544,267,237,0.0534,0.0474,538433.0685424805,32,12,1.0
t025_j075,25% throughput + 75% Jain fairness,deterministic,1701,545,1430,1281,0.286,0.2562,1946561.0047302248,0,9,2.0
t025_j075,25% throughput + 75% Jain fairness,deterministic,1701,546,5,4,0.001,0.0008,6312.04248046875,4781,10,0.5
t025_j075,25% throughput + 75% Jain fairness,deterministic,1701,547,12,9,0.0024,0.0018,12863.503692626951,4632,9,1.0
t025_j075,25% throughput + 75% Jain fairness,deterministic,1701,548,1621,1471,0.3242,0.2942,2360309.385040283,21,10,2.0
t025_j075,25% throughput + 75% Jain fairness,deterministic,1701,549,15,13,0.003,0.0026,14380.55810546875,4587,8,1.0
t025_j075,25% throughput + 75% Jain fairness,deterministic,1701,550,49,41,0.0098,0.0082,121942.28118896484,3520,14,1.0
t025_j075,25% throughput + 75% Jain fairness,deterministic,1701,551,4,3,0.0008,0.0006,4734.0318603515625,4816,10,0.5
t025_j075,25% throughput + 75% Jain fairness,deterministic,1701,552,14,11,0.0028,0.0022,8663.858459472656,4515,6,1.0
t025_j075,25% throughput + 75% Jain fairness,deterministic,1701,553,1683,1492,0.3366,0.2984,4412093.446655273,0,14,2.0
t025_j075,25% throughput + 75% Jain fairness,deterministic,1701,554,401,363,0.0802,0.0726,471516.37634277344,137,8,1.0
t025_j075,25% throughput + 75% Jain fairness,deterministic,1701,555,8,7,0.0016,0.0014,1015.9833526611328,4655,2,1.0
t025_j075,25% throughput + 75% Jain fairness,deterministic,1701,556,225,207,0.045,0.0414,404164.9592895508,1607,11,1.0
t025_j075,25% throughput + 75% Jain fairness,deterministic,1701,557,140,125,0.028,0.025,284157.34716796875,1636,12,1.0
t025_j075,25% throughput + 75% Jain fairness,deterministic,1701,558,4,3,0.0008,0.0006,3318.59033203125,4788,8,0.5
t025_j075,25% throughput + 75% Jain fairness,deterministic,1701,559,62,59,0.0124,0.0118,77710.32360839844,4316,8,0.5
t025_j075,25% throughput + 75% Jain fairness,deterministic,1701,560,7,6,0.0014,0.0012,1307.255126953125,4426,3,0.5
t025_j075,25% throughput + 75% Jain fairness,deterministic,1701,561,25,23,0.005,0.0046,39055.76284790039,4355,10,0.5
t025_j075,25% throughput + 75% Jain fairness,deterministic,1701,562,9,8,0.0018,0.0016,3389.8477935791016,4685,4,1.0
t025_j075,25% throughput + 75% Jain fairness,deterministic,1701,563,112,100,0.0224,0.02,226649.3126220703,2240,12,1.0
t025_j075,25% throughput + 75% Jain fairness,deterministic,1701,564,3,2,0.0006,0.0004,198.03872680664065,4914,1,1.0
t025_j075,25% throughput + 75% Jain fairness,deterministic,1701,565,82,77,0.0164,0.0154,149761.83764648438,3922,11,0.5
t025_j075,25% throughput + 75% Jain fairness,deterministic,1701,566,18,17,0.0036,0.0034,33120.40640258789,4419,11,0.5
t025_j075,25% throughput + 75% Jain fairness,deterministic,1701,567,128,114,0.0256,0.0228,258786.15545654297,3079,12,1.0
t025_j075,25% throughput + 75% Jain fairness,deterministic,1701,568,12,11,0.0024,0.0022,17358.116821289062,4531,10,0.5
t025_j075,25% throughput + 75% Jain fairness,deterministic,1701,569,200,186,0.04,0.0372,31055.224479675293,4,2,2.0
t025_j075,25% throughput + 75% Jain fairness,deterministic,1701,570,25,23,0.005,0.0046,39055.76284790039,4366,10,0.5
t025_j075,25% throughput + 75% Jain fairness,deterministic,1701,571,5,4,0.001,0.0008,2027.3433837890625,4657,5,0.5
t025_j075,25% throughput + 75% Jain fairness,deterministic,1701,572,346,314,0.0692,0.0628,710957.1721801758,35,12,1.0
t025_j075,25% throughput + 75% Jain fairness,deterministic,1701,573,7,5,0.0014,0.001,1143.8482360839844,4260,3,1.0
t025_j075,25% throughput + 75% Jain fairness,deterministic,1701,574,213,191,0.0426,0.0382,252765.96362304688,1992,8,1.0
t025_j075,25% throughput + 75% Jain fairness,deterministic,1701,575,17,16,0.0034,0.0032,51362.75390625,4519,15,0.5
t025_j075,25% throughput + 75% Jain fairness,deterministic,1701,576,1656,1486,0.3312,0.2972,3353507.7399902344,0,12,2.0
t025_j075,25% throughput + 75% Jain fairness,deterministic,1701,577,11,10,0.0022,0.002,3737.524490356445,4453,4,0.5
t025_j075,25% throughput + 75% Jain fairness,deterministic,1701,578,2,1,0.0004,0.0002,217.8758544921875,4907,3,0.5
t025_j075,25% throughput + 75% Jain fairness,deterministic,1701,579,667,607,0.1334,0.1214,632337.3068847656,0,7,2.0
t025_j075,25% throughput + 75% Jain fairness,deterministic,1701,580,7,6,0.0014,0.0012,812.7866821289062,4405,2,0.5
t025_j075,25% throughput + 75% Jain fairness,deterministic,1701,581,1789,1615,0.3578,0.323,4224487.546875,16,13,2.0
t025_j075,25% throughput + 75% Jain fairness,deterministic,1701,582,430,393,0.086,0.0786,514658.0506591797,6,8,1.0
t025_j075,25% throughput + 75% Jain fairness,deterministic,1701,583,11,10,0.0022,0.002,22552.17041015625,4625,12,0.5
t025_j075,25% throughput + 75% Jain fairness,deterministic,1701,584,18,17,0.0036,0.0034,1760.34423828125,4449,1,0.5
t025_j075,25% throughput + 75% Jain fairness,deterministic,1701,585,405,380,0.081,0.076,237325.88486480716,705,5,1.0
t025_j075,25% throughput + 75% Jain fairness,deterministic,1701,586,198,177,0.0396,0.0354,47224.59146118164,10,3,2.0
t025_j075,25% throughput + 75% Jain fairness,deterministic,1701,587,2,1,0.0004,0.0002,135.46444702148438,4902,2,0.5
t025_j075,25% throughput + 75% Jain fairness,deterministic,1701,588,4,3,0.0008,0.0006,653.6275634765625,4705,3,0.5
t025_j075,25% throughput + 75% Jain fairness,deterministic,1701,589,19,16,0.0038,0.0032,16000.437927246094,3957,7,1.0
t025_j075,25% throughput + 75% Jain fairness,deterministic,1701,590,3,2,0.0006,0.0004,695.3533935546875,4814,4,0.5
t025_j075,25% throughput + 75% Jain fairness,deterministic,1701,591,111,95,0.0222,0.019,122234.74389648438,2855,8,1.0
t025_j075,25% throughput + 75% Jain fairness,deterministic,1701,592,4,3,0.0008,0.0006,653.6275634765625,4705,3,0.5
t025_j075,25% throughput + 75% Jain fairness,deterministic,1701,593,1340,1212,0.268,0.2424,1807496.0999450684,0,9,2.0
t025_j075,25% throughput + 75% Jain fairness,deterministic,1701,594,1,0,0.0002,0.0,0.0,5000,3,0.5
t025_j075,25% throughput + 75% Jain fairness,deterministic,1701,595,2,1,0.0004,0.0002,88.0172119140625,4959,1,1.0
t025_j075,25% throughput + 75% Jain fairness,deterministic,1701,596,5,3,0.001,0.0006,762.5654907226562,4764,3,1.0
t025_j075,25% throughput + 75% Jain fairness,deterministic,1701,597,7,6,0.0014,0.0012,5120.14013671875,4567,7,0.5
t025_j075,25% throughput + 75% Jain fairness,deterministic,1701,598,6,5,0.0012,0.001,13070.8154296875,4781,13,0.5
t025_j075,25% throughput + 75% Jain fairness,deterministic,1701,599,15,13,0.003,0.0026,2031.9667053222656,4376,2,1.0
t025_j075,25% throughput + 75% Jain fairness,deterministic,1701,600,3,2,0.0006,0.0004,435.751708984375,4796,3,0.5
t025_j075,25% throughput + 75% Jain fairness,deterministic,1701,601,223,197,0.0446,0.0394,122147.43887329102,89,5,2.0
t025_j075,25% throughput + 75% Jain fairness,deterministic,1701,602,30,25,0.006,0.005,37547.52429199219,3829,9,1.0
t025_j075,25% throughput + 75% Jain fairness,deterministic,1701,603,11,10,0.0022,0.002,990.1936340332032,4456,1,0.5
t025_j075,25% throughput + 75% Jain fairness,deterministic,1701,604,14,13,0.0028,0.0026,1998.1005935668943,4391,2,0.5
t025_j075,25% throughput + 75% Jain fairness,deterministic,1701,605,323,293,0.0646,0.0586,244626.591796875,37,6,2.0
t025_j075,25% throughput + 75% Jain fairness,deterministic,1701,606,82,74,0.0164,0.0148,60986.76837158203,3526,6,1.0
t025_j075,25% throughput + 75% Jain fairness,deterministic,1701,607,2,1,0.0004,0.0002,1390.6490478515625,4891,9,0.5
t025_j075,25% throughput + 75% Jain fairness,deterministic,1701,608,328,294,0.0656,0.0588,31730.20489501953,106,1,2.0
t025_j075,25% throughput + 75% Jain fairness,deterministic,1701,609,2,1,0.0004,0.0002,2255.217041015625,4895,12,0.5
t025_j075,25% throughput + 75% Jain fairness,deterministic,1701,610,165,147,0.033,0.0294,240646.6195678711,1642,10,1.0
t025_j075,25% throughput + 75% Jain fairness,deterministic,1701,611,9,7,0.0018,0.0014,20693.235595703125,4860,14,1.0
t025_j075,25% throughput + 75% Jain fairness,deterministic,1701,612,5,4,0.001,0.0008,5562.59619140625,4774,9,0.5
t025_j075,25% throughput + 75% Jain fairness,deterministic,1701,613,15,13,0.003,0.0026,5302.069625854492,4353,4,1.0
t025_j075,25% throughput + 75% Jain fairness,deterministic,1701,614,99,86,0.0198,0.0172,71009.66345214844,3011,6,1.0
t025_j075,25% throughput + 75% Jain fairness,deterministic,1701,615,25,22,0.005,0.0044,20480.560546875,4214,7,1.0
t025_j075,25% throughput + 75% Jain fairness,deterministic,1701,616,3,2,0.0006,0.0004,270.92889404296875,4791,2,0.5
t025_j075,25% throughput + 75% Jain fairness,deterministic,1701,617,303,280,0.0606,0.056,174478.2399673462,698,5,1.0
t025_j075,25% throughput + 75% Jain fairness,deterministic,1701,618,4,2,0.0008,0.0004,4320.053009033203,4850,11,1.0
t025_j075,25% throughput + 75% Jain fairness,deterministic,1701,619,8,7,0.0016,0.0014,3674.559883117676,4476,5,0.5
t025_j075,25% throughput + 75% Jain fairness,deterministic,1701,620,10,9,0.002,0.0018,20296.953369140625,4801,12,1.0
t025_j075,25% throughput + 75% Jain fairness,deterministic,1701,621,10,9,0.002,0.0018,28891.549072265625,4700,15,0.5
t025_j075,25% throughput + 75% Jain fairness,deterministic,1701,622,4,3,0.0008,0.0006,2038.554931640625,4755,6,0.5
t025_j075,25% throughput + 75% Jain fairness,deterministic,1701,623,4,3,0.0008,0.0006,4734.0318603515625,4816,10,0.5
t025_j075,25% throughput + 75% Jain fairness,deterministic,1701,624,12,11,0.0024,0.0022,2777.9171447753906,4520,3,1.0
t025_j075,25% throughput + 75% Jain fairness,deterministic,1701,625,16,15,0.0032,0.003,18805.34521484375,4586,8,0.5
t025_j075,25% throughput + 75% Jain fairness,deterministic,1701,626,4,3,0.0008,0.0006,6765.651123046875,4829,12,0.5
t025_j075,25% throughput + 75% Jain fairness,deterministic,1701,627,1229,1112,0.2458,0.2224,1489770.5098876953,0,8,2.0
t025_j075,25% throughput + 75% Jain fairness,deterministic,1701,628,1942,1749,0.3884,0.3498,5619406.294555664,13,15,2.0
t025_j075,25% throughput + 75% Jain fairness,deterministic,1701,629,3,2,0.0006,0.0004,1359.03662109375,4821,6,0.5
t025_j075,25% throughput + 75% Jain fairness,deterministic,1701,630,4,3,0.0008,0.0006,2038.554931640625,4755,6,0.5
t025_j075,25% throughput + 75% Jain fairness,deterministic,1701,631,475,441,0.095,0.0882,581582.9556884766,666,8,1.0
t025_j075,25% throughput + 75% Jain fairness,deterministic,1701,632,1608,1446,0.3216,0.2892,2315336.082366944,24,10,2.0
t025_j075,25% throughput + 75% Jain fairness,deterministic,1701,633,6,5,0.0012,0.001,3397.591552734375,4611,6,0.5
t025_j075,25% throughput + 75% Jain fairness,deterministic,1701,634,1,0,0.0002,0.0,0.0,5000,7,0.5
t025_j075,25% throughput + 75% Jain fairness,deterministic,1701,635,4,1,0.0008,0.0002,1738.3113098144531,4883,9,1.0
t025_j075,25% throughput + 75% Jain fairness,deterministic,1701,636,5,4,0.001,0.0008,925.9723815917968,4821,3,1.0
t025_j075,25% throughput + 75% Jain fairness,deterministic,1701,637,5,4,0.001,0.0008,2027.3433837890625,4655,5,0.5
t025_j075,25% throughput + 75% Jain fairness,deterministic,1701,638,16,15,0.0032,0.003,2269.0294876098637,4335,2,1.0
t025_j075,25% throughput + 75% Jain fairness,deterministic,1701,639,14,13,0.0028,0.0026,20908.64071655273,4492,10,0.5
t025_j075,25% throughput + 75% Jain fairness,deterministic,1701,640,321,290,0.0642,0.058,474192.1913452149,63,10,1.0
t025_j075,25% throughput + 75% Jain fairness,deterministic,1701,641,1768,1604,0.3536,0.3208,3094117.9662475586,0,11,2.0
t025_j075,25% throughput + 75% Jain fairness,deterministic,1701,642,2,1,0.0004,0.0002,88.0172119140625,4884,1,0.5
t025_j075,25% throughput + 75% Jain fairness,deterministic,1701,643,4,3,0.0008,0.0006,4171.947143554688,4811,9,0.5
t025_j075,25% throughput + 75% Jain fairness,deterministic,1701,644,19,18,0.0038,0.0036,27812.98095703125,4528,9,0.5
t025_j075,25% throughput + 75% Jain fairness,deterministic,1701,645,13,11,0.0026,0.0022,33256.985778808594,4669,14,1.0
t025_j075,25% throughput + 75% Jain fairness,deterministic,1701,646,11,10,0.0022,0.002,19200.235595703125,4596,11,0.5
t025_j075,25% throughput + 75% Jain fairness,deterministic,1701,647,22,19,0.0044,0.0038,18133.829650878903,4345,7,1.0
t025_j075,25% throughput + 75% Jain fairness,deterministic,1701,648,22,21,0.0044,0.0042,62079.706787109375,4361,14,0.5
t025_j075,25% throughput + 75% Jain fairness,deterministic,1701,649,58,53,0.0116,0.0106,157416.39935302734,3636,14,1.0
t025_j075,25% throughput + 75% Jain fairness,deterministic,1701,650,56,49,0.0112,0.0098,63606.314697265625,3456,8,1.0
t025_j075,25% throughput + 75% Jain fairness,deterministic,1701,651,13,11,0.0026,0.0022,2886.8550720214844,4254,3,1.0
t025_j075,25% throughput + 75% Jain fairness,deterministic,1701,652,12,11,0.0024,0.0022,1100.2151489257812,4455,1,0.5
t025_j075,25% throughput + 75% Jain fairness,deterministic,1701,653,9,8,0.0018,0.0016,2069.820617675781,4657,3,1.0
t025_j075,25% throughput + 75% Jain fairness,deterministic,1701,654,57,54,0.0114,0.0108,89001.5390625,4274,9,0.5
t025_j075,25% throughput + 75% Jain fairness,deterministic,1701,655,1,0,0.0002,0.0,0.0,5000,1,1.0
t025_j075,25% throughput + 75% Jain fairness,deterministic,1701,656,49,46,0.0098,0.0092,76533.5150756836,4235,10,0.5
t025_j075,25% throughput + 75% Jain fairness,deterministic,1701,657,3,2,0.0006,0.0004,435.751708984375,4796,3,0.5
t025_j075,25% throughput + 75% Jain fairness,deterministic,1701,658,286,258,0.0572,0.0516,27835.443267822266,0,1,2.0
t025_j075,25% throughput + 75% Jain fairness,deterministic,1701,659,431,398,0.0862,0.0796,524060.7232666016,1003,8,1.0
t025_j075,25% throughput + 75% Jain fairness,deterministic,1701,660,131,115,0.0262,0.023,118403.2406616211,2379,7,1.0
t025_j075,25% throughput + 75% Jain fairness,deterministic,1701,661,1451,1291,0.2902,0.2582,2489790.5508728027,10,11,2.0
t025_j075,25% throughput + 75% Jain fairness,deterministic,1701,662,11,9,0.0022,0.0018,14202.095581054688,4764,10,1.0
t025_j075,25% throughput + 75% Jain fairness,deterministic,1701,663,8,6,0.0016,0.0012,16338.519287109377,4757,13,1.0
t025_j075,25% throughput + 75% Jain fairness,deterministic,1701,664,5,4,0.001,0.0008,2718.0732421875,4641,6,0.5
t025_j075,25% throughput + 75% Jain fairness,deterministic,1701,665,84,75,0.0168,0.015,222452.2826538086,2770,14,1.0
t025_j075,25% throughput + 75% Jain fairness,deterministic,1701,666,27,23,0.0054,0.0046,68731.1039428711,171,14,1.0
t025_j075,25% throughput + 75% Jain fairness,deterministic,1701,667,9,8,0.0018,0.0016,23649.412109375,4717,14,0.5
t025_j075,25% throughput + 75% Jain fairness,deterministic,1701,668,56,53,0.0112,0.0106,85524.9164428711,4260,9,0.5
t025_j075,25% throughput + 75% Jain fairness,deterministic,1701,669,434,397,0.0868,0.0794,642479.8601074219,820,9,1.0
t025_j075,25% throughput + 75% Jain fairness,deterministic,1701,670,175,150,0.035,0.03,344484.4030151367,1,12,1.0
t025_j075,25% throughput + 75% Jain fairness,deterministic,1701,671,16,15,0.0032,0.003,5649.746322631836,4448,4,0.5
t025_j075,25% throughput + 75% Jain fairness,deterministic,1701,672,581,528,0.1162,0.1056,552761.7955932617,6,7,2.0
t025_j075,25% throughput + 75% Jain fairness,deterministic,1701,673,143,128,0.0286,0.0256,207902.0326538086,2896,9,1.0
t025_j075,25% throughput + 75% Jain fairness,deterministic,1701,674,205,182,0.041,0.0364,357124.3820800781,2286,11,1.0
t025_j075,25% throughput + 75% Jain fairness,deterministic,1701,675,1658,1482,0.3316,0.2964,3878764.4787597656,0,13,2.0
t025_j075,25% throughput + 75% Jain fairness,deterministic,1701,676,6,4,0.0012,0.0008,1651.4643096923828,4840,4,1.0
t025_j075,25% throughput + 75% Jain fairness,deterministic,1701,677,197,171,0.0394,0.0342,45263.70877075195,31,3,2.0
t025_j075,25% throughput + 75% Jain fairness,deterministic,1701,678,116,104,0.0232,0.0208,172397.66024780273,3309,10,1.0
t025_j075,25% throughput + 75% Jain fairness,deterministic,1701,679,100,89,0.02,0.0178,173282.1262512207,82,11,1.0
t025_j075,25% throughput + 75% Jain fairness,deterministic,1701,680,317,285,0.0634,0.057,30784.01986694336,9,1,2.0
t025_j075,25% throughput + 75% Jain fairness,deterministic,1701,681,44,41,0.0088,0.0082,121203.23706054688,4160,14,0.5
t025_j075,25% throughput + 75% Jain fairness,deterministic,1701,682,1866,1669,0.3732,0.3338,5360184.895935059,5,15,2.0
t025_j075,25% throughput + 75% Jain fairness,deterministic,1701,683,4,3,0.0008,0.0006,4734.0318603515625,4816,10,0.5
t025_j075,25% throughput + 75% Jain fairness,deterministic,1701,684,1464,1304,0.2928,0.2608,2095598.103515625,23,10,2.0
t025_j075,25% throughput + 75% Jain fairness,deterministic,1701,685,46,36,0.0092,0.0072,95416.95263671876,431,13,1.0
t025_j075,25% throughput + 75% Jain fairness,deterministic,1701,686,4,3,0.0008,0.0006,474.1255645751953,4860,2,1.0
t025_j075,25% throughput + 75% Jain fairness,deterministic,1701,687,1,0,0.0002,0.0,0.0,5000,6,0.5
t025_j075,25% throughput + 75% Jain fairness,deterministic,1701,688,443,407,0.0886,0.0814,425184.97052001953,293,7,1.0
t025_j075,25% throughput + 75% Jain fairness,deterministic,1701,689,5,4,0.001,0.0008,609.5900115966797,4809,2,1.0
t025_j075,25% throughput + 75% Jain fairness,deterministic,1701,690,12,11,0.0024,0.0022,28755.7939453125,4797,13,1.0
t025_j075,25% throughput + 75% Jain fairness,deterministic,1701,691,1,0,0.0002,0.0,0.0,5000,1,1.0
t025_j075,25% throughput + 75% Jain fairness,deterministic,1701,692,13,12,0.0026,0.0024,11306.976135253906,4483,7,0.5
t025_j075,25% throughput + 75% Jain fairness,deterministic,1701,693,8,7,0.0016,0.0014,7743.37744140625,4594,8,0.5
t025_j075,25% throughput + 75% Jain fairness,deterministic,1701,694,9,8,0.0018,0.0016,1151.4477996826172,4395,2,0.5
t025_j075,25% throughput + 75% Jain fairness,deterministic,1701,695,28,26,0.0056,0.0052,58635.64306640625,4281,12,0.5
t025_j075,25% throughput + 75% Jain fairness,deterministic,1701,696,6,5,0.0012,0.001,7890.0531005859375,4745,10,0.5
t025_j075,25% throughput + 75% Jain fairness,deterministic,1701,697,195,178,0.039,0.0356,344644.2289428711,6,11,1.0
t025_j075,25% throughput + 75% Jain fairness,deterministic,1701,698,15,11,0.003,0.0022,6715.5749588012695,4267,5,1.0
t025_j075,25% throughput + 75% Jain fairness,deterministic,1701,699,1845,1665,0.369,0.333,4924251.027648926,18,14,2.0
t025_j075,25% throughput + 75% Jain fairness,deterministic,1701,700,264,241,0.0528,0.0482,200457.90161132807,1264,6,1.0
t025_j075,25% throughput + 75% Jain fairness,deterministic,1701,701,11,10,0.0022,0.002,7474.701416015625,4476,6,0.5
t025_j075,25% throughput + 75% Jain fairness,deterministic,1701,702,363,334,0.0726,0.0668,757752.92578125,1859,12,1.0
t025_j075,25% throughput + 75% Jain fairness,deterministic,1701,703,76,70,0.0152,0.014,29552.51922607422,2300,4,1.0
t025_j075,25% throughput + 75% Jain fairness,deterministic,1701,704,1782,1600,0.3564,0.32,4734316.686645508,8,14,2.0
t025_j075,25% throughput + 75% Jain fairness,deterministic,1701,705,4,3,0.0008,0.0006,4734.0318603515625,4816,10,0.5
t025_j075,25% throughput + 75% Jain fairness,deterministic,1701,706,16,15,0.0032,0.003,44342.647705078125,4736,14,1.0
t025_j075,25% throughput + 75% Jain fairness,deterministic,1701,707,21,20,0.0042,0.004,3183.414505004883,4383,2,0.5
t025_j075,25% throughput + 75% Jain fairness,deterministic,1701,708,282,254,0.0564,0.0508,210310.9171142578,842,6,1.0
t025_j075,25% throughput + 75% Jain fairness,deterministic,1701,709,109,98,0.0218,0.0196,160168.07794189453,1735,10,1.0
t025_j075,25% throughput + 75% Jain fairness,deterministic,1701,710,2,1,0.0004,0.0002,2614.1630859375,4896,13,0.5
t025_j075,25% throughput + 75% Jain fairness,deterministic,1701,711,1975,1777,0.395,0.3554,5708488.570861816,14,15,2.0
t025_j075,25% throughput + 75% Jain fairness,deterministic,1701,712,11,10,0.0022,0.002,29561.76513671875,4663,14,0.5
t025_j075,25% throughput + 75% Jain fairness,deterministic,1701,713,10,9,0.002,0.0018,3824.443664550781,4646,4,1.0
t025_j075,25% throughput + 75% Jain fairness,deterministic,1701,714,14,11,0.0028,0.0022,36916.97937011719,4557,15,1.0
t025_j075,25% throughput + 75% Jain fairness,deterministic,1701,715,14,12,0.0028,0.0024,4780.554580688477,4384,4,1.0
t025_j075,25% throughput + 75% Jain fairness,deterministic,1701,716,12,11,0.0024,0.0022,13274.361328125,4590,8,0.5
t025_j075,25% throughput + 75% Jain fairness,deterministic,1701,717,1920,1734,0.384,0.3468,5128227.207092285,5,14,2.0
t025_j075,25% throughput + 75% Jain fairness,deterministic,1701,718,7,5,0.0014,0.001,15519.926696777344,4803,14,1.0
t025_j075,25% throughput + 75% Jain fairness,deterministic,1701,719,13,12,0.0026,0.0024,38522.0654296875,4624,15,0.5
t025_j075,25% throughput + 75% Jain fairness,deterministic,1701,720,11,10,0.0022,0.002,26141.630859375,4647,13,0.5
t025_j075,25% throughput + 75% Jain fairness,deterministic,1701,721,1,0,0.0002,0.0,0.0,5000,2,0.5
t025_j075,25% throughput + 75% Jain fairness,deterministic,1701,722,13,9,0.0026,0.0018,14991.10089111328,3280,10,1.0
t025_j075,25% throughput + 75% Jain fairness,deterministic,1701,723,3,2,0.0006,0.0004,4510.43408203125,4859,12,0.5
t025_j075,25% throughput + 75% Jain fairness,deterministic,1701,724,1284,1152,0.2568,0.2304,1740744.9456481934,0,9,2.0
t025_j075,25% throughput + 75% Jain fairness,deterministic,1701,725,162,149,0.0324,0.0298,243408.13815307617,1358,10,1.0
t025_j075,25% throughput + 75% Jain fairness,deterministic,1701,726,9,8,0.0018,0.0016,2069.820617675781,4657,3,1.0
t025_j075,25% throughput + 75% Jain fairness,deterministic,1701,727,246,218,0.0492,0.0436,180581.99102783203,32,6,2.0
t025_j075,25% throughput + 75% Jain fairness,deterministic,1701,728,6,4,0.0012,0.0008,14445.774536132812,4804,15,1.0
t025_j075,25% throughput + 75% Jain fairness,deterministic,1701,729,10,6,0.002,0.0012,9862.566375732422,1962,10,1.0
t025_j075,25% throughput + 75% Jain fairness,deterministic,1701,730,201,181,0.0402,0.0362,290993.31326293945,2559,9,1.0
t025_j075,25% throughput + 75% Jain fairness,deterministic,1701,731,2,1,0.0004,0.0002,2956.176513671875,4897,14,0.5
t025_j075,25% throughput + 75% Jain fairness,deterministic,1701,732,7,6,0.0014,0.0012,1525.1309814453125,4750,3,1.0
t025_j075,25% throughput + 75% Jain fairness,deterministic,1701,733,7,6,0.0014,0.0012,11520.141357421877,4726,11,0.5
t025_j075,25% throughput + 75% Jain fairness,deterministic,1701,734,12,10,0.0024,0.002,7644.580993652344,4651,6,1.0
t025_j075,25% throughput + 75% Jain fairness,deterministic,1701,735,5,4,0.001,0.0008,541.8577880859375,4597,2,0.5
t025_j075,25% throughput + 75% Jain fairness,deterministic,1701,736,13,12,0.0026,0.0024,2941.3240356445312,4415,3,0.5
t025_j075,25% throughput + 75% Jain fairness,deterministic,1701,737,268,244,0.0536,0.0488,255580.3284912109,1482,7,1.0
t025_j075,25% throughput + 75% Jain fairness,deterministic,1701,738,13,12,0.0026,0.0024,23040.28271484375,4527,11,0.5
t025_j075,25% throughput + 75% Jain fairness,deterministic,1701,739,38,33,0.0076,0.0066,98292.86907958984,4017,14,1.0
t025_j075,25% throughput + 75% Jain fairness,deterministic,1701,740,374,337,0.0748,0.0674,657608.069152832,46,11,1.0
t025_j075,25% throughput + 75% Jain fairness,deterministic,1701,741,13,12,0.0026,0.0024,31369.95703125,4593,13,0.5
t025_j075,25% throughput + 75% Jain fairness,deterministic,1701,742,3,1,0.0006,0.0002,679.518310546875,4968,6,1.0
t025_j075,25% throughput + 75% Jain fairness,deterministic,1701,743,11,9,0.0022,0.0018,27344.632751464844,4709,14,1.0
t025_j075,25% throughput + 75% Jain fairness,deterministic,1701,744,21,19,0.0042,0.0038,5011.1446533203125,4344,3,1.0
t025_j075,25% throughput + 75% Jain fairness,deterministic,1701,745,6,5,0.0012,0.001,16050.860595703123,4798,15,0.5
t025_j075,25% throughput + 75% Jain fairness,deterministic,1701,746,32,30,0.0064,0.006,51285.345153808594,4369,10,0.5
t025_j075,25% throughput + 75% Jain fairness,deterministic,1701,747,3,2,0.0006,0.0004,5228.326171875,4862,13,0.5
t025_j075,25% throughput + 75% Jain fairness,deterministic,1701,748,1,0,0.0002,0.0,0.0,5000,10,0.5
t025_j075,25% throughput + 75% Jain fairness,deterministic,1701,749,209,187,0.0418,0.0374,79617.96356201172,44,4,2.0
t025_j075,25% throughput + 75% Jain fairness,deterministic,1701,750,1645,1480,0.329,0.296,3341667.8505249023,16,12,2.0
t025_j075,25% throughput + 75% Jain fairness,deterministic,1701,751,9,8,0.0018,0.0016,5775.9056396484375,4478,6,0.5
t025_j075,25% throughput + 75% Jain fairness,deterministic,1701,752,261,239,0.0522,0.0478,541252.08984375,2538,12,1.0
t025_j075,25% throughput + 75% Jain fairness,deterministic,1701,753,14,12,0.0028,0.0024,36213.16229248047,4648,14,1.0
t025_j075,25% throughput + 75% Jain fairness,deterministic,1701,754,14,13,0.0028,0.0026,7475.828727722168,4470,5,0.5
t025_j075,25% throughput + 75% Jain fairness,deterministic,1701,755,6,4,0.0012,0.0008,11110.193115234377,4813,13,1.0
t025_j075,25% throughput + 75% Jain fairness,deterministic,1701,756,8,7,0.0016,0.0014,5973.496826171875,4487,7,0.5
t025_j075,25% throughput + 75% Jain fairness,deterministic,1701,757,55,48,0.011,0.0096,49494.68798828125,3935,7,1.0
t025_j075,25% throughput + 75% Jain fairness,deterministic,1701,758,12,11,0.0024,0.0022,17358.116821289062,4531,10,0.5
t025_j075,25% throughput + 75% Jain fairness,deterministic,1701,759,6,5,0.0012,0.001,13070.8154296875,4780,13,0.5
t025_j075,25% throughput + 75% Jain fairness,deterministic,1701,760,57,54,0.0114,0.0108,122345.52447509766,4146,12,0.5
t025_j075,25% throughput + 75% Jain fairness,deterministic,1701,761,200,179,0.04,0.0358,147795.2325439453,1996,6,1.0
t025_j075,25% throughput + 75% Jain fairness,deterministic,1701,762,26,23,0.0052,0.0046,13811.276802062988,4339,5,1.0
t025_j075,25% throughput + 75% Jain fairness,deterministic,1701,763,222,200,0.0444,0.04,260785.89025878903,1449,8,1.0
t025_j075,25% throughput + 75% Jain fairness,deterministic,1701,764,415,372,0.083,0.0744,616213.1471557617,241,10,1.0
t025_j075,25% throughput + 75% Jain fairness,deterministic,1701,765,1567,1407,0.3134,0.2814,2703873.1777648926,26,11,2.0
t025_j075,25% throughput + 75% Jain fairness,deterministic,1701,766,138,124,0.0276,0.0248,163164.02465820312,2451,8,1.0
t025_j075,25% throughput + 75% Jain fairness,deterministic,1701,767,53,46,0.0106,0.0092,37883.14581298828,3801,6,1.0
t025_j075,25% throughput + 75% Jain fairness,deterministic,1701,768,1716,1572,0.3432,0.3144,2364103.381347656,0,9,2.0
t025_j075,25% throughput + 75% Jain fairness,deterministic,1701,769,14,12,0.0028,0.0024,13550.910522460938,4620,8,1.0
t025_j075,25% throughput + 75% Jain fairness,deterministic,1701,770,1563,1416,0.3126,0.2832,2268390.266418457,0,10,2.0
t025_j075,25% throughput + 75% Jain fairness,deterministic,1701,771,5,4,0.001,0.0008,7680.09423828125,4790,11,0.5
t025_j075,25% throughput + 75% Jain fairness,deterministic,1701,772,258,229,0.0516,0.0458,141914.03686523438,26,5,2.0
t025_j075,25% throughput + 75% Jain fairness,deterministic,1701,773,71,62,0.0142,0.0124,79646.16796875,3592,8,1.0
t025_j075,25% throughput + 75% Jain fairness,deterministic,1701,774,7,6,0.0014,0.0012,8343.894287109375,4697,9,0.5
t025_j075,25% throughput + 75% Jain fairness,deterministic,1701,775,50,48,0.01,0.0096,63606.314697265625,4439,8,0.5
t025_j075,25% throughput + 75% Jain fairness,deterministic,1701,776,56,50,0.0112,0.01,21382.11685180664,2280,4,1.0
t025_j075,25% throughput + 75% Jain fairness,deterministic,1701,777,14,11,0.0028,0.0022,4519.797058105469,4262,4,1.0
t025_j075,25% throughput + 75% Jain fairness,deterministic,1701,778,5,4,0.001,0.0008,374.0731506347656,4794,1,1.0
t025_j075,25% throughput + 75% Jain fairness,deterministic,1701,779,1,0,0.0002,0.0,0.0,5000,13,0.5
t025_j075,25% throughput + 75% Jain fairness,deterministic,1701,780,8,6,0.0016,0.0012,1525.1309814453125,4259,3,1.0
t025_j075,25% throughput + 75% Jain fairness,deterministic,1701,781,22,16,0.0044,0.0032,27220.683197021484,3265,10,1.0
t025_j075,25% throughput + 75% Jain fairness,deterministic,1701,782,1634,1489,0.3268,0.2978,2383190.5390319824,15,10,2.0
t025_j075,25% throughput + 75% Jain fairness,deterministic,1701,783,9,6,0.0018,0.0012,20866.118774414062,4786,15,1.0
t025_j075,25% throughput + 75% Jain fairness,deterministic,1701,784,11,10,0.0022,0.002,9173.584411621094,4484,7,0.5
t025_j075,25% throughput + 75% Jain fairness,deterministic,1701,785,115,102,0.023,0.0204,199202.44430541992,62,11,1.0
t025_j075,25% throughput + 75% Jain fairness,deterministic,1701,786,6,5,0.0012,0.001,1738.3834838867188,4558,4,0.5
t025_j075,25% throughput + 75% Jain fairness,deterministic,1701,787,109,94,0.0218,0.0188,119469.251953125,2886,8,1.0
t025_j075,25% throughput + 75% Jain fairness,deterministic,1701,788,1,0,0.0002,0.0,0.0,5000,2,0.5
t025_j075,25% throughput + 75% Jain fairness,deterministic,1701,789,17,16,0.0034,0.0032,4085.172271728516,4349,3,1.0
t025_j075,25% throughput + 75% Jain fairness,deterministic,1701,790,14,13,0.0028,0.0026,29317.821533203125,4532,12,0.5
t025_j075,25% throughput + 75% Jain fairness,deterministic,1701,791,3,2,0.0006,0.0004,3156.021240234375,4852,10,0.5
t025_j075,25% throughput + 75% Jain fairness,deterministic,1701,792,13,12,0.0026,0.0024,31369.95703125,4769,13,1.0
t025_j075,25% throughput + 75% Jain fairness,deterministic,1701,793,20,19,0.004,0.0038,29551.292266845703,4527,9,0.5
t025_j075,25% throughput + 75% Jain fairness,deterministic,1701,794,2181,1993,0.4362,0.3986,6402688.291625977,15,15,2.0
t025_j075,25% throughput + 75% Jain fairness,deterministic,1701,795,277,246,0.0554,0.0492,26493.18078613281,60,1,2.0
t025_j075,25% throughput + 75% Jain fairness,deterministic,1701,796,16,14,0.0032,0.0028,41386.47119140625,4595,14,1.0
t025_j075,25% throughput + 75% Jain fairness,deterministic,1701,797,19,17,0.0038,0.0034,6866.614761352539,4263,4,1.0
t025_j075,25% throughput + 75% Jain fairness,deterministic,1701,798,1667,1505,0.3334,0.301,2899235.574951172,22,11,2.0
t025_j075,25% throughput + 75% Jain fairness,deterministic,1701,799,44,38,0.0088,0.0076,37121.01599121094,3947,7,1.0
t025_j075,25% throughput + 75% Jain fairness,deterministic,1701,800,16,15,0.0032,0.003,1452.2839965820312,4366,1,1.0
t025_j075,25% throughput + 75% Jain fairness,deterministic,1701,801,1696,1533,0.3392,0.3066,3461194.3536987305,18,12,2.0
t025_j075,25% throughput + 75% Jain fairness,deterministic,1701,802,1315,1160,0.263,0.232,1869153.5795288088,24,10,2.0
t025_j075,25% throughput + 75% Jain fairness,deterministic,1701,803,19,18,0.0038,0.0036,58585.641174316406,4711,15,1.0
t025_j075,25% throughput + 75% Jain fairness,deterministic,1701,804,1,0,0.0002,0.0,0.0,5000,7,0.5
t025_j075,25% throughput + 75% Jain fairness,deterministic,1701,805,3,1,0.0006,0.0002,169.33055877685547,4962,2,1.0
t025_j075,25% throughput + 75% Jain fairness,deterministic,1701,806,20,19,0.004,0.0038,2946.351722717285,4331,2,1.0
t025_j075,25% throughput + 75% Jain fairness,deterministic,1701,807,6,5,0.0012,0.001,16050.860595703123,4798,15,0.5
t025_j075,25% throughput + 75% Jain fairness,deterministic,1701,808,4,3,0.0008,0.0006,2560.070068359375,4773,7,0.5
t025_j075,25% throughput + 75% Jain fairness,deterministic,1701,809,315,287,0.063,0.0574,31026.06719970703,38,1,2.0
t025_j075,25% throughput + 75% Jain fairness,deterministic,1701,810,17,16,0.0034,0.0032,24336.358337402344,4530,9,0.5
t025_j075,25% throughput + 75% Jain fairness,deterministic,1701,811,354,320,0.0708,0.064,529422.5630493164,94,10,1.0
t025_j075,25% throughput + 75% Jain fairness,deterministic,1701,812,1868,1701,0.3736,0.3402,4448652.031494141,4,13,2.0
t025_j075,25% throughput + 75% Jain fairness,deterministic,1701,813,8,7,0.0016,0.0014,20693.235595703125,4742,14,0.5
t025_j075,25% throughput + 75% Jain fairness,deterministic,1701,814,17,15,0.0034,0.003,17146.050048828125,4521,8,1.0
t025_j075,25% throughput + 75% Jain fairness,deterministic,1701,815,1493,1340,0.2986,0.268,2146488.9460144043,0,10,2.0
t025_j075,25% throughput + 75% Jain fairness,deterministic,1701,816,18,17,0.0036,0.0034,6866.614761352539,4444,4,0.5
t025_j075,25% throughput + 75% Jain fairness,deterministic,1701,817,146,135,0.0292,0.027,57540.49331665039,841,4,1.0
t025_j075,25% throughput + 75% Jain fairness,deterministic,1701,818,1429,1277,0.2858,0.2554,1934045.1632995603,5,9,2.0
t025_j075,25% throughput + 75% Jain fairness,deterministic,1701,819,16,15,0.0032,0.003,18805.34521484375,4569,8,0.5
t025_j075,25% throughput + 75% Jain fairness,deterministic,1701,820,235,209,0.047,0.0418,171748.25299072266,905,6,1.0
t025_j075,25% throughput + 75% Jain fairness,deterministic,1701,821,5,4,0.001,0.0008,6312.04248046875,4780,10,0.5
t025_j075,25% throughput + 75% Jain fairness,deterministic,1701,822,4,3,0.0008,0.0006,474.1255645751953,4860,2,1.0
t025_j075,25% throughput + 75% Jain fairness,deterministic,1701,823,269,239,0.0538,0.0478,542943.5026245117,83,12,1.0
t025_j075,25% throughput + 75% Jain fairness,deterministic,1701,824,3,2,0.0006,0.0004,2781.298095703125,4849,9,0.5
t025_j075,25% throughput + 75% Jain fairness,deterministic,1701,825,22,19,0.0044,0.0038,62598.35632324219,4554,15,1.0
t025_j075,25% throughput + 75% Jain fairness,deterministic,1701,826,19,18,0.0038,0.0036,1870.365753173828,4448,1,0.5
t025_j075,25% throughput + 75% Jain fairness,deterministic,1701,827,429,391,0.0858,0.0782,511892.5587158203,43,8,1.0
t025_j075,25% throughput + 75% Jain fairness,deterministic,1701,828,422,374,0.0844,0.0748,389343.9895629883,23,7,2.0
t025_j075,25% throughput + 75% Jain fairness,deterministic,1701,829,16,15,0.0032,0.003,48955.12481689453,4758,15,1.0
t025_j075,25% throughput + 75% Jain fairness,deterministic,1701,830,63,57,0.0126,0.0114,183782.3538208008,28,15,1.0
t025_j075,25% throughput + 75% Jain fairness,deterministic,1701,831,5,4,0.001,0.0008,541.8577880859375,4597,2,0.5
t025_j075,25% throughput + 75% Jain fairness,deterministic,1701,832,7,6,0.0014,0.0012,19261.03271484375,4774,15,0.5
t025_j075,25% throughput + 75% Jain fairness,deterministic,1701,833,12,11,0.0024,0.0022,8324.099304199219,4475,6,0.5
t025_j075,25% throughput + 75% Jain fairness,deterministic,1701,834,119,104,0.0238,0.0208,273833.5832519531,38,13,1.0
t025_j075,25% throughput + 75% Jain fairness,deterministic,1701,835,191,170,0.0382,0.034,28244.33720397949,68,2,2.0
t025_j075,25% throughput + 75% Jain fairness,deterministic,1701,836,20,18,0.004,0.0036,25379.345123291016,4453,9,1.0
t025_j075,25% throughput + 75% Jain fairness,deterministic,1701,837,1623,1479,0.3246,0.2958,2368199.438140869,5,10,2.0
t025_j075,25% throughput + 75% Jain fairness,deterministic,1701,838,1348,1215,0.2696,0.243,1933457.512298584,4,10,2.0
t025_j075,25% throughput + 75% Jain fairness,deterministic,1701,839,2,1,0.0004,0.0002,2614.1630859375,4896,13,0.5
t025_j075,25% throughput + 75% Jain fairness,deterministic,1701,840,1,0,0.0002,0.0,0.0,5000,8,0.5
t025_j075,25% throughput + 75% Jain fairness,deterministic,1701,841,192,172,0.0384,0.0344,142019.32690429688,1848,6,1.0
t025_j075,25% throughput + 75% Jain fairness,deterministic,1701,842,28,26,0.0056,0.0052,58635.64306640625,4412,12,1.0
t025_j075,25% throughput + 75% Jain fairness,deterministic,1701,843,1992,1804,0.3984,0.3608,5795163.218078613,2,15,2.0
t025_j075,25% throughput + 75% Jain fairness,deterministic,1701,844,3,2,0.0006,0.0004,435.751708984375,4796,3,0.5
t025_j075,25% throughput + 75% Jain fairness,deterministic,1701,845,4,3,0.0008,0.0006,9630.516357421877,4845,15,0.5
t025_j075,25% throughput + 75% Jain fairness,deterministic,1701,846,6,5,0.0012,0.001,5530.98388671875,4681,8,0.5
t025_j075,25% throughput + 75% Jain fairness,deterministic,1701,847,77,72,0.0154,0.0144,44474.84548187256,3973,5,1.0
t025_j075,25% throughput + 75% Jain fairness,deterministic,1701,848,6,5,0.0012,0.001,13070.8154296875,4780,13,0.5
t025_j075,25% throughput + 75% Jain fairness,deterministic,1701,849,5,2,0.001,0.0004,1920.0525512695312,4845,7,1.0
t025_j075,25% throughput + 75% Jain fairness,deterministic,1701,850,5,4,0.001,0.0008,3413.4267578125,4704,7,0.5
t025_j075,25% throughput + 75% Jain fairness,deterministic,1701,851,12,8,0.0024,0.0016,7466.871032714844,4199,7,1.0
t025_j075,25% throughput + 75% Jain fairness,deterministic,1701,852,19,17,0.0038,0.0034,4466.455017089844,4246,3,1.0
t025_j075,25% throughput + 75% Jain fairness,deterministic,1701,853,16,15,0.0032,0.003,48152.581787109375,4545,15,0.5
t025_j075,25% throughput + 75% Jain fairness,deterministic,1701,854,37,35,0.0074,0.007,27350.61199951172,4326,6,0.5
t025_j075,25% throughput + 75% Jain fairness,deterministic,1701,855,1650,1496,0.33,0.2992,2884355.392364502,0,11,2.0
t025_j075,25% throughput + 75% Jain fairness,deterministic,1701,856,4,3,0.0008,0.0006,286.0559387207031,4852,1,1.0
t025_j075,25% throughput + 75% Jain fairness,deterministic,1701,857,12,11,0.0024,0.0022,4519.797058105469,4564,4,1.0
t025_j075,25% throughput + 75% Jain fairness,deterministic,1701,858,6,5,0.0012,0.001,5530.98388671875,4681,8,0.5
t025_j075,25% throughput + 75% Jain fairness,deterministic,1701,859,9,5,0.0018,0.001,4480.122619628906,4154,7,1.0
t025_j075,25% throughput + 75% Jain fairness,deterministic,1701,860,1,0,0.0002,0.0,0.0,5000,6,0.5
t025_j075,25% throughput + 75% Jain fairness,deterministic,1701,861,365,329,0.073,0.0658,643687.8983459473,503,11,1.0
t025_j075,25% throughput + 75% Jain fairness,deterministic,1701,862,14,10,0.0028,0.002,16174.608856201172,3559,10,1.0
t025_j075,25% throughput + 75% Jain fairness,deterministic,1701,863,7,6,0.0014,0.0012,8343.894287109375,4697,9,0.5
t025_j075,25% throughput + 75% Jain fairness,deterministic,1701,864,4,3,0.0008,0.0006,708.0965270996094,4865,3,1.0
t025_j075,25% throughput + 75% Jain fairness,deterministic,1701,865,11,9,0.0022,0.0018,12863.503692626951,4736,9,1.0
t025_j075,25% throughput + 75% Jain fairness,deterministic,1701,866,198,176,0.0396,0.0352,29328.052780151367,48,2,2.0
t025_j075,25% throughput + 75% Jain fairness,deterministic,1701,867,4,3,0.0008,0.0006,653.6275634765625,4702,3,0.5
t025_j075,25% throughput + 75% Jain fairness,deterministic,1701,868,207,190,0.0414,0.038,50874.01202392578,1,3,2.0
t025_j075,25% throughput + 75% Jain fairness,deterministic,1701,869,1,0,0.0002,0.0,0.0,5000,1,0.5
t025_j075,25% throughput + 75% Jain fairness,deterministic,1701,870,245,216,0.049,0.0432,23236.5439453125,16,1,2.0
t025_j075,25% throughput + 75% Jain fairness,deterministic,1701,871,4,3,0.0008,0.0006,3318.59033203125,4788,8,0.5
t025_j075,25% throughput + 75% Jain fairness,deterministic,1701,872,4,3,0.0008,0.0006,2038.554931640625,4703,6,0.5
t025_j075,25% throughput + 75% Jain fairness,deterministic,1701,873,237,203,0.0474,0.0406,167331.38397216797,57,6,2.0
t025_j075,25% throughput + 75% Jain fairness,deterministic,1701,874,1,0,0.0002,0.0,0.0,5000,1,0.5
t025_j075,25% throughput + 75% Jain fairness,deterministic,1701,875,4,3,0.0008,0.0006,1043.0300903320312,4731,4,0.5
t025_j075,25% throughput + 75% Jain fairness,deterministic,1701,876,10,9,0.002,0.0018,26605.588623046875,4827,14,1.0
t025_j075,25% throughput + 75% Jain fairness,deterministic,1701,877,50,47,0.01,0.0094,47361.29626464844,4257,7,1.0
t025_j075,25% throughput + 75% Jain fairness,deterministic,1701,878,16,15,0.0032,0.003,48955.12481689453,4756,15,1.0
t025_j075,25% throughput + 75% Jain fairness,deterministic,1701,879,42,36,0.0084,0.0072,36054.32012939453,3651,7,1.0
t025_j075,25% throughput + 75% Jain fairness,deterministic,1701,880,7,6,0.0014,0.0012,17737.05908203125,4767,14,0.5
t025_j075,25% throughput + 75% Jain fairness,deterministic,1701,881,672,608,0.1344,0.1216,634897.376953125,41,7,2.0
t025_j075,25% throughput + 75% Jain fairness,deterministic,1701,882,63,57,0.0126,0.0114,100992.6796875,4199,10,1.0
t025_j075,25% throughput + 75% Jain fairness,deterministic,1701,883,2,1,0.0004,0.0002,853.356689453125,4889,7,0.5
t025_j075,25% throughput + 75% Jain fairness,deterministic,1701,884,18,17,0.0036,0.0034,16427.116271972656,4476,7,0.5
t025_j075,25% throughput + 75% Jain fairness,deterministic,1701,885,19,18,0.0038,0.0036,35040.4299621582,4418,11,0.5
t025_j075,25% throughput + 75% Jain fairness,deterministic,1701,886,1590,1438,0.318,0.2876,2300344.98147583,29,10,2.0
t025_j075,25% throughput + 75% Jain fairness,deterministic,1701,887,6,5,0.0012,0.001,16050.860595703123,4798,15,0.5
t025_j075,25% throughput + 75% Jain fairness,deterministic,1701,888,5,4,0.001,0.0008,925.9723815917968,4826,3,1.0
t025_j075,25% throughput + 75% Jain fairness,deterministic,1701,889,1508,1363,0.3016,0.2726,2078672.664276123,0,9,2.0
t025_j075,25% throughput + 75% Jain fairness,deterministic,1701,890,19,18,0.0038,0.0036,34560.424072265625,4418,11,0.5
t025_j075,25% throughput + 75% Jain fairness,deterministic,1701,891,387,343,0.0774,0.0686,781996.508972168,25,12,1.0
t025_j075,25% throughput + 75% Jain fairness,deterministic,1701,892,7,6,0.0014,0.0012,550.1075744628906,4460,1,0.5
t025_j075,25% throughput + 75% Jain fairness,deterministic,1701,893,7,6,0.0014,0.0012,6637.1806640625,4640,8,0.5
t025_j075,25% throughput + 75% Jain fairness,deterministic,1701,894,165,147,0.033,0.0294,90596.90746307372,66,5,1.0
t025_j075,25% throughput + 75% Jain fairness,deterministic,1701,895,1416,1265,0.2832,0.253,2025771.1335754397,0,10,2.0
t025_j075,25% throughput + 75% Jain fairness,deterministic,1701,896,64,62,0.0128,0.0124,36872.30779266357,4303,5,0.5
t025_j075,25% throughput + 75% Jain fairness,deterministic,1701,897,749,680,0.1498,0.136,712339.4965209961,13,7,2.0
t025_j075,25% throughput + 75% Jain fairness,deterministic,1701,898,24,23,0.0048,0.0046,13684.567840576172,4460,5,0.5
t025_j075,25% throughput + 75% Jain fairness,deterministic,1701,899,1394,1268,0.2788,0.2536,1687226.6346435547,12,8,2.0
t025_j075,25% throughput + 75% Jain fairness,deterministic,1701,900,12,10,0.0024,0.002,33706.80725097656,4706,15,1.0
t025_j075,25% throughput + 75% Jain fairness,deterministic,1701,901,11,10,0.0022,0.002,2505.572326660156,4564,3,1.0
t025_j075,25% throughput + 75% Jain fairness,deterministic,1701,902,191,171,0.0382,0.0342,28379.801651000977,7,2,2.0
t025_j075,25% throughput + 75% Jain fairness,deterministic,1701,903,7,6,0.0014,0.0012,13531.30224609375,4741,12,0.5
t025_j075,25% throughput + 75% Jain fairness,deterministic,1701,904,135,117,0.027,0.0234,198434.83547973636,266,10,1.0
t025_j075,25% throughput + 75% Jain fairness,deterministic,1701,905,1625,1460,0.325,0.292,2814754.538330078,0,11,2.0
t025_j075,25% throughput + 75% Jain fairness,deterministic,1701,906,195,176,0.039,0.0352,29192.588333129883,58,2,2.0
t025_j075,25% throughput + 75% Jain fairness,deterministic,1701,907,104,99,0.0208,0.0198,158533.99145507812,3986,9,0.5
t025_j075,25% throughput + 75% Jain fairness,deterministic,1701,908,8,7,0.0016,0.0014,20693.235595703125,4742,14,0.5
t025_j075,25% throughput + 75% Jain fairness,deterministic,1701,909,3,1,0.0006,0.0002,347.6766967773437,4966,4,1.0
t025_j075,25% throughput + 75% Jain fairness,deterministic,1701,910,2,1,0.0004,0.0002,1106.19677734375,4890,8,0.5
t025_j075,25% throughput + 75% Jain fairness,deterministic,1701,911,7,6,0.0014,0.0012,11520.141357421877,4726,11,0.5
t025_j075,25% throughput + 75% Jain fairness,deterministic,1701,912,234,207,0.0468,0.0414,128356.17798614502,30,5,2.0
t025_j075,25% throughput + 75% Jain fairness,deterministic,1701,913,1,0,0.0002,0.0,0.0,5000,12,0.5
t025_j075,25% throughput + 75% Jain fairness,deterministic,1701,914,2,1,0.0004,0.0002,2614.1630859375,4896,13,0.5
t025_j075,25% throughput + 75% Jain fairness,deterministic,1701,915,296,269,0.0592,0.0538,29045.679931640625,19,1,2.0
t025_j075,25% throughput + 75% Jain fairness,deterministic,1701,916,274,250,0.0548,0.05,259420.43359375,1586,7,1.0
t025_j075,25% throughput + 75% Jain fairness,deterministic,1701,917,2,1,0.0004,0.0002,135.46444702148438,4901,2,0.5
t025_j075,25% throughput + 75% Jain fairness,deterministic,1701,918,30,29,0.006,0.0058,4707.389533996582,4372,2,0.5
t025_j075,25% throughput + 75% Jain fairness,deterministic,1701,919,6,5,0.0012,0.001,2534.179229736328,4564,5,0.5
t025_j075,25% throughput + 75% Jain fairness,deterministic,1701,920,2,1,0.0004,0.0002,853.356689453125,4889,7,0.5
t025_j075,25% throughput + 75% Jain fairness,deterministic,1701,921,1707,1501,0.3414,0.3002,4823283.609008789,13,15,2.0
t025_j075,25% throughput + 75% Jain fairness,deterministic,1701,922,16,15,0.0032,0.003,44342.647705078125,4733,14,1.0
t025_j075,25% throughput + 75% Jain fairness,deterministic,1701,923,6,5,0.0012,0.001,2534.179229736328,4564,5,0.5
t025_j075,25% throughput + 75% Jain fairness,deterministic,1701,924,87,81,0.0174,0.0162,83202.27722167969,3927,7,1.0
t025_j075,25% throughput + 75% Jain fairness,deterministic,1701,925,24,23,0.0048,0.0046,5937.117034912109,4404,3,0.5
t025_j075,25% throughput + 75% Jain fairness,deterministic,1701,926,115,100,0.023,0.02,61073.71943664551,291,5,1.0
t025_j075,25% throughput + 75% Jain fairness,deterministic,1701,927,5,4,0.001,0.0008,5562.59619140625,4772,9,0.5
t025_j075,25% throughput + 75% Jain fairness,deterministic,1701,928,6,5,0.0012,0.001,5530.98388671875,4681,8,0.5
t025_j075,25% throughput + 75% Jain fairness,deterministic,1701,929,11,9,0.0022,0.0018,10232.320190429688,4720,8,1.0
t025_j075,25% throughput + 75% Jain fairness,deterministic,1701,930,429,392,0.0858,0.0784,326338.6686401367,0,6,2.0
t025_j075,25% throughput + 75% Jain fairness,deterministic,1701,931,35,34,0.007,0.0068,8932.910034179688,4396,3,0.5
t025_j075,25% throughput + 75% Jain fairness,deterministic,1701,932,11,8,0.0022,0.0016,5775.9056396484375,4114,6,1.0
t025_j075,25% throughput + 75% Jain fairness,deterministic,1701,933,818,744,0.1636,0.1488,776981.2657470703,10,7,2.0
t025_j075,25% throughput + 75% Jain fairness,deterministic,1701,934,7,6,0.0014,0.0012,2086.0601806640625,4455,4,0.5
t025_j075,25% throughput + 75% Jain fairness,deterministic,1701,935,1872,1709,0.3744,0.3418,3856984.9443969727,1,12,2.0
t025_j075,25% throughput + 75% Jain fairness,deterministic,1701,936,12,11,0.0024,0.0022,21120.25915527344,4562,11,0.5
t025_j075,25% throughput + 75% Jain fairness,deterministic,1701,937,1883,1692,0.3766,0.3384,5434821.397705078,0,15,2.0
t025_j075,25% throughput + 75% Jain fairness,deterministic,1701,938,129,117,0.0258,0.0234,72477.52597045898,2588,5,1.0
t025_j075,25% throughput + 75% Jain fairness,deterministic,1701,939,3,2,0.0006,0.0004,2781.298095703125,4848,9,0.5
t025_j075,25% throughput + 75% Jain fairness,deterministic,1701,940,11,10,0.0022,0.002,22552.17041015625,4623,12,0.5
t025_j075,25% throughput + 75% Jain fairness,deterministic,1701,941,15,14,0.003,0.0028,2167.43115234375,4387,2,0.5
t025_j075,25% throughput + 75% Jain fairness,deterministic,1701,942,152,138,0.0304,0.0276,85148.42211914062,343,5,1.0
t025_j075,25% throughput + 75% Jain fairness,deterministic,1701,943,17,16,0.0034,0.0032,26826.180541992188,4487,10,0.5
t025_j075,25% throughput + 75% Jain fairness,deterministic,1701,944,479,437,0.0958,0.0874,683504.007019043,0,9,1.0
t025_j075,25% throughput + 75% Jain fairness,deterministic,1701,945,3,2,0.0006,0.0004,695.3533935546875,4814,4,0.5
t025_j075,25% throughput + 75% Jain fairness,deterministic,1701,946,1798,1625,0.3596,0.325,4251282.718505859,2,13,2.0
t025_j075,25% throughput + 75% Jain fairness,deterministic,1701,947,1469,1316,0.2938,0.2632,2103093.6539611816,4,10,2.0
t025_j075,25% throughput + 75% Jain fairness,deterministic,1701,948,144,125,0.0288,0.025,205930.38592529297,2567,10,1.0
t025_j075,25% throughput + 75% Jain fairness,deterministic,1701,949,11,9,0.0022,0.0018,3824.443664550781,4563,4,1.0
t025_j075,25% throughput + 75% Jain fairness,deterministic,1701,950,63,55,0.0126,0.011,72179.33972167969,3698,8,1.0
t025_j075,25% throughput + 75% Jain fairness,deterministic,1701,951,2049,1855,0.4098,0.371,5957276.910095215,12,15,2.0
t025_j075,25% throughput + 75% Jain fairness,deterministic,1701,952,1997,1819,0.3994,0.3638,5380241.2548828125,0,14,2.0
t025_j075,25% throughput + 75% Jain fairness,deterministic,1701,953,64,57,0.0128,0.0114,184584.89685058597,35,15,1.0
t025_j075,25% throughput + 75% Jain fairness,deterministic,1701,954,8,7,0.0016,0.0014,660.1290893554688,4459,1,0.5
t025_j075,25% throughput + 75% Jain fairness,deterministic,1701,955,5,4,0.001,0.0008,609.5900115966797,4813,2,1.0
t025_j075,25% throughput + 75% Jain fairness,deterministic,1701,956,4,3,0.0008,0.0006,2038.554931640625,4703,6,0.5
t025_j075,25% throughput + 75% Jain fairness,deterministic,1701,957,204,187,0.0408,0.0374,50056.97756958008,12,3,2.0
t025_j075,25% throughput + 75% Jain fairness,deterministic,1701,958,198,179,0.0396,0.0358,29869.910568237305,22,2,2.0
t025_j075,25% throughput + 75% Jain fairness,deterministic,1701,959,11,10,0.0022,0.002,902.1764221191406,4429,1,1.0
t025_j075,25% throughput + 75% Jain fairness,deterministic,1701,960,1815,1628,0.363,0.3256,4814133.452514648,10,14,2.0
t025_j075,25% throughput + 75% Jain fairness,deterministic,1701,961,3,2,0.0006,0.0004,1706.71337890625,4831,7,0.5
t025_j075,25% throughput + 75% Jain fairness,deterministic,1701,962,131,115,0.0262,0.023,117336.54479980467,2742,7,1.0
t025_j075,25% throughput + 75% Jain fairness,deterministic,1701,963,51,44,0.0102,0.0088,26735.59087371826,2503,5,1.0
t025_j075,25% throughput + 75% Jain fairness,deterministic,1701,964,617,557,0.1234,0.1114,582202.6013793945,55,7,2.0
t025_j075,25% throughput + 75% Jain fairness,deterministic,1701,965,2,1,0.0004,0.0002,135.46444702148438,4901,2,0.5
t025_j075,25% throughput + 75% Jain fairness,deterministic,1701,966,26,25,0.0052,0.005,80254.30297851562,4270,15,0.5
t025_j075,25% throughput + 75% Jain fairness,deterministic,1701,967,14,12,0.0028,0.0024,9343.376770019531,4578,6,1.0
t025_j075,25% throughput + 75% Jain fairness,deterministic,1701,968,8,7,0.0016,0.0014,7743.37744140625,4593,8,0.5
t025_j075,25% throughput + 75% Jain fairness,deterministic,1701,969,567,516,0.1134,0.1032,430474.8497314453,54,6,2.0
t025_j075,25% throughput + 75% Jain fairness,deterministic,1701,970,355,330,0.071,0.066,205521.9355316162,198,5,1.0
t025_j075,25% throughput + 75% Jain fairness,deterministic,1701,971,3,2,0.0006,0.0004,4510.43408203125,4859,12,0.5
t025_j075,25% throughput + 75% Jain fairness,deterministic,1701,972,6,5,0.0012,0.001,6953.2452392578125,4733,9,0.5
t025_j075,25% throughput + 75% Jain fairness,deterministic,1701,973,15,14,0.003,0.0028,44942.40966796875,4569,15,0.5
t025_j075,25% throughput + 75% Jain fairness,deterministic,1701,974,24,21,0.0048,0.0042,33532.725677490234,4045,10,1.0
t025_j075,25% throughput + 75% Jain fairness,deterministic,1701,975,68,58,0.0136,0.0116,114721.40768432616,42,11,1.0
t025_j075,25% throughput + 75% Jain fairness,deterministic,1701,976,5,4,0.001,0.0008,12840.6884765625,4822,15,0.5
t025_j075,25% throughput + 75% Jain fairness,deterministic,1701,977,2,1,0.0004,0.0002,853.356689453125,4889,7,0.5
t025_j075,25% throughput + 75% Jain fairness,deterministic,1701,978,3,2,0.0006,0.0004,338.66111755371094,4922,2,1.0
t025_j075,25% throughput + 75% Jain fairness,deterministic,1701,979,9,7,0.0018,0.0014,13440.164916992188,4834,11,1.0
t025_j075,25% throughput + 75% Jain fairness,deterministic,1701,980,214,190,0.0428,0.038,80660.99365234375,14,4,2.0
t025_j075,25% throughput + 75% Jain fairness,deterministic,1701,981,32,27,0.0064,0.0054,26667.39654541016,3854,7,1.0
t025_j075,25% throughput + 75% Jain fairness,deterministic,1701,982,326,286,0.0652,0.0572,470247.1647949219,34,10,1.0
t025_j075,25% throughput + 75% Jain fairness,deterministic,1701,983,251,230,0.0502,0.046,142674.29063415527,344,5,1.0
t025_j075,25% throughput + 75% Jain fairness,deterministic,1701,984,1684,1531,0.3368,0.3062,2951076.2110595703,25,11,2.0
t025_j075,25% throughput + 75% Jain fairness,deterministic,1701,985,4,3,0.0008,0.0006,406.3933410644531,4693,2,0.5
t025_j075,25% throughput + 75% Jain fairness,deterministic,1701,986,3,1,0.0006,0.0002,853.356689453125,4969,7,1.0
t025_j075,25% throughput + 75% Jain fairness,deterministic,1701,987,18,17,0.0036,0.0034,21570.837158203125,4582,8,0.5
t025_j075,25% throughput + 75% Jain fairness,deterministic,1701,988,1,0,0.0002,0.0,0.0,5000,10,0.5
t025_j075,25% throughput + 75% Jain fairness,deterministic,1701,989,14,12,0.0028,0.0024,36213.16229248047,4658,14,1.0
t025_j075,25% throughput + 75% Jain fairness,deterministic,1701,990,321,291,0.0642,0.0582,31466.153259277344,60,1,2.0
t025_j075,25% throughput + 75% Jain fairness,deterministic,1701,991,1,0,0.0002,0.0,0.0,5000,8,0.5
t025_j075,25% throughput + 75% Jain fairness,deterministic,1701,992,1874,1680,0.3748,0.336,5396299.332275391,0,15,2.0
t025_j075,25% throughput + 75% Jain fairness,deterministic,1701,993,166,148,0.0332,0.0296,196903.0263671875,2684,8,1.0
t025_j075,25% throughput + 75% Jain fairness,deterministic,1701,994,4,3,0.0008,0.0006,2560.070068359375,4773,7,0.5
t025_j075,25% throughput + 75% Jain fairness,deterministic,1701,995,276,246,0.0552,0.0492,484325.9429016113,1579,11,1.0
t025_j075,25% throughput + 75% Jain fairness,deterministic,1701,996,10,9,0.002,0.0018,6625.303527832031,4474,6,0.5
t025_j075,25% throughput + 75% Jain fairness,deterministic,1701,997,127,111,0.0254,0.0222,290825.6433105469,2105,13,1.0
t025_j075,25% throughput + 75% Jain fairness,deterministic,1701,998,14,13,0.0028,0.0026,2031.9667053222656,4468,2,0.5
t025_j075,25% throughput + 75% Jain fairness,deterministic,1701,999,2,1,0.0004,0.0002,88.0172119140625,4884,1,0.5
t025_j075,25% throughput + 75% Jain fairness,deterministic,1701,1000,473,436,0.0946,0.0872,456332.4896850586,22,7,1.0
t025_j075,25% throughput + 75% Jain fairness,deterministic,1701,1001,25,19,0.005,0.0038,23230.13232421875,4024,8,1.0
t025_j075,25% throughput + 75% Jain fairness,deterministic,1701,1002,11,10,0.0022,0.002,1523.9750289916992,4471,2,0.5
t025_j075,25% throughput + 75% Jain fairness,deterministic,1701,1003,91,87,0.0182,0.0174,172322.11447143555,4041,11,0.5
t025_j075,25% throughput + 75% Jain fairness,deterministic,1701,1004,9,8,0.0018,0.0016,1185.3139114379885,4473,2,0.5
t025_j075,25% throughput + 75% Jain fairness,deterministic,1701,1005,1913,1716,0.3826,0.3432,5512668.071594238,5,15,2.0
t025_j075,25% throughput + 75% Jain fairness,deterministic,1701,1006,380,348,0.076,0.0696,289304.92071533203,216,6,1.0
t025_j075,25% throughput + 75% Jain fairness,deterministic,1701,1007,3,2,0.0006,0.0004,3840.047119140625,4855,11,0.5
t025_j075,25% throughput + 75% Jain fairness,deterministic,1701,1008,222,200,0.0444,0.04,265763.77575683594,2148,8,1.0
t025_j075,25% throughput + 75% Jain fairness,deterministic,1701,1009,10,9,0.002,0.0018,23527.4677734375,4811,13,1.0
t025_j075,25% throughput + 75% Jain fairness,deterministic,1701,1010,230,204,0.046,0.0408,127215.79733276369,0,5,2.0
t025_j075,25% throughput + 75% Jain fairness,deterministic,1701,1011,20,19,0.004,0.0038,56167.353759765625,4663,14,1.0
t025_j075,25% throughput + 75% Jain fairness,deterministic,1701,1012,5,4,0.001,0.0008,925.9723815917968,4826,3,1.0
t025_j075,25% throughput + 75% Jain fairness,deterministic,1701,1013,413,383,0.0826,0.0766,41544.1240234375,58,1,2.0
t025_j075,25% throughput + 75% Jain fairness,deterministic,1701,1014,12,10,0.0024,0.002,33706.80725097656,4706,15,1.0
t025_j075,25% throughput + 75% Jain fairness,deterministic,1701,1015,1877,1682,0.3754,0.3364,4974506.028381348,0,14,2.0
t025_j075,25% throughput + 75% Jain fairness,deterministic,1701,1016,78,72,0.0156,0.0144,30421.710968017574,2152,4,1.0
t025_j075,25% throughput + 75% Jain fairness,deterministic,1701,1017,4,3,0.0008,0.0006,6765.651123046875,4828,12,0.5
t025_j075,25% throughput + 75% Jain fairness,deterministic,1701,1018,423,383,0.0846,0.0766,601455.7131958008,103,9,1.0
t025_j075,25% throughput + 75% Jain fairness,deterministic,1701,1019,5,4,0.001,0.0008,5562.59619140625,4772,9,0.5
t025_j075,25% throughput + 75% Jain fairness,deterministic,1701,1020,2,1,0.0004,0.0002,2614.1630859375,4896,13,0.5
t025_j075,25% throughput + 75% Jain fairness,deterministic,1701,1021,118,109,0.0236,0.0218,350711.3040161133,2284,15,1.0
t025_j075,25% throughput + 75% Jain fairness,deterministic,1701,1022,1,0,0.0002,0.0,0.0,5000,7,0.5
t025_j075,25% throughput + 75% Jain fairness,deterministic,1701,1023,277,250,0.0554,0.05,331859.033203125,1449,8,1.0
t025_j075,25% throughput + 75% Jain fairness,deterministic,1701,1024,8,7,0.0016,0.0014,9734.543334960938,4656,9,0.5
t025_j075,25% throughput + 75% Jain fairness,deterministic,1701,1025,202,186,0.0404,0.0372,31021.35836791992,45,2,2.0
t025_j075,25% throughput + 75% Jain fairness,deterministic,1701,1026,3,2,0.0006,0.0004,1013.6716918945312,4806,5,0.5
t025_j075,25% throughput + 75% Jain fairness,deterministic,1701,1027,15,14,0.003,0.0028,20859.73571777344,4531,9,0.5
t025_j075,25% throughput + 75% Jain fairness,deterministic,1701,1028,54,50,0.0108,0.01,81352.9692993164,4257,9,0.5
t025_j075,25% throughput + 75% Jain fairness,deterministic,1701,1029,847,782,0.1694,0.1564,820289.1177368164,20,7,2.0
t025_j075,25% throughput + 75% Jain fairness,deterministic,1701,1030,1599,1421,0.3198,0.2842,3209173.8493652344,27,12,2.0
t025_j075,25% throughput + 75% Jain fairness,deterministic,1701,1031,4,3,0.0008,0.0006,474.1255645751953,4860,2,1.0
t025_j075,25% throughput + 75% Jain fairness,deterministic,1701,1032,20,19,0.004,0.0038,14949.40283203125,4464,6,0.5
t025_j075,25% throughput + 75% Jain fairness,deterministic,1701,1033,35,34,0.007,0.0068,14254.744567871094,4427,4,0.5
t025_j075,25% throughput + 75% Jain fairness,deterministic,1701,1034,15,13,0.003,0.0026,42534.78057861328,4659,15,1.0
t025_j075,25% throughput + 75% Jain fairness,deterministic,1701,1035,60,54,0.012,0.0108,33451.16583251953,3993,5,1.0
t025_j075,25% throughput + 75% Jain fairness,deterministic,1701,1036,36,32,0.0072,0.0064,31787.536682128903,4179,7,1.0
t025_j075,25% throughput + 75% Jain fairness,deterministic,1701,1037,1808,1636,0.3616,0.3272,4280038.512451172,13,13,2.0
t025_j075,25% throughput + 75% Jain fairness,deterministic,1701,1038,4,3,0.0008,0.0006,3318.59033203125,4787,8,0.5
t025_j075,25% throughput + 75% Jain fairness,deterministic,1701,1039,35,34,0.007,0.0068,3630.709991455078,4432,1,0.5
t025_j075,25% throughput + 75% Jain fairness,deterministic,1701,1040,36,35,0.0072,0.007,5452.443992614746,4445,2,0.5
t025_j075,25% throughput + 75% Jain fairness,deterministic,1701,1041,19,14,0.0038,0.0028,13867.04620361328,3981,7,1.0
t025_j075,25% throughput + 75% Jain fairness,deterministic,1701,1042,23,22,0.0046,0.0044,70623.78662109375,4637,15,1.0
t025_j075,25% throughput + 75% Jain fairness,deterministic,1701,1043,209,191,0.0418,0.0382,198192.09112548828,2248,7,1.0
t025_j075,25% throughput + 75% Jain fairness,deterministic,1701,1044,1863,1682,0.3726,0.3364,4975245.072509766,0,14,2.0
t025_j075,25% throughput + 75% Jain fairness,deterministic,1701,1045,1,0,0.0002,0.0,0.0,5000,10,0.5
t025_j075,25% throughput + 75% Jain fairness,deterministic,1701,1046,5,4,0.001,0.0008,3413.4267578125,4704,7,0.5
t025_j075,25% throughput + 75% Jain fairness,deterministic,1701,1047,9,8,0.0018,0.0016,18041.736328125,4822,12,1.0
t025_j075,25% throughput + 75% Jain fairness,deterministic,1701,1048,12,11,0.0024,0.0022,1693.3055877685547,4469,2,0.5
t025_j075,25% throughput + 75% Jain fairness,deterministic,1701,1049,62,56,0.0124,0.0112,45697.606384277344,3896,6,1.0
t025_j075,25% throughput + 75% Jain fairness,deterministic,1701,1050,13,11,0.0026,0.0022,8324.099304199219,4614,6,1.0
t025_j075,25% throughput + 75% Jain fairness,deterministic,1701,1051,17,16,0.0034,0.0032,6432.018890380859,4445,4,0.5
t025_j075,25% throughput + 75% Jain fairness,deterministic,1701,1052,331,296,0.0662,0.0592,308275.1040649414,219,7,1.0
t025_j075,25% throughput + 75% Jain fairness,deterministic,1701,1053,12,11,0.0024,0.0022,28755.7939453125,4774,13,1.0
t025_j075,25% throughput + 75% Jain fairness,deterministic,1701,1054,2,1,0.0004,0.0002,506.8358459472656,4910,5,0.5
t025_j075,25% throughput + 75% Jain fairness,deterministic,1701,1055,461,422,0.0922,0.0844,545908.1096191406,145,8,1.0
t025_j075,25% throughput + 75% Jain fairness,deterministic,1701,1056,5,4,0.001,0.0008,12840.6884765625,4822,15,0.5
t025_j075,25% throughput + 75% Jain fairness,deterministic,1701,1057,16,15,0.0032,0.003,24853.667266845703,4486,10,0.5
t025_j075,25% throughput + 75% Jain fairness,deterministic,1701,1058,11,10,0.0022,0.002,9173.584411621094,4503,7,0.5
t025_j075,25% throughput + 75% Jain fairness,deterministic,1701,1059,12,11,0.0024,0.0022,13274.361328125,4571,8,0.5
t025_j075,25% throughput + 75% Jain fairness,deterministic,1701,1060,201,181,0.0402,0.0362,356164.37030029297,2555,11,1.0
t025_j075,25% throughput + 75% Jain fairness,deterministic,1701,1061,5,4,0.001,0.0008,9020.8681640625,4799,12,0.5
t025_j075,25% throughput + 75% Jain fairness,deterministic,1701,1062,1,0,0.0002,0.0,0.0,5000,12,0.5
t025_j075,25% throughput + 75% Jain fairness,deterministic,1701,1063,110,99,0.022,0.0198,192002.35595703125,1238,11,1.0
t025_j075,25% throughput + 75% Jain fairness,deterministic,1701,1064,4,3,0.0008,0.0006,6765.651123046875,4828,12,0.5
t025_j075,25% throughput + 75% Jain fairness,deterministic,1701,1065,2,1,0.0004,0.0002,1390.6490478515625,4891,9,0.5
t025_j075,25% throughput + 75% Jain fairness,deterministic,1701,1066,1707,1516,0.3414,0.3032,4483041.682983398,28,14,2.0
t025_j075,25% throughput + 75% Jain fairness,deterministic,1701,1067,1,0,0.0002,0.0,0.0,5000,1,0.5
t025_j075,25% throughput + 75% Jain fairness,deterministic,1701,1068,11,10,0.0022,0.002,990.1936340332032,4456,1,0.5
t025_j075,25% throughput + 75% Jain fairness,deterministic,1701,1069,40,33,0.008,0.0066,43141.67431640625,3492,8,1.0
t025_j075,25% throughput + 75% Jain fairness,deterministic,1701,1070,144,128,0.0288,0.0256,209480.90982055664,2460,10,1.0
t025_j075,25% throughput + 75% Jain fairness,deterministic,1701,1071,1816,1644,0.3632,0.3288,4300298.276367188,0,13,2.0
t025_j075,25% throughput + 75% Jain fairness,deterministic,1701,1072,622,560,0.1244,0.112,584976.0106201172,0,7,2.0
t025_j075,25% throughput + 75% Jain fairness,deterministic,1701,1073,106,103,0.0212,0.0206,17237.850883483887,4158,2,1.0
t025_j075,25% throughput + 75% Jain fairness,deterministic,1701,1074,15,12,0.003,0.0024,23520.288604736328,993,11,1.0
t025_j075,25% throughput + 75% Jain fairness,deterministic,1701,1075,348,317,0.0696,0.0634,263653.1044921875,39,6,2.0
t025_j075,25% throughput + 75% Jain fairness,deterministic,1701,1076,2,1,0.0004,0.0002,88.0172119140625,4959,1,1.0
t025_j075,25% throughput + 75% Jain fairness,deterministic,1701,1077,8,7,0.0016,0.0014,22471.20483398437,4750,15,0.5
t025_j075,25% throughput + 75% Jain fairness,deterministic,1701,1078,215,196,0.043,0.0392,83616.24557495117,20,4,2.0
t025_j075,25% throughput + 75% Jain fairness,deterministic,1701,1079,89,81,0.0178,0.0162,49923.330825805664,2632,5,1.0
t025_j075,25% throughput + 75% Jain fairness,deterministic,1701,1080,216,192,0.0432,0.0384,81704.02374267578,7,4,2.0
t025_j075,25% throughput + 75% Jain fairness,deterministic,1701,1081,9,8,0.0018,0.0016,18041.736328125,4680,12,0.5
t025_j075,25% throughput + 75% Jain fairness,deterministic,1701,1082,17,16,0.0034,0.0032,4030.7033081054688,4413,3,0.5
t025_j075,25% throughput + 75% Jain fairness,deterministic,1701,1083,6,4,0.0012,0.0008,2718.0732421875,4863,6,1.0
t025_j075,25% throughput + 75% Jain fairness,deterministic,1701,1084,1676,1509,0.3352,0.3018,3404813.92767334,0,12,2.0
t025_j075,25% throughput + 75% Jain fairness,deterministic,1701,1085,294,262,0.0588,0.0524,411632.1181640625,325,9,1.0
t025_j075,25% throughput + 75% Jain fairness,deterministic,1701,1086,1938,1763,0.3876,0.3526,5215434.4142456055,0,14,2.0
t025_j075,25% throughput + 75% Jain fairness,deterministic,1701,1087,9,8,0.0018,0.0016,1185.3139114379885,4471,2,0.5
t025_j075,25% throughput + 75% Jain fairness,deterministic,1701,1088,166,151,0.0332,0.0302,446382.6535644531,684,14,1.0
t025_j075,25% throughput + 75% Jain fairness,deterministic,1701,1089,1467,1315,0.2934,0.263,2111378.209716797,1,10,2.0
t025_j075,25% throughput + 75% Jain fairness,deterministic,1701,1090,233,212,0.0466,0.0424,412805.0653076172,24,11,1.0
t025_j075,25% throughput + 75% Jain fairness,deterministic,1701,1091,10,9,0.002,0.0018,23527.4677734375,4811,13,1.0
t025_j075,25% throughput + 75% Jain fairness,deterministic,1701,1092,14,12,0.0028,0.0024,39324.608459472656,4661,15,1.0
t025_j075,25% throughput + 75% Jain fairness,deterministic,1701,1093,1859,1675,0.3718,0.335,4953812.7927856445,24,14,2.0
t025_j075,25% throughput + 75% Jain fairness,deterministic,1701,1094,2,1,0.0004,0.0002,217.8758544921875,4903,3,0.5
t025_j075,25% throughput + 75% Jain fairness,deterministic,1701,1095,27,26,0.0054,0.0052,4097.799522399902,4324,2,1.0
t025_j075,25% throughput + 75% Jain fairness,deterministic,1701,1096,538,496,0.1076,0.0992,793017.6195373535,97,9,1.0
t025_j075,25% throughput + 75% Jain fairness,deterministic,1701,1097,204,189,0.0408,0.0378,31597.08226776123,39,2,2.0
t025_j075,25% throughput + 75% Jain fairness,deterministic,1701,1098,92,84,0.0184,0.0168,69990.38598632812,3726,6,1.0
t025_j075,25% throughput + 75% Jain fairness,deterministic,1701,1099,32,30,0.0064,0.006,67656.51123046875,4308,12,1.0
t025_j075,25% throughput + 75% Jain fairness,deterministic,1701,1100,664,600,0.1328,0.12,626363.8100585938,29,7,2.0
t025_j075,25% throughput + 75% Jain fairness,deterministic,1701,1101,1722,1553,0.3444,0.3106,3503479.673217773,2,12,2.0
t025_j075,25% throughput + 75% Jain fairness,deterministic,1701,1102,12,11,0.0024,0.0022,10240.2802734375,4502,7,0.5
t025_j075,25% throughput + 75% Jain fairness,deterministic,1701,1103,137,120,0.0274,0.024,235682.89193725583,1211,11,1.0
t025_j075,25% throughput + 75% Jain fairness,deterministic,1701,1104,93,81,0.0186,0.0162,132111.65954589844,3053,9,1.0
t025_j075,25% throughput + 75% Jain fairness,deterministic,1701,1105,40,36,0.008,0.0072,45354.06787109375,4252,8,1.0
t025_j075,25% throughput + 75% Jain fairness,deterministic,1701,1106,1,0,0.0002,0.0,0.0,5000,2,0.5
t025_j075,25% throughput + 75% Jain fairness,deterministic,1701,1107,15,14,0.003,0.0028,2201.297264099121,4464,2,0.5
t025_j075,25% throughput + 75% Jain fairness,deterministic,1701,1108,57,49,0.0114,0.0098,39921.700744628906,3734,6,1.0
t025_j075,25% throughput + 75% Jain fairness,deterministic,1701,1109,13,9,0.0026,0.0018,6795.18310546875,3784,6,1.0
t025_j075,25% throughput + 75% Jain fairness,deterministic,1701,1110,4,3,0.0008,0.0006,6765.651123046875,4827,12,0.5
t025_j075,25% throughput + 75% Jain fairness,deterministic,1701,1111,4,3,0.0008,0.0006,440.2594528198242,4857,2,1.0
t025_j075,25% throughput + 75% Jain fairness,deterministic,1701,1112,14,13,0.0028,0.0026,1210.2366638183594,4368,1,1.0
t025_j075,25% throughput + 75% Jain fairness,deterministic,1701,1113,2,1,0.0004,0.0002,2255.217041015625,4894,12,0.5
t025_j075,25% throughput + 75% Jain fairness,deterministic,1701,1114,237,213,0.0474,0.0426,132410.86475372314,10,5,2.0
t025_j075,25% throughput + 75% Jain fairness,deterministic,1701,1115,18,17,0.0036,0.0034,6866.614761352539,4342,4,1.0
t025_j075,25% throughput + 75% Jain fairness,deterministic,1701,1116,5,4,0.001,0.0008,5562.59619140625,4770,9,0.5
t025_j075,25% throughput + 75% Jain fairness,deterministic,1701,1117,361,317,0.0722,0.0634,262463.94744873047,18,6,2.0
t025_j075,25% throughput + 75% Jain fairness,deterministic,1701,1118,21,20,0.0042,0.004,38880.47708129883,4418,11,0.5
t025_j075,25% throughput + 75% Jain fairness,deterministic,1701,1119,135,117,0.027,0.0234,155973.74560546875,1899,8,1.0
t025_j075,25% throughput + 75% Jain fairness,deterministic,1701,1120,192,173,0.0384,0.0346,143038.6043701172,2039,6,1.0
t025_j075,25% throughput + 75% Jain fairness,deterministic,1701,1121,17,16,0.0034,0.0032,51362.75390625,4518,15,0.5
t025_j075,25% throughput + 75% Jain fairness,deterministic,1701,1122,1169,1045,0.2338,0.209,1391595.5458984375,27,8,2.0
t025_j075,25% throughput + 75% Jain fairness,deterministic,1701,1123,1217,1098,0.2434,0.2196,1473730.656616211,0,8,2.0
t025_j075,25% throughput + 75% Jain fairness,deterministic,1701,1124,475,443,0.095,0.0886,709231.0144042969,1250,9,1.0
t025_j075,25% throughput + 75% Jain fairness,deterministic,1701,1125,14,13,0.0028,0.0026,5041.312103271484,4448,4,0.5
t025_j075,25% throughput + 75% Jain fairness,deterministic,1701,1126,2,1,0.0004,0.0002,1578.0106201171875,4892,10,0.5
t025_j075,25% throughput + 75% Jain fairness,deterministic,1701,1127,1804,1634,0.3608,0.3268,3688407.470581055,13,12,2.0
t025_j075,25% throughput + 75% Jain fairness,deterministic,1701,1128,1779,1605,0.3558,0.321,4197038.834472656,0,13,2.0
t025_j075,25% throughput + 75% Jain fairness,deterministic,1701,1129,200,186,0.04,0.0372,192431.9334716797,2950,7,1.0
t025_j075,25% throughput + 75% Jain fairness,deterministic,1701,1130,9,8,0.0018,0.0016,23649.412109375,4716,14,0.5
t025_j075,25% throughput + 75% Jain fairness,deterministic,1701,1131,26,24,0.0052,0.0048,62739.9140625,4531,13,1.0
t025_j075,25% throughput + 75% Jain fairness,deterministic,1701,1132,18,17,0.0036,0.0034,6779.695587158203,4444,4,0.5
t025_j075,25% throughput + 75% Jain fairness,deterministic,1701,1133,379,349,0.0758,0.0698,37803.39251708984,3,1,2.0
t025_j075,25% throughput + 75% Jain fairness,deterministic,1701,1134,19,18,0.0038,0.0036,57783.09814453125,4461,15,0.5
t025_j075,25% throughput + 75% Jain fairness,deterministic,1701,1135,1272,1148,0.2544,0.2296,1533741.8317871094,0,8,2.0
t025_j075,25% throughput + 75% Jain fairness,deterministic,1701,1136,8,7,0.0016,0.0014,20693.235595703125,4742,14,0.5
t025_j075,25% throughput + 75% Jain fairness,deterministic,1701,1137,317,287,0.0634,0.0574,31004.06289672852,0,1,2.0
t025_j075,25% throughput + 75% Jain fairness,deterministic,1701,1138,202,182,0.0404,0.0364,297455.00189208984,15,10,1.0
t025_j075,25% throughput + 75% Jain fairness,deterministic,1701,1139,24,23,0.0048,0.0046,2420.4733276367188,4443,1,0.5
t025_j075,25% throughput + 75% Jain fairness,deterministic,1701,1140,7,6,0.0014,0.0012,1307.255126953125,4424,3,0.5
t025_j075,25% throughput + 75% Jain fairness,deterministic,1701,1141,273,247,0.0546,0.0494,255580.3284912109,1372,7,1.0
t025_j075,25% throughput + 75% Jain fairness,deterministic,1701,1142,1812,1647,0.3624,0.3294,3716597.68359375,0,12,2.0
t025_j075,25% throughput + 75% Jain fairness,deterministic,1701,1143,5,4,0.001,0.0008,12840.6884765625,4821,15,0.5
t025_j075,25% throughput + 75% Jain fairness,deterministic,1701,1144,4,3,0.0008,0.0006,6765.651123046875,4827,12,0.5
t025_j075,25% throughput + 75% Jain fairness,deterministic,1701,1145,1331,1192,0.2662,0.2384,1808539.086730957,13,9,2.0
t025_j075,25% throughput + 75% Jain fairness,deterministic,1701,1146,1938,1747,0.3876,0.3494,5609775.778198242,4,15,2.0
t025_j075,25% throughput + 75% Jain fairness,deterministic,1701,1147,2,1,0.0004,0.0002,1920.0235595703125,4893,11,0.5
t025_j075,25% throughput + 75% Jain fairness,deterministic,1701,1148,267,243,0.0534,0.0486,252593.580078125,1316,7,1.0
t025_j075,25% throughput + 75% Jain fairness,deterministic,1701,1149,1862,1675,0.3724,0.335,4956029.925170898,0,14,2.0
t025_j075,25% throughput + 75% Jain fairness,deterministic,1701,1150,146,132,0.0292,0.0264,172013.59887695312,2938,8,1.0
t025_j075,25% throughput + 75% Jain fairness,deterministic,1701,1151,1606,1440,0.3212,0.288,3249203.9518432617,19,12,2.0
t025_j075,25% throughput + 75% Jain fairness,deterministic,1701,1152,1837,1662,0.3674,0.3324,4348006.752685547,6,13,2.0
t025_j075,25% throughput + 75% Jain fairness,deterministic,1701,1153,4,3,0.0008,0.0006,4734.0318603515625,4816,10,0.5
t025_j075,25% throughput + 75% Jain fairness,deterministic,1701,1154,1490,1340,0.298,0.268,2148461.459289551,8,10,2.0
t025_j075,25% throughput + 75% Jain fairness,deterministic,1701,1155,304,283,0.0608,0.0566,453351.5895996094,2476,9,1.0
t025_j075,25% throughput + 75% Jain fairness,deterministic,1701,1156,8,7,0.0016,0.0014,1688.5378723144531,4698,3,1.0
t025_j075,25% throughput + 75% Jain fairness,deterministic,1701,1157,23,22,0.0046,0.0044,13177.731994628906,4483,5,0.5
t025_j075,25% throughput + 75% Jain fairness,deterministic,1701,1158,297,266,0.0594,0.0532,28671.60678100586,9,1,2.0
t025_j075,25% throughput + 75% Jain fairness,deterministic,1701,1159,95,89,0.019,0.0178,38070.59829711914,3810,4,1.0
t025_j075,25% throughput + 75% Jain fairness,deterministic,1701,1160,22,21,0.0044,0.0042,8604.998245239258,4439,4,0.5
t025_j075,25% throughput + 75% Jain fairness,deterministic,1701,1161,26,25,0.0052,0.005,3928.468963623047,4453,2,0.5
t025_j075,25% throughput + 75% Jain fairness,deterministic,1701,1162,1564,1422,0.3128,0.2844,2271546.2876586914,0,10,2.0
t025_j075,25% throughput + 75% Jain fairness,deterministic,1701,1163,5,4,0.001,0.0008,3413.4267578125,4703,7,0.5
t025_j075,25% throughput + 75% Jain fairness,deterministic,1701,1164,68,60,0.0136,0.012,76604.12683105469,3564,8,1.0
t025_j075,25% throughput + 75% Jain fairness,deterministic,1701,1165,192,172,0.0384,0.0344,28650.730545043945,72,2,2.0
t025_j075,25% throughput + 75% Jain fairness,deterministic,1701,1166,17,15,0.0034,0.003,28800.353393554688,4637,11,1.0
t025_j075,25% throughput + 75% Jain fairness,deterministic,1701,1167,5,4,0.001,0.0008,1390.706787109375,4646,4,0.5
t025_j075,25% throughput + 75% Jain fairness,deterministic,1701,1168,76,68,0.0152,0.0136,177763.08984375,2931,13,1.0
t025_j075,25% throughput + 75% Jain fairness,deterministic,1701,1169,315,279,0.063,0.0558,30035.873565673828,76,1,2.0
t025_j075,25% throughput + 75% Jain fairness,deterministic,1701,1170,10,9,0.002,0.0018,20296.953369140625,4653,12,0.5
t025_j075,25% throughput + 75% Jain fairness,deterministic,1701,1171,20,19,0.004,0.0038,1870.365753173828,4362,1,1.0
t025_j075,25% throughput + 75% Jain fairness,deterministic,1701,1172,151,132,0.0302,0.0264,80967.02639007568,339,5,1.0
t025_j075,25% throughput + 75% Jain fairness,deterministic,1701,1173,322,288,0.0644,0.0576,297821.4846191406,295,7,1.0
t025_j075,25% throughput + 75% Jain fairness,deterministic,1701,1174,27,24,0.0054,0.0048,77846.67388916016,4479,15,1.0
t025_j075,25% throughput + 75% Jain fairness,deterministic,1701,1175,103,95,0.0206,0.019,214245.6188964844,3657,12,0.5
t025_j075,25% throughput + 75% Jain fairness,deterministic,1701,1176,2,1,0.0004,0.0002,347.6766967773437,4917,4,0.5
t025_j075,25% throughput + 75% Jain fairness,deterministic,1701,1177,38,36,0.0076,0.0072,34560.94592285156,4333,7,0.5
t025_j075,25% throughput + 75% Jain fairness,deterministic,1701,1178,63,57,0.0126,0.0114,59308.28991699219,3867,7,1.0
t025_j075,25% throughput + 75% Jain fairness,deterministic,1701,1179,5,3,0.001,0.0006,708.0965270996094,4313,3,1.0
t025_j075,25% throughput + 75% Jain fairness,deterministic,1701,1180,1,0,0.0002,0.0,0.0,5000,7,0.5
t025_j075,25% throughput + 75% Jain fairness,deterministic,1701,1181,273,250,0.0546,0.05,155091.76885986328,698,5,1.0
t025_j075,25% throughput + 75% Jain fairness,deterministic,1701,1182,70,61,0.014,0.0122,60161.64660644531,3398,7,1.0
t025_j075,25% throughput + 75% Jain fairness,deterministic,1701,1183,11,10,0.0022,0.002,9173.584411621094,4485,7,0.5
t025_j075,25% throughput + 75% Jain fairness,deterministic,1701,1184,18,17,0.0036,0.0034,28798.693817138672,4484,10,0.5
t025_j075,25% throughput + 75% Jain fairness,deterministic,1701,1185,7,4,0.0014,0.0008,5910.258453369141,4789,9,1.0
t025_j075,25% throughput + 75% Jain fairness,deterministic,1701,1186,1394,1263,0.2788,0.2526,1686673.5362548828,11,8,2.0
t025_j075,25% throughput + 75% Jain fairness,deterministic,1701,1187,14,13,0.0028,0.0026,19121.424407958984,4531,9,0.5
t025_j075,25% throughput + 75% Jain fairness,deterministic,1701,1188,429,392,0.0858,0.0784,519359.3869628906,109,8,1.0
t025_j075,25% throughput + 75% Jain fairness,deterministic,1701,1189,1,0,0.0002,0.0,0.0,5000,13,0.5
t025_j075,25% throughput + 75% Jain fairness,deterministic,1701,1190,8,7,0.0016,0.0014,5973.496826171875,4488,7,0.5
t025_j075,25% throughput + 75% Jain fairness,deterministic,1701,1191,5,4,0.001,0.0008,1390.706787109375,4646,4,0.5
t025_j075,25% throughput + 75% Jain fairness,deterministic,1701,1192,1508,1368,0.3016,0.2736,2053293.319152832,27,9,2.0
t025_j075,25% throughput + 75% Jain fairness,deterministic,1701,1193,16,15,0.0032,0.003,28800.353393554688,4421,11,0.5
t025_j075,25% throughput + 75% Jain fairness,deterministic,1701,1194,1,0,0.0002,0.0,0.0,5000,13,0.5
t025_j075,25% throughput + 75% Jain fairness,deterministic,1701,1195,19,18,0.0038,0.0036,2844.753387451172,4460,2,0.5
t025_j075,25% throughput + 75% Jain fairness,deterministic,1701,1196,6,5,0.0012,0.001,440.0860595703125,4731,1,1.0
t025_j075,25% throughput + 75% Jain fairness,deterministic,1701,1197,1,0,0.0002,0.0,0.0,5000,9,0.5
t025_j075,25% throughput + 75% Jain fairness,deterministic,1701,1198,17,13,0.0034,0.0026,11733.654479980469,4073,7,1.0
t025_j075,25% throughput + 75% Jain fairness,deterministic,1701,1199,8,7,0.0016,0.0014,15786.519287109377,4843,12,1.0
t025_j075,25% throughput + 75% Jain fairness,stochastic,1701,0,278,248,0.0556,0.0496,418961.8196411133,4,10,2.0
t025_j075,25% throughput + 75% Jain fairness,stochastic,1701,1,270,236,0.054,0.0472,663997.423828125,10,13,2.0
t025_j075,25% throughput + 75% Jain fairness,stochastic,1701,2,221,205,0.0442,0.041,582304.8273925781,14,13,0.5
t025_j075,25% throughput + 75% Jain fairness,stochastic,1701,3,283,257,0.0566,0.0514,794472.4380493164,33,14,0.5
t025_j075,25% throughput + 75% Jain fairness,stochastic,1701,4,248,222,0.0496,0.0444,21344.17388916016,31,1,0.5
t025_j075,25% throughput + 75% Jain fairness,stochastic,1701,5,242,215,0.0484,0.043,118092.75210571288,6,5,1.0
t025_j075,25% throughput + 75% Jain fairness,stochastic,1701,6,241,217,0.0482,0.0434,50982.94995117188,42,3,0.5
t025_j075,25% throughput + 75% Jain fairness,stochastic,1701,7,297,262,0.0594,0.0524,872364.2733764648,6,15,0.5
t025_j075,25% throughput + 75% Jain fairness,stochastic,1701,8,262,232,0.0524,0.0464,344185.6393432617,9,9,1.0
t025_j075,25% throughput + 75% Jain fairness,stochastic,1701,9,282,248,0.0564,0.0496,58118.384185791016,6,3,2.0
t025_j075,25% throughput + 75% Jain fairness,stochastic,1701,10,248,223,0.0496,0.0446,269358.9152832031,5,8,2.0
t025_j075,25% throughput + 75% Jain fairness,stochastic,1701,11,235,215,0.047,0.043,251659.76684570312,72,8,0.5
t025_j075,25% throughput + 75% Jain fairness,stochastic,1701,12,290,253,0.058,0.0506,366436.0241088867,26,9,1.0
t025_j075,25% throughput + 75% Jain fairness,stochastic,1701,13,236,212,0.0472,0.0424,20331.97595214844,8,1,0.5
t025_j075,25% throughput + 75% Jain fairness,stochastic,1701,14,290,266,0.058,0.0532,647247.2907714844,16,12,1.0
t025_j075,25% throughput + 75% Jain fairness,stochastic,1701,15,266,236,0.0532,0.0472,389768.6231689453,37,10,0.5
t025_j075,25% throughput + 75% Jain fairness,stochastic,1701,16,237,217,0.0474,0.0434,257190.75073242188,17,8,1.0
t025_j075,25% throughput + 75% Jain fairness,stochastic,1701,17,277,259,0.0554,0.0518,191114.5248413086,47,6,1.0
t025_j075,25% throughput + 75% Jain fairness,stochastic,1701,18,286,256,0.0572,0.0512,306969.6057128906,38,8,2.0
t025_j075,25% throughput + 75% Jain fairness,stochastic,1701,19,300,271,0.06,0.0542,849161.7035522461,5,14,1.0
t025_j075,25% throughput + 75% Jain fairness,stochastic,1701,20,257,227,0.0514,0.0454,697657.6572265625,10,14,1.0
t025_j075,25% throughput + 75% Jain fairness,stochastic,1701,21,270,240,0.054,0.048,658115.5568847656,56,13,0.5
t025_j075,25% throughput + 75% Jain fairness,stochastic,1701,22,241,215,0.0482,0.043,50111.446533203125,53,3,0.5
t025_j075,25% throughput + 75% Jain fairness,stochastic,1701,23,266,237,0.0532,0.0474,22136.32879638672,32,1,1.0
t025_j075,25% throughput + 75% Jain fairness,stochastic,1701,24,258,231,0.0516,0.0462,33730.64730834961,1,2,2.0
t025_j075,25% throughput + 75% Jain fairness,stochastic,1701,25,220,196,0.044,0.0392,72229.83375549316,22,4,0.5
t025_j075,25% throughput + 75% Jain fairness,stochastic,1701,26,268,234,0.0536,0.0468,792912.5134277344,3,15,1.0
t025_j075,25% throughput + 75% Jain fairness,stochastic,1701,27,268,242,0.0536,0.0484,176504.88116455078,7,6,2.0
t025_j075,25% throughput + 75% Jain fairness,stochastic,1701,28,227,201,0.0454,0.0402,47115.65353393555,7,3,0.5
t025_j075,25% throughput + 75% Jain fairness,stochastic,1701,29,250,223,0.05,0.0446,51691.046478271484,4,3,0.5
t025_j075,25% throughput + 75% Jain fairness,stochastic,1701,30,254,236,0.0508,0.0472,34780.49677276611,18,2,1.0
t025_j075,25% throughput + 75% Jain fairness,stochastic,1701,31,240,209,0.048,0.0418,31089.090591430664,5,2,1.0
t025_j075,25% throughput + 75% Jain fairness,stochastic,1701,32,243,215,0.0486,0.043,30750.429473876957,2,2,1.0
t025_j075,25% throughput + 75% Jain fairness,stochastic,1701,33,295,274,0.059,0.0548,196380.79174804688,36,6,1.0
t025_j075,25% throughput + 75% Jain fairness,stochastic,1701,34,294,258,0.0588,0.0516,708438.1962890625,67,13,1.0
t025_j075,25% throughput + 75% Jain fairness,stochastic,1701,35,259,232,0.0518,0.0464,21938.29006958008,17,1,0.5
t025_j075,25% throughput + 75% Jain fairness,stochastic,1701,36,297,275,0.0594,0.055,938172.8018188477,41,15,1.0
t025_j075,25% throughput + 75% Jain fairness,stochastic,1701,37,258,230,0.0516,0.046,268252.7185058594,12,8,0.5
t025_j075,25% throughput + 75% Jain fairness,stochastic,1701,38,235,202,0.047,0.0404,30039.24112701416,7,2,1.0
t025_j075,25% throughput + 75% Jain fairness,stochastic,1701,39,256,223,0.0512,0.0446,375961.0302429199,2,10,0.5
t025_j075,25% throughput + 75% Jain fairness,stochastic,1701,40,290,256,0.058,0.0512,606089.5797729492,7,12,0.5
t025_j075,25% throughput + 75% Jain fairness,stochastic,1701,41,260,234,0.052,0.0468,212485.81567382807,18,7,1.0
t025_j075,25% throughput + 75% Jain fairness,stochastic,1701,42,216,189,0.0432,0.0378,225664.142578125,49,8,0.5
t025_j075,25% throughput + 75% Jain fairness,stochastic,1701,43,290,260,0.058,0.052,308352.3516845703,16,8,2.0
t025_j075,25% throughput + 75% Jain fairness,stochastic,1701,44,249,226,0.0498,0.0452,703570.0102539062,25,14,0.5
t025_j075,25% throughput + 75% Jain fairness,stochastic,1701,45,277,255,0.0554,0.051,697328.0031738281,19,13,2.0
t025_j075,25% throughput + 75% Jain fairness,stochastic,1701,46,246,220,0.0492,0.044,161215.7191772461,16,6,0.5
t025_j075,25% throughput + 75% Jain fairness,stochastic,1701,47,262,235,0.0524,0.047,349748.235534668,40,9,0.5
t025_j075,25% throughput + 75% Jain fairness,stochastic,1701,48,287,266,0.0574,0.0532,547206.7144775391,14,11,1.0
t025_j075,25% throughput + 75% Jain fairness,stochastic,1701,49,291,261,0.0582,0.0522,900453.2794189453,0,15,2.0
t025_j075,25% throughput + 75% Jain fairness,stochastic,1701,50,290,254,0.058,0.0508,234459.7504272461,13,7,1.0
t025_j075,25% throughput + 75% Jain fairness,stochastic,1701,51,318,293,0.0636,0.0586,926022.2929077148,3,14,2.0
t025_j075,25% throughput + 75% Jain fairness,stochastic,1701,52,266,232,0.0532,0.0464,721307.0693359375,54,14,0.5
t025_j075,25% throughput + 75% Jain fairness,stochastic,1701,53,244,215,0.0488,0.043,254425.2587890625,13,8,1.0
t025_j075,25% throughput + 75% Jain fairness,stochastic,1701,54,260,226,0.052,0.0452,21586.221221923828,7,1,0.5
t025_j075,25% throughput + 75% Jain fairness,stochastic,1701,55,256,223,0.0512,0.0446,528284.5918579102,10,12,0.5
t025_j075,25% throughput + 75% Jain fairness,stochastic,1701,56,289,262,0.0578,0.0524,534246.5554504395,11,11,1.0
t025_j075,25% throughput + 75% Jain fairness,stochastic,1701,57,236,218,0.0472,0.0436,50710.60513305664,21,3,0.5
t025_j075,25% throughput + 75% Jain fairness,stochastic,1701,58,261,231,0.0522,0.0462,340709.0167236328,7,9,0.5
t025_j075,25% throughput + 75% Jain fairness,stochastic,1701,59,241,215,0.0482,0.043,115558.57287597656,39,5,0.5
t025_j075,25% throughput + 75% Jain fairness,stochastic,1701,60,313,284,0.0626,0.0568,335454.1727294922,14,8,1.0
t025_j075,25% throughput + 75% Jain fairness,stochastic,1701,61,265,243,0.053,0.0486,35085.29177856445,1,2,2.0
t025_j075,25% throughput + 75% Jain fairness,stochastic,1701,62,235,204,0.047,0.0408,247234.97973632807,3,8,1.0
t025_j075,25% throughput + 75% Jain fairness,stochastic,1701,63,238,217,0.0476,0.0434,117332.498336792,0,5,1.0
t025_j075,25% throughput + 75% Jain fairness,stochastic,1701,64,278,260,0.0556,0.052,233393.0545654297,5,7,0.5
t025_j075,25% throughput + 75% Jain fairness,stochastic,1701,65,247,224,0.0494,0.0448,21322.16958618164,50,1,0.5
t025_j075,25% throughput + 75% Jain fairness,stochastic,1701,66,235,212,0.047,0.0424,424805.2125549317,7,11,1.0
t025_j075,25% throughput + 75% Jain fairness,stochastic,1701,67,274,247,0.0548,0.0494,179562.71356201172,38,6,0.5
t025_j075,25% throughput + 75% Jain fairness,stochastic,1701,68,287,262,0.0574,0.0524,445788.0001831055,19,10,2.0
t025_j075,25% throughput + 75% Jain fairness,stochastic,1701,69,246,227,0.0492,0.0454,264381.02978515625,17,8,0.5
t025_j075,25% throughput + 75% Jain fairness,stochastic,1701,70,285,259,0.057,0.0518,374779.9183959961,8,9,2.0
t025_j075,25% throughput + 75% Jain fairness,stochastic,1701,71,287,263,0.0574,0.0526,894835.4782104492,4,15,2.0
t025_j075,25% throughput + 75% Jain fairness,stochastic,1701,72,252,235,0.0504,0.047,347662.2619628906,14,9,2.0
t025_j075,25% throughput + 75% Jain fairness,stochastic,1701,73,241,221,0.0482,0.0442,32308.270614624023,21,2,0.5
t025_j075,25% throughput + 75% Jain fairness,stochastic,1701,74,239,222,0.0478,0.0444,32714.66395568848,20,2,0.5
t025_j075,25% throughput + 75% Jain fairness,stochastic,1701,75,281,257,0.0562,0.0514,438292.4497375488,34,10,1.0
t025_j075,25% throughput + 75% Jain fairness,stochastic,1701,76,268,240,0.0536,0.048,175655.4832763672,4,6,1.0
t025_j075,25% throughput + 75% Jain fairness,stochastic,1701,77,242,221,0.0484,0.0442,203952.24877929688,24,7,1.0
t025_j075,25% throughput + 75% Jain fairness,stochastic,1701,78,266,247,0.0532,0.0494,370955.6335144043,11,9,1.0
t025_j075,25% throughput + 75% Jain fairness,stochastic,1701,79,272,245,0.0544,0.049,222726.0959472656,65,7,1.0
t025_j075,25% throughput + 75% Jain fairness,stochastic,1701,80,239,207,0.0478,0.0414,153061.4994506836,21,6,0.5
t025_j075,25% throughput + 75% Jain fairness,stochastic,1701,81,282,259,0.0564,0.0518,807775.2323608398,42,14,1.0
t025_j075,25% throughput + 75% Jain fairness,stochastic,1701,82,275,256,0.055,0.0512,515046.3198547363,17,11,2.0
t025_j075,25% throughput + 75% Jain fairness,stochastic,1701,83,298,267,0.0596,0.0534,741768.7756347656,1,13,2.0
t025_j075,25% throughput + 75% Jain fairness,stochastic,1701,84,261,230,0.0522,0.046,123794.65537261964,11,5,0.5
t025_j075,25% throughput + 75% Jain fairness,stochastic,1701,85,238,208,0.0476,0.0416,112137.43091583252,34,5,0.5
t025_j075,25% throughput + 75% Jain fairness,stochastic,1701,86,302,264,0.0604,0.0528,831424.6444702148,9,14,2.0
t025_j075,25% throughput + 75% Jain fairness,stochastic,1701,87,266,245,0.0532,0.049,181431.3889160156,40,6,0.5
t025_j075,25% throughput + 75% Jain fairness,stochastic,1701,88,273,247,0.0546,0.0494,92482.00134277344,69,4,2.0
t025_j075,25% throughput + 75% Jain fairness,stochastic,1701,89,281,259,0.0562,0.0518,189585.60864257807,35,6,1.0
t025_j075,25% throughput + 75% Jain fairness,stochastic,1701,90,263,234,0.0526,0.0468,277378.8419189453,32,8,1.0
t025_j075,25% throughput + 75% Jain fairness,stochastic,1701,91,261,228,0.0522,0.0456,335146.42053222656,10,9,0.5
t025_j075,25% throughput + 75% Jain fairness,stochastic,1701,92,246,225,0.0492,0.045,204805.60546875,23,7,0.5
t025_j075,25% throughput + 75% Jain fairness,stochastic,1701,93,218,202,0.0436,0.0404,29903.77667999268,30,2,0.5
t025_j075,25% throughput + 75% Jain fairness,stochastic,1701,94,296,267,0.0592,0.0534,315819.1799316406,44,8,2.0
t025_j075,25% throughput + 75% Jain fairness,stochastic,1701,95,261,239,0.0522,0.0478,170559.09594726562,25,6,0.5
t025_j075,25% throughput + 75% Jain fairness,stochastic,1701,96,292,261,0.0584,0.0522,804819.055847168,16,14,1.0
t025_j075,25% throughput + 75% Jain fairness,stochastic,1701,97,258,235,0.0516,0.047,89092.15354919434,12,4,0.5
t025_j075,25% throughput + 75% Jain fairness,stochastic,1701,98,247,220,0.0494,0.044,160366.3212890625,5,6,1.0
t025_j075,25% throughput + 75% Jain fairness,stochastic,1701,99,241,215,0.0482,0.043,20596.027587890625,35,1,0.5
t025_j075,25% throughput + 75% Jain fairness,stochastic,1701,100,279,249,0.0558,0.0498,832237.121887207,20,15,1.0
t025_j075,25% throughput + 75% Jain fairness,stochastic,1701,101,294,260,0.0588,0.052,442631.9789428711,3,10,2.0
t025_j075,25% throughput + 75% Jain fairness,stochastic,1701,102,276,251,0.0552,0.0502,92047.40547180176,0,4,2.0
t025_j075,25% throughput + 75% Jain fairness,stochastic,1701,103,268,240,0.0536,0.048,88831.39602661133,17,4,1.0
t025_j075,25% throughput + 75% Jain fairness,stochastic,1701,104,264,229,0.0528,0.0458,333408.1092224121,4,9,1.0
t025_j075,25% throughput + 75% Jain fairness,stochastic,1701,105,270,238,0.054,0.0476,484325.9429016113,18,11,0.5
t025_j075,25% throughput + 75% Jain fairness,stochastic,1701,106,270,230,0.054,0.046,632627.466796875,24,13,1.0
t025_j075,25% throughput + 75% Jain fairness,stochastic,1701,107,247,226,0.0494,0.0452,84050.84144592285,6,4,0.5
t025_j075,25% throughput + 75% Jain fairness,stochastic,1701,108,271,249,0.0542,0.0498,413833.2851257324,70,10,1.0
t025_j075,25% throughput + 75% Jain fairness,stochastic,1701,109,240,219,0.048,0.0438,120373.5134124756,49,5,0.5
t025_j075,25% throughput + 75% Jain fairness,stochastic,1701,110,261,233,0.0522,0.0466,563804.2602539062,12,12,1.0
t025_j075,25% throughput + 75% Jain fairness,stochastic,1701,111,288,257,0.0576,0.0514,883599.875793457,2,15,1.0
t025_j075,25% throughput + 75% Jain fairness,stochastic,1701,112,224,201,0.0448,0.0402,107449.19934082033,6,5,0.5
t025_j075,25% throughput + 75% Jain fairness,stochastic,1701,113,271,247,0.0542,0.0494,362611.7392272949,1,9,0.5
t025_j075,25% throughput + 75% Jain fairness,stochastic,1701,114,245,229,0.049,0.0458,53597.460205078125,55,3,0.5
t025_j075,25% throughput + 75% Jain fairness,stochastic,1701,115,298,264,0.0596,0.0528,724776.7155761719,0,13,2.0
t025_j075,25% throughput + 75% Jain fairness,stochastic,1701,116,289,252,0.0578,0.0504,23698.634307861328,2,1,1.0
t025_j075,25% throughput + 75% Jain fairness,stochastic,1701,117,283,262,0.0566,0.0524,434741.9258422852,27,10,0.5
t025_j075,25% throughput + 75% Jain fairness,stochastic,1701,118,277,256,0.0554,0.0512,303097.9169921875,15,8,0.5
t025_j075,25% throughput + 75% Jain fairness,stochastic,1701,119,285,270,0.057,0.054,449338.52407836914,18,10,0.5
t025_j075,25% throughput + 75% Jain fairness,stochastic,1701,120,253,231,0.0506,0.0462,170219.3367919922,24,6,0.5
t025_j075,25% throughput + 75% Jain fairness,stochastic,1701,121,269,235,0.0538,0.047,127215.79733276369,26,5,1.0
t025_j075,25% throughput + 75% Jain fairness,stochastic,1701,122,220,191,0.044,0.0382,44555.61224365234,3,3,0.5
t025_j075,25% throughput + 75% Jain fairness,stochastic,1701,123,293,258,0.0586,0.0516,232539.69787597656,28,7,2.0
t025_j075,25% throughput + 75% Jain fairness,stochastic,1701,124,276,252,0.0552,0.0504,298673.1298828125,20,8,2.0
t025_j075,25% throughput + 75% Jain fairness,stochastic,1701,125,254,220,0.0508,0.044,20860.07922363281,7,1,0.5
t025_j075,25% throughput + 75% Jain fairness,stochastic,1701,126,291,253,0.0582,0.0506,134311.4991760254,0,5,2.0
t025_j075,25% throughput + 75% Jain fairness,stochastic,1701,127,259,221,0.0518,0.0442,83007.81135559082,4,4,2.0
t025_j075,25% throughput + 75% Jain fairness,stochastic,1701,128,256,237,0.0512,0.0474,130003.39448547363,51,5,0.5
t025_j075,25% throughput + 75% Jain fairness,stochastic,1701,129,250,225,0.05,0.045,208859.04974365237,21,7,0.5
t025_j075,25% throughput + 75% Jain fairness,stochastic,1701,130,324,286,0.0648,0.0572,427624.58221435547,3,9,2.0
t025_j075,25% throughput + 75% Jain fairness,stochastic,1701,131,291,264,0.0582,0.0528,389729.3956604004,24,9,2.0
t025_j075,25% throughput + 75% Jain fairness,stochastic,1701,132,254,225,0.0508,0.045,205232.28381347656,43,7,0.5
t025_j075,25% throughput + 75% Jain fairness,stochastic,1701,133,251,218,0.0502,0.0436,161215.7191772461,29,6,1.0
t025_j075,25% throughput + 75% Jain fairness,stochastic,1701,134,243,210,0.0486,0.042,316372.65838623047,28,9,1.0
t025_j075,25% throughput + 75% Jain fairness,stochastic,1701,135,293,265,0.0586,0.053,61005.2392578125,19,3,2.0
t025_j075,25% throughput + 75% Jain fairness,stochastic,1701,136,252,231,0.0504,0.0462,21388.182495117188,45,1,1.0
t025_j075,25% throughput + 75% Jain fairness,stochastic,1701,137,271,242,0.0542,0.0484,87962.20428466797,2,4,2.0
t025_j075,25% throughput + 75% Jain fairness,stochastic,1701,138,271,245,0.0542,0.049,288717.35888671875,24,8,1.0
t025_j075,25% throughput + 75% Jain fairness,stochastic,1701,139,304,270,0.0608,0.054,641045.4439086914,33,12,0.5
t025_j075,25% throughput + 75% Jain fairness,stochastic,1701,140,276,251,0.0552,0.0502,790038.1732788086,8,14,0.5
t025_j075,25% throughput + 75% Jain fairness,stochastic,1701,141,252,238,0.0504,0.0476,171408.49383544922,1,6,0.5
t025_j075,25% throughput + 75% Jain fairness,stochastic,1701,142,241,220,0.0482,0.044,51963.39129638672,15,3,1.0
t025_j075,25% throughput + 75% Jain fairness,stochastic,1701,143,237,208,0.0474,0.0416,153061.4994506836,3,6,0.5
t025_j075,25% throughput + 75% Jain fairness,stochastic,1701,144,265,242,0.053,0.0484,578463.1710205078,52,12,0.5
t025_j075,25% throughput + 75% Jain fairness,stochastic,1701,145,280,256,0.056,0.0512,599323.9286499023,29,12,0.5
t025_j075,25% throughput + 75% Jain fairness,stochastic,1701,146,256,232,0.0512,0.0464,476645.8486633301,60,11,0.5
t025_j075,25% throughput + 75% Jain fairness,stochastic,1701,147,278,251,0.0556,0.0502,300055.8758544922,7,8,0.5
t025_j075,25% throughput + 75% Jain fairness,stochastic,1701,148,259,230,0.0518,0.046,168350.66143798828,13,6,0.5
t025_j075,25% throughput + 75% Jain fairness,stochastic,1701,149,254,220,0.0508,0.044,160026.56213378906,9,6,1.0
t025_j075,25% throughput + 75% Jain fairness,stochastic,1701,150,235,212,0.047,0.0424,116318.82664489746,6,5,1.0
t025_j075,25% throughput + 75% Jain fairness,stochastic,1701,151,243,217,0.0486,0.0434,31326.15337371826,5,2,1.0
t025_j075,25% throughput + 75% Jain fairness,stochastic,1701,152,291,265,0.0582,0.053,812948.5412597656,63,14,1.0
t025_j075,25% throughput + 75% Jain fairness,stochastic,1701,153,274,241,0.0548,0.0482,220592.7042236328,30,7,0.5
t025_j075,25% throughput + 75% Jain fairness,stochastic,1701,154,270,244,0.054,0.0488,360873.42791748047,2,9,1.0
t025_j075,25% throughput + 75% Jain fairness,stochastic,1701,155,255,232,0.051,0.0464,124808.32706451416,27,5,1.0
t025_j075,25% throughput + 75% Jain fairness,stochastic,1701,156,253,230,0.0506,0.046,385034.59130859375,44,10,1.0
t025_j075,25% throughput + 75% Jain fairness,stochastic,1701,157,283,253,0.0566,0.0506,852300.6976318359,4,15,1.0
t025_j075,25% throughput + 75% Jain fairness,stochastic,1701,158,249,210,0.0498,0.042,312896.0357666016,45,9,0.5
t025_j075,25% throughput + 75% Jain fairness,stochastic,1701,159,240,206,0.048,0.0412,48205.03280639648,9,3,1.0
t025_j075,25% throughput + 75% Jain fairness,stochastic,1701,160,271,237,0.0542,0.0474,749390.7462158203,2,14,2.0
t025_j075,25% throughput + 75% Jain fairness,stochastic,1701,161,273,239,0.0546,0.0478,353224.8581542969,14,9,2.0
t025_j075,25% throughput + 75% Jain fairness,stochastic,1701,162,251,227,0.0502,0.0454,208859.04974365237,11,7,0.5
t025_j075,25% throughput + 75% Jain fairness,stochastic,1701,163,232,202,0.0464,0.0404,19033.722076416016,101,1,0.5
t025_j075,25% throughput + 75% Jain fairness,stochastic,1701,164,292,268,0.0584,0.0536,249606.83166503903,2,7,2.0
t025_j075,25% throughput + 75% Jain fairness,stochastic,1701,165,247,225,0.0494,0.045,33629.048973083496,25,2,0.5
t025_j075,25% throughput + 75% Jain fairness,stochastic,1701,166,310,286,0.062,0.0572,786863.0888671875,8,13,2.0
t025_j075,25% throughput + 75% Jain fairness,stochastic,1701,167,262,248,0.0524,0.0496,134691.62606048584,1,5,0.5
t025_j075,25% throughput + 75% Jain fairness,stochastic,1701,168,252,226,0.0504,0.0452,205658.96215820312,4,7,0.5
t025_j075,25% throughput + 75% Jain fairness,stochastic,1701,169,248,218,0.0496,0.0436,160875.96002197266,11,6,0.5
t025_j075,25% throughput + 75% Jain fairness,stochastic,1701,170,245,220,0.049,0.044,262998.28381347656,20,8,0.5
t025_j075,25% throughput + 75% Jain fairness,stochastic,1701,171,308,277,0.0616,0.0554,759414.3764648438,34,13,1.0
t025_j075,25% throughput + 75% Jain fairness,stochastic,1701,172,280,258,0.056,0.0516,138746.31282806396,15,5,2.0
t025_j075,25% throughput + 75% Jain fairness,stochastic,1701,173,285,256,0.057,0.0512,525126.4435424805,17,11,2.0
t025_j075,25% throughput + 75% Jain fairness,stochastic,1701,174,288,259,0.0576,0.0518,624131.3161010742,3,12,1.0
t025_j075,25% throughput + 75% Jain fairness,stochastic,1701,175,258,231,0.0516,0.0462,21784.25994873047,8,1,1.0
t025_j075,25% throughput + 75% Jain fairness,stochastic,1701,176,273,245,0.0546,0.049,57355.81869506836,17,3,2.0
t025_j075,25% throughput + 75% Jain fairness,stochastic,1701,177,303,274,0.0606,0.0548,26053.0947265625,20,1,2.0
t025_j075,25% throughput + 75% Jain fairness,stochastic,1701,178,242,222,0.0484,0.0444,262168.63623046875,6,8,0.5
t025_j075,25% throughput + 75% Jain fairness,stochastic,1701,179,240,222,0.048,0.0444,262998.28381347656,93,8,0.5
t025_j075,25% throughput + 75% Jain fairness,stochastic,1701,180,275,248,0.055,0.0496,365393.0373229981,5,9,2.0
t025_j075,25% throughput + 75% Jain fairness,stochastic,1701,181,263,245,0.0526,0.049,593685.8860473633,26,12,1.0
t025_j075,25% throughput + 75% Jain fairness,stochastic,1701,182,283,260,0.0566,0.052,141407.2010192871,9,5,1.0
t025_j075,25% throughput + 75% Jain fairness,stochastic,1701,183,289,257,0.0578,0.0514,603834.3627319336,5,12,1.0
t025_j075,25% throughput + 75% Jain fairness,stochastic,1701,184,272,247,0.0544,0.0494,226992.87939453125,11,7,2.0
t025_j075,25% throughput + 75% Jain fairness,stochastic,1701,185,262,241,0.0524,0.0482,357744.46755981445,9,9,1.0
t025_j075,25% throughput + 75% Jain fairness,stochastic,1701,186,249,218,0.0498,0.0436,317067.98291015625,7,9,1.0
t025_j075,25% throughput + 75% Jain fairness,stochastic,1701,187,278,258,0.0556,0.0516,373736.9316101074,30,9,0.5
t025_j075,25% throughput + 75% Jain fairness,stochastic,1701,188,248,220,0.0496,0.044,51418.70166015625,27,3,0.5
t025_j075,25% throughput + 75% Jain fairness,stochastic,1701,189,259,231,0.0518,0.0462,213125.833190918,42,7,1.0
t025_j075,25% throughput + 75% Jain fairness,stochastic,1701,190,242,221,0.0484,0.0442,198832.10864257807,0,7,0.5
t025_j075,25% throughput + 75% Jain fairness,stochastic,1701,191,212,195,0.0424,0.039,229812.3804931641,28,8,2.0
t025_j075,25% throughput + 75% Jain fairness,stochastic,1701,192,267,243,0.0534,0.0486,35627.14956665039,3,2,0.5
t025_j075,25% throughput + 75% Jain fairness,stochastic,1701,193,247,217,0.0494,0.0434,257467.2999267578,2,8,0.5
t025_j075,25% throughput + 75% Jain fairness,stochastic,1701,194,255,220,0.051,0.044,52235.73611450195,46,3,1.0
t025_j075,25% throughput + 75% Jain fairness,stochastic,1701,195,258,236,0.0516,0.0472,480965.9016723633,24,11,1.0
t025_j075,25% throughput + 75% Jain fairness,stochastic,1701,196,254,230,0.0508,0.046,53597.460205078125,106,3,1.0
t025_j075,25% throughput + 75% Jain fairness,stochastic,1701,197,305,274,0.061,0.0548,458017.5824890137,19,10,2.0
t025_j075,25% throughput + 75% Jain fairness,stochastic,1701,198,307,270,0.0614,0.054,829207.5120849609,7,14,2.0
t025_j075,25% throughput + 75% Jain fairness,stochastic,1701,199,256,228,0.0512,0.0456,125441.87187194824,10,5,0.5
t025_j075,25% throughput + 75% Jain fairness,stochastic,1701,200,288,262,0.0576,0.0524,823295.1590576172,32,14,1.0
t025_j075,25% throughput + 75% Jain fairness,stochastic,1701,201,276,248,0.0552,0.0496,409888.25857543945,10,10,1.0
t025_j075,25% throughput + 75% Jain fairness,stochastic,1701,202,284,256,0.0568,0.0512,824034.2031860352,25,14,1.0
t025_j075,25% throughput + 75% Jain fairness,stochastic,1701,203,256,227,0.0512,0.0454,20926.09213256836,2,1,2.0
t025_j075,25% throughput + 75% Jain fairness,stochastic,1701,204,277,258,0.0554,0.0516,237873.1771850586,61,7,0.5
t025_j075,25% throughput + 75% Jain fairness,stochastic,1701,205,256,232,0.0512,0.0464,169200.05932617188,2,6,0.5
t025_j075,25% throughput + 75% Jain fairness,stochastic,1701,206,279,258,0.0558,0.0516,186357.89666748047,8,6,1.0
t025_j075,25% throughput + 75% Jain fairness,stochastic,1701,207,251,233,0.0502,0.0466,342447.32803344727,1,9,0.5
t025_j075,25% throughput + 75% Jain fairness,stochastic,1701,208,255,225,0.051,0.045,269635.46447753906,42,8,1.0
t025_j075,25% throughput + 75% Jain fairness,stochastic,1701,209,301,278,0.0602,0.0556,773138.7326660156,6,13,2.0
t025_j075,25% throughput + 75% Jain fairness,stochastic,1701,210,267,234,0.0534,0.0468,22114.324493408203,13,1,0.5
t025_j075,25% throughput + 75% Jain fairness,stochastic,1701,211,252,225,0.0504,0.045,609753.5397949219,5,13,0.5
t025_j075,25% throughput + 75% Jain fairness,stochastic,1701,212,264,239,0.0528,0.0478,809765.9170532227,70,15,0.5
t025_j075,25% throughput + 75% Jain fairness,stochastic,1701,213,229,203,0.0458,0.0406,150003.66705322266,43,6,1.0
t025_j075,25% throughput + 75% Jain fairness,stochastic,1701,214,226,205,0.0452,0.041,49403.35000610352,31,3,0.5
t025_j075,25% throughput + 75% Jain fairness,stochastic,1701,215,255,234,0.051,0.0468,169539.8184814453,34,6,0.5
t025_j075,25% throughput + 75% Jain fairness,stochastic,1701,216,246,215,0.0492,0.043,20353.980255126957,84,1,0.5
t025_j075,25% throughput + 75% Jain fairness,stochastic,1701,217,281,256,0.0562,0.0512,298673.1298828125,32,8,2.0
t025_j075,25% throughput + 75% Jain fairness,stochastic,1701,218,258,232,0.0516,0.0464,393319.147064209,13,10,1.0
t025_j075,25% throughput + 75% Jain fairness,stochastic,1701,219,274,246,0.0548,0.0492,175655.4832763672,10,6,1.0
t025_j075,25% throughput + 75% Jain fairness,stochastic,1701,220,277,250,0.0554,0.05,837854.9230957031,2,15,1.0
t025_j075,25% throughput + 75% Jain fairness,stochastic,1701,221,303,281,0.0606,0.0562,888331.0423583984,3,14,2.0
t025_j075,25% throughput + 75% Jain fairness,stochastic,1701,222,254,232,0.0508,0.0464,127342.50629425047,19,5,0.5
t025_j075,25% throughput + 75% Jain fairness,stochastic,1701,223,283,248,0.0566,0.0496,776735.3789672852,2,14,1.0
t025_j075,25% throughput + 75% Jain fairness,stochastic,1701,224,277,254,0.0554,0.0508,517926.3551940918,4,11,1.0
t025_j075,25% throughput + 75% Jain fairness,stochastic,1701,225,288,257,0.0576,0.0514,711052.359375,87,13,2.0
t025_j075,25% throughput + 75% Jain fairness,stochastic,1701,226,277,251,0.0554,0.0502,36406.070137023926,16,2,2.0
t025_j075,25% throughput + 75% Jain fairness,stochastic,1701,227,276,238,0.0552,0.0476,404365.2214050293,27,10,1.0
t025_j075,25% throughput + 75% Jain fairness,stochastic,1701,228,256,227,0.0512,0.0454,21454.19540405273,2,1,0.5
t025_j075,25% throughput + 75% Jain fairness,stochastic,1701,229,254,227,0.0508,0.0454,84311.59896850586,11,4,0.5
t025_j075,25% throughput + 75% Jain fairness,stochastic,1701,230,262,237,0.0524,0.0474,396475.16830444336,4,10,1.0
t025_j075,25% throughput + 75% Jain fairness,stochastic,1701,231,257,236,0.0514,0.0472,55231.52911376953,37,3,1.0
t025_j075,25% throughput + 75% Jain fairness,stochastic,1701,232,263,240,0.0526,0.048,213979.1898803711,17,7,1.0
t025_j075,25% throughput + 75% Jain fairness,stochastic,1701,233,246,229,0.0492,0.0458,53760.86709594727,0,3,1.0
t025_j075,25% throughput + 75% Jain fairness,stochastic,1701,234,303,275,0.0606,0.055,936567.7157592772,14,15,2.0
t025_j075,25% throughput + 75% Jain fairness,stochastic,1701,235,227,200,0.0454,0.04,47551.40524291992,9,3,1.0
t025_j075,25% throughput + 75% Jain fairness,stochastic,1701,236,283,258,0.0566,0.0516,892427.8491210938,3,15,0.5
t025_j075,25% throughput + 75% Jain fairness,stochastic,1701,237,252,231,0.0504,0.0462,169200.05932617188,4,6,0.5
t025_j075,25% throughput + 75% Jain fairness,stochastic,1701,238,283,255,0.0566,0.051,59589.04620361328,0,3,2.0
t025_j075,25% throughput + 75% Jain fairness,stochastic,1701,239,252,222,0.0504,0.0444,259956.24267578125,6,8,1.0
t025_j075,25% throughput + 75% Jain fairness,stochastic,1701,240,266,237,0.0532,0.0474,22312.363220214844,0,1,1.0
t025_j075,25% throughput + 75% Jain fairness,stochastic,1701,241,276,247,0.0552,0.0494,848287.9824829102,38,15,1.0
t025_j075,25% throughput + 75% Jain fairness,stochastic,1701,242,258,234,0.0516,0.0468,55013.653259277344,32,3,1.0
t025_j075,25% throughput + 75% Jain fairness,stochastic,1701,243,244,214,0.0488,0.0428,49784.63275146485,41,3,2.0
t025_j075,25% throughput + 75% Jain fairness,stochastic,1701,244,238,216,0.0476,0.0432,251936.31604003903,20,8,1.0
t025_j075,25% throughput + 75% Jain fairness,stochastic,1701,245,290,256,0.058,0.0512,427640.8780517578,20,10,1.0
t025_j075,25% throughput + 75% Jain fairness,stochastic,1701,246,243,212,0.0486,0.0424,49239.943115234375,45,3,1.0
t025_j075,25% throughput + 75% Jain fairness,stochastic,1701,247,262,229,0.0524,0.0458,341404.3412475586,99,9,1.0
t025_j075,25% throughput + 75% Jain fairness,stochastic,1701,248,260,235,0.052,0.047,280420.8830566406,48,8,1.0
t025_j075,25% throughput + 75% Jain fairness,stochastic,1701,249,312,284,0.0624,0.0568,577927.0914306641,0,11,2.0
t025_j075,25% throughput + 75% Jain fairness,stochastic,1701,250,276,254,0.0552,0.0508,702556.3293457031,32,13,0.5
t025_j075,25% throughput + 75% Jain fairness,stochastic,1701,251,271,234,0.0542,0.0468,281527.0798339844,1,8,0.5
t025_j075,25% throughput + 75% Jain fairness,stochastic,1701,252,269,244,0.0538,0.0488,57628.1635131836,14,3,0.5
t025_j075,25% throughput + 75% Jain fairness,stochastic,1701,253,262,240,0.0524,0.048,736087.9519042969,8,14,0.5
t025_j075,25% throughput + 75% Jain fairness,stochastic,1701,254,251,229,0.0502,0.0458,53052.770568847656,9,3,1.0
t025_j075,25% throughput + 75% Jain fairness,stochastic,1701,255,227,206,0.0454,0.0412,19627.838256835938,3,1,1.0
t025_j075,25% throughput + 75% Jain fairness,stochastic,1701,256,273,249,0.0546,0.0498,417778.3116760254,19,10,0.5
t025_j075,25% throughput + 75% Jain fairness,stochastic,1701,257,285,261,0.057,0.0522,865141.3861083984,33,15,0.5
t025_j075,25% throughput + 75% Jain fairness,stochastic,1701,258,300,277,0.06,0.0554,767256.8657226562,33,13,1.0
t025_j075,25% throughput + 75% Jain fairness,stochastic,1701,259,250,221,0.05,0.0442,527720.7875976562,20,12,0.5
t025_j075,25% throughput + 75% Jain fairness,stochastic,1701,260,289,257,0.0578,0.0514,622439.9033203125,0,12,0.5
t025_j075,25% throughput + 75% Jain fairness,stochastic,1701,261,244,223,0.0488,0.0446,374777.522277832,12,10,0.5
t025_j075,25% throughput + 75% Jain fairness,stochastic,1701,262,246,223,0.0492,0.0446,32579.199508666992,4,2,1.0
t025_j075,25% throughput + 75% Jain fairness,stochastic,1701,263,270,240,0.054,0.048,34407.96954345703,21,2,1.0
t025_j075,25% throughput + 75% Jain fairness,stochastic,1701,264,234,205,0.0468,0.041,146436.19592285156,9,6,0.5
t025_j075,25% throughput + 75% Jain fairness,stochastic,1701,265,285,253,0.057,0.0506,231046.3236694336,11,7,0.5
t025_j075,25% throughput + 75% Jain fairness,stochastic,1701,266,241,221,0.0482,0.0442,32274.40450286865,3,2,2.0
t025_j075,25% throughput + 75% Jain fairness,stochastic,1701,267,278,246,0.0556,0.0492,592558.2775268555,4,12,1.0
t025_j075,25% throughput + 75% Jain fairness,stochastic,1701,268,242,212,0.0484,0.0424,113911.35637664796,11,5,1.0
t025_j075,25% throughput + 75% Jain fairness,stochastic,1701,269,215,195,0.043,0.039,28075.00664520264,15,2,1.0
t025_j075,25% throughput + 75% Jain fairness,stochastic,1701,270,286,266,0.0572,0.0532,100652.40371704102,8,4,1.0
t025_j075,25% throughput + 75% Jain fairness,stochastic,1701,271,245,213,0.049,0.0426,20089.92861938477,15,1,1.0
t025_j075,25% throughput + 75% Jain fairness,stochastic,1701,272,318,277,0.0636,0.0554,559686.8676147461,4,11,2.0
t025_j075,25% throughput + 75% Jain fairness,stochastic,1701,273,240,218,0.048,0.0436,254425.2587890625,20,8,1.0
t025_j075,25% throughput + 75% Jain fairness,stochastic,1701,274,256,233,0.0512,0.0466,560985.2389526367,20,12,1.0
t025_j075,25% throughput + 75% Jain fairness,stochastic,1701,275,321,286,0.0642,0.0572,903111.9249267578,6,14,2.0
t025_j075,25% throughput + 75% Jain fairness,stochastic,1701,276,255,231,0.051,0.0462,273783.7023925781,19,8,0.5
t025_j075,25% throughput + 75% Jain fairness,stochastic,1701,277,266,247,0.0532,0.0494,491046.0253601074,24,11,0.5
t025_j075,25% throughput + 75% Jain fairness,stochastic,1701,278,237,219,0.0474,0.0438,159347.0438232422,42,6,0.5
t025_j075,25% throughput + 75% Jain fairness,stochastic,1701,279,278,251,0.0556,0.0502,606089.5797729492,6,12,1.0
t025_j075,25% throughput + 75% Jain fairness,stochastic,1701,280,266,243,0.0532,0.0486,136085.42463684082,2,5,0.5
t025_j075,25% throughput + 75% Jain fairness,stochastic,1701,281,315,279,0.063,0.0558,857291.1889648438,20,14,2.0
t025_j075,25% throughput + 75% Jain fairness,stochastic,1701,282,246,221,0.0492,0.0442,158667.5255126953,36,6,0.5
t025_j075,25% throughput + 75% Jain fairness,stochastic,1701,283,248,231,0.0496,0.0462,53597.460205078125,12,3,0.5
t025_j075,25% throughput + 75% Jain fairness,stochastic,1701,284,260,232,0.052,0.0464,213125.833190918,20,7,1.0
t025_j075,25% throughput + 75% Jain fairness,stochastic,1701,285,238,218,0.0476,0.0436,31529.35004425049,13,2,0.5
t025_j075,25% throughput + 75% Jain fairness,stochastic,1701,286,288,263,0.0576,0.0526,542406.6555786133,70,11,2.0
t025_j075,25% throughput + 75% Jain fairness,stochastic,1701,287,288,264,0.0576,0.0528,818860.8942871094,3,14,0.5
t025_j075,25% throughput + 75% Jain fairness,stochastic,1701,288,292,259,0.0584,0.0518,526086.4553222656,9,11,2.0
t025_j075,25% throughput + 75% Jain fairness,stochastic,1701,289,247,229,0.0494,0.0458,459365.63662719727,16,11,1.0
t025_j075,25% throughput + 75% Jain fairness,stochastic,1701,290,259,230,0.0518,0.046,88831.39602661133,5,4,0.5
t025_j075,25% throughput + 75% Jain fairness,stochastic,1701,291,241,210,0.0482,0.042,242533.6434326172,6,8,0.5
t025_j075,25% throughput + 75% Jain fairness,stochastic,1701,292,260,235,0.052,0.047,128482.88694763184,44,5,1.0
t025_j075,25% throughput + 75% Jain fairness,stochastic,1701,293,260,236,0.052,0.0472,351834.2091064453,1,9,1.0
t025_j075,25% throughput + 75% Jain fairness,stochastic,1701,294,293,260,0.0586,0.052,188056.69244384769,15,6,2.0
t025_j075,25% throughput + 75% Jain fairness,stochastic,1701,295,257,234,0.0514,0.0468,275719.5467529297,5,8,0.5
t025_j075,25% throughput + 75% Jain fairness,stochastic,1701,296,265,239,0.053,0.0478,775996.3348388672,7,14,0.5
t025_j075,25% throughput + 75% Jain fairness,stochastic,1701,297,281,254,0.0562,0.0508,59806.92205810547,7,3,0.5
t025_j075,25% throughput + 75% Jain fairness,stochastic,1701,298,249,223,0.0498,0.0446,319849.2810058594,4,9,1.0
t025_j075,25% throughput + 75% Jain fairness,stochastic,1701,299,233,200,0.0466,0.04,558123.8188476562,33,13,0.5
t025_j075,25% throughput + 75% Jain fairness,stochastic,1701,300,267,244,0.0534,0.0488,220806.0433959961,14,7,1.0
t025_j075,25% throughput + 75% Jain fairness,stochastic,1701,301,259,223,0.0518,0.0446,121007.05821990968,13,5,0.5
t025_j075,25% throughput + 75% Jain fairness,stochastic,1701,302,250,232,0.05,0.0464,87353.77006530762,6,4,1.0
t025_j075,25% throughput + 75% Jain fairness,stochastic,1701,303,249,223,0.0498,0.0446,331669.79791259766,47,9,0.5
t025_j075,25% throughput + 75% Jain fairness,stochastic,1701,304,279,249,0.0558,0.0498,36372.20402526856,9,2,1.0
t025_j075,25% throughput + 75% Jain fairness,stochastic,1701,305,293,263,0.0586,0.0526,730658.5825195312,13,13,2.0
t025_j075,25% throughput + 75% Jain fairness,stochastic,1701,306,249,218,0.0498,0.0436,31529.35004425049,64,2,1.0
t025_j075,25% throughput + 75% Jain fairness,stochastic,1701,307,262,235,0.0524,0.047,85876.1441040039,20,4,1.0
t025_j075,25% throughput + 75% Jain fairness,stochastic,1701,308,253,231,0.0506,0.0462,341056.6789855957,0,9,1.0
t025_j075,25% throughput + 75% Jain fairness,stochastic,1701,309,287,271,0.0574,0.0542,634279.7927856445,21,12,1.0
t025_j075,25% throughput + 75% Jain fairness,stochastic,1701,310,263,239,0.0526,0.0478,34712.76454925537,9,2,2.0
t025_j075,25% throughput + 75% Jain fairness,stochastic,1701,311,287,261,0.0574,0.0522,707784.6555175781,17,13,1.0
t025_j075,25% throughput + 75% Jain fairness,stochastic,1701,312,301,252,0.0602,0.0504,226352.8618774414,40,7,2.0
t025_j075,25% throughput + 75% Jain fairness,stochastic,1701,313,249,223,0.0498,0.0446,262445.1854248047,11,8,0.5
t025_j075,25% throughput + 75% Jain fairness,stochastic,1701,314,258,231,0.0516,0.0462,337232.3941040039,31,9,0.5
t025_j075,25% throughput + 75% Jain fairness,stochastic,1701,315,252,219,0.0504,0.0438,363731.4479370117,29,10,1.0
t025_j075,25% throughput + 75% Jain fairness,stochastic,1701,316,276,243,0.0552,0.0486,222299.41760253903,3,7,2.0
t025_j075,25% throughput + 75% Jain fairness,stochastic,1701,317,274,247,0.0548,0.0494,505926.2079467773,22,11,1.0
t025_j075,25% throughput + 75% Jain fairness,stochastic,1701,318,256,229,0.0512,0.0458,124048.07329559326,10,5,0.5
t025_j075,25% throughput + 75% Jain fairness,stochastic,1701,319,281,252,0.0562,0.0504,506406.2138366699,14,11,2.0
t025_j075,25% throughput + 75% Jain fairness,stochastic,1701,320,250,222,0.05,0.0444,541252.08984375,11,12,1.0
t025_j075,25% throughput + 75% Jain fairness,stochastic,1701,321,270,235,0.054,0.047,214405.86822509769,14,7,2.0
t025_j075,25% throughput + 75% Jain fairness,stochastic,1701,322,245,224,0.049,0.0448,164783.1903076172,14,6,1.0
t025_j075,25% throughput + 75% Jain fairness,stochastic,1701,323,282,253,0.0564,0.0506,59806.92205810547,11,3,2.0
t025_j075,25% throughput + 75% Jain fairness,stochastic,1701,324,274,249,0.0548,0.0498,91178.2137298584,12,4,2.0
t025_j075,25% throughput + 75% Jain fairness,stochastic,1701,325,278,252,0.0556,0.0504,138746.31282806396,5,5,1.0
t025_j075,25% throughput + 75% Jain fairness,stochastic,1701,326,277,248,0.0554,0.0496,371650.9580383301,8,9,0.5
t025_j075,25% throughput + 75% Jain fairness,stochastic,1701,327,245,228,0.049,0.0456,629359.7629394531,9,13,0.5
t025_j075,25% throughput + 75% Jain fairness,stochastic,1701,328,256,237,0.0512,0.0474,490566.0194702149,42,11,0.5
t025_j075,25% throughput + 75% Jain fairness,stochastic,1701,329,289,263,0.0578,0.0526,439081.4550476074,41,10,0.5
t025_j075,25% throughput + 75% Jain fairness,stochastic,1701,330,284,258,0.0568,0.0516,384862.1239929199,19,9,0.5
t025_j075,25% throughput + 75% Jain fairness,stochastic,1701,331,271,246,0.0542,0.0492,357744.46755981445,7,9,2.0
t025_j075,25% throughput + 75% Jain fairness,stochastic,1701,332,262,244,0.0524,0.0488,675107.6169433594,118,13,0.5
t025_j075,25% throughput + 75% Jain fairness,stochastic,1701,333,263,235,0.0526,0.047,21960.294372558597,13,1,1.0
t025_j075,25% throughput + 75% Jain fairness,stochastic,1701,334,270,232,0.054,0.0464,389374.120513916,8,10,0.5
t025_j075,25% throughput + 75% Jain fairness,stochastic,1701,335,257,226,0.0514,0.0452,269912.013671875,1,8,1.0
t025_j075,25% throughput + 75% Jain fairness,stochastic,1701,336,281,253,0.0562,0.0506,787821.0408935547,43,14,0.5
t025_j075,25% throughput + 75% Jain fairness,stochastic,1701,337,263,232,0.0526,0.0464,549709.1537475586,8,12,0.5
t025_j075,25% throughput + 75% Jain fairness,stochastic,1701,338,253,224,0.0506,0.0448,532231.2216796875,26,12,0.5
t025_j075,25% throughput + 75% Jain fairness,stochastic,1701,339,285,265,0.057,0.053,898848.193359375,16,15,2.0
t025_j075,25% throughput + 75% Jain fairness,stochastic,1701,340,296,267,0.0592,0.0534,316095.72912597656,5,8,2.0
t025_j075,25% throughput + 75% Jain fairness,stochastic,1701,341,266,235,0.0532,0.047,211632.458984375,1,7,1.0
t025_j075,25% throughput + 75% Jain fairness,stochastic,1701,342,292,264,0.0584,0.0528,893230.3921508789,47,15,1.0
t025_j075,25% throughput + 75% Jain fairness,stochastic,1701,343,274,243,0.0548,0.0486,34949.82733154297,17,2,2.0
t025_j075,25% throughput + 75% Jain fairness,stochastic,1701,344,264,240,0.0528,0.048,280420.8830566406,2,8,1.0
t025_j075,25% throughput + 75% Jain fairness,stochastic,1701,345,278,244,0.0556,0.0488,358092.12982177734,20,9,2.0
t025_j075,25% throughput + 75% Jain fairness,stochastic,1701,346,264,233,0.0528,0.0466,347314.59970092773,16,9,0.5
t025_j075,25% throughput + 75% Jain fairness,stochastic,1701,347,272,240,0.0544,0.048,578463.1710205078,0,12,1.0
t025_j075,25% throughput + 75% Jain fairness,stochastic,1701,348,290,258,0.058,0.0516,718241.3078613281,31,13,2.0
t025_j075,25% throughput + 75% Jain fairness,stochastic,1701,349,248,226,0.0496,0.0452,83442.4072265625,21,4,1.0
t025_j075,25% throughput + 75% Jain fairness,stochastic,1701,350,281,246,0.0562,0.0492,129369.84967803957,23,5,2.0
t025_j075,25% throughput + 75% Jain fairness,stochastic,1701,351,262,220,0.0524,0.044,323673.5658874512,4,9,1.0
t025_j075,25% throughput + 75% Jain fairness,stochastic,1701,352,268,245,0.0536,0.049,23434.58267211914,2,1,2.0
t025_j075,25% throughput + 75% Jain fairness,stochastic,1701,353,283,247,0.0566,0.0494,679682.40234375,9,13,0.5
t025_j075,25% throughput + 75% Jain fairness,stochastic,1701,354,236,215,0.0472,0.043,49730.1637878418,7,3,1.0
t025_j075,25% throughput + 75% Jain fairness,stochastic,1701,355,289,269,0.0578,0.0538,145208.4698638916,2,5,2.0
t025_j075,25% throughput + 75% Jain fairness,stochastic,1701,356,243,220,0.0486,0.044,119359.84172058104,4,5,1.0
t025_j075,25% throughput + 75% Jain fairness,stochastic,1701,357,296,262,0.0592,0.0524,543846.673248291,15,11,2.0
t025_j075,25% throughput + 75% Jain fairness,stochastic,1701,358,272,245,0.0544,0.049,178203.67694091797,3,6,0.5
t025_j075,25% throughput + 75% Jain fairness,stochastic,1701,359,296,262,0.0592,0.0524,443026.4815979004,1,10,2.0
t025_j075,25% throughput + 75% Jain fairness,stochastic,1701,360,247,223,0.0494,0.0446,121260.4761428833,23,5,0.5
t025_j075,25% throughput + 75% Jain fairness,stochastic,1701,361,238,210,0.0476,0.042,197978.751953125,40,7,1.0
t025_j075,25% throughput + 75% Jain fairness,stochastic,1701,362,309,279,0.0618,0.0558,461173.6037292481,11,10,0.5
t025_j075,25% throughput + 75% Jain fairness,stochastic,1701,363,294,262,0.0588,0.0524,309458.54846191406,53,8,2.0
t025_j075,25% throughput + 75% Jain fairness,stochastic,1701,364,295,267,0.059,0.0534,309458.54846191406,0,8,1.0
t025_j075,25% throughput + 75% Jain fairness,stochastic,1701,365,272,247,0.0544,0.0494,505926.2079467773,18,11,1.0
t025_j075,25% throughput + 75% Jain fairness,stochastic,1701,366,276,248,0.0552,0.0496,572261.3241577148,14,12,1.0
t025_j075,25% throughput + 75% Jain fairness,stochastic,1701,367,247,222,0.0494,0.0444,159856.68255615234,98,6,1.0
t025_j075,25% throughput + 75% Jain fairness,stochastic,1701,368,266,237,0.0532,0.0474,170389.2163696289,16,6,2.0
t025_j075,25% throughput + 75% Jain fairness,stochastic,1701,369,301,285,0.0602,0.057,476164.7046203613,6,10,1.0
t025_j075,25% throughput + 75% Jain fairness,stochastic,1701,370,267,232,0.0534,0.0464,718350.8928222656,1,14,1.0
t025_j075,25% throughput + 75% Jain fairness,stochastic,1701,371,273,248,0.0546,0.0496,371650.9580383301,4,9,1.0
t025_j075,25% throughput + 75% Jain fairness,stochastic,1701,372,286,259,0.0572,0.0518,880389.7036743164,9,15,1.0
t025_j075,25% throughput + 75% Jain fairness,stochastic,1701,373,269,236,0.0538,0.0472,22136.32879638672,47,1,0.5
t025_j075,25% throughput + 75% Jain fairness,stochastic,1701,374,324,292,0.0648,0.0584,809737.0158691406,19,13,2.0
t025_j075,25% throughput + 75% Jain fairness,stochastic,1701,375,281,251,0.0562,0.0502,228272.9144287109,3,7,0.5
t025_j075,25% throughput + 75% Jain fairness,stochastic,1701,376,290,260,0.058,0.052,901255.8224487304,5,15,1.0
t025_j075,25% throughput + 75% Jain fairness,stochastic,1701,377,286,265,0.0572,0.053,385905.1107788086,9,9,1.0
t025_j075,25% throughput + 75% Jain fairness,stochastic,1701,378,249,226,0.0498,0.0452,21542.2126159668,44,1,0.5
t025_j075,25% throughput + 75% Jain fairness,stochastic,1701,379,265,239,0.053,0.0478,491046.0253601074,13,11,1.0
t025_j075,25% throughput + 75% Jain fairness,stochastic,1701,380,259,238,0.0518,0.0476,56484.31527709961,30,3,2.0
t025_j075,25% throughput + 75% Jain fairness,stochastic,1701,381,239,215,0.0478,0.043,115811.9907989502,4,5,1.0
t025_j075,25% throughput + 75% Jain fairness,stochastic,1701,382,238,216,0.0476,0.0432,50274.853424072266,3,3,0.5
t025_j075,25% throughput + 75% Jain fairness,stochastic,1701,383,279,258,0.0558,0.0516,378604.2032775879,4,9,1.0
t025_j075,25% throughput + 75% Jain fairness,stochastic,1701,384,268,242,0.0536,0.0484,581845.9965820312,18,12,0.5
t025_j075,25% throughput + 75% Jain fairness,stochastic,1701,385,261,237,0.0522,0.0474,215899.24243164065,18,7,2.0
t025_j075,25% throughput + 75% Jain fairness,stochastic,1701,386,274,244,0.0548,0.0488,675107.6169433594,6,13,1.0
t025_j075,25% throughput + 75% Jain fairness,stochastic,1701,387,275,248,0.055,0.0496,512166.28451538086,38,11,1.0
t025_j075,25% throughput + 75% Jain fairness,stochastic,1701,388,275,251,0.055,0.0502,429613.3913269043,23,10,1.0
t025_j075,25% throughput + 75% Jain fairness,stochastic,1701,389,277,251,0.0554,0.0502,421723.3382263184,16,10,1.0
t025_j075,25% throughput + 75% Jain fairness,stochastic,1701,390,260,245,0.052,0.049,417383.8090209961,0,10,2.0
t025_j075,25% throughput + 75% Jain fairness,stochastic,1701,391,271,240,0.0542,0.048,655501.3937988281,1,13,1.0
t025_j075,25% throughput + 75% Jain fairness,stochastic,1701,392,264,232,0.0528,0.0464,391741.1364440918,33,10,0.5
t025_j075,25% throughput + 75% Jain fairness,stochastic,1701,393,242,205,0.0484,0.041,151702.46282958984,14,6,1.0
t025_j075,25% throughput + 75% Jain fairness,stochastic,1701,394,290,257,0.058,0.0514,308352.3516845703,39,8,1.0
t025_j075,25% throughput + 75% Jain fairness,stochastic,1701,395,289,259,0.0578,0.0518,382428.4881591797,2,9,2.0
t025_j075,25% throughput + 75% Jain fairness,stochastic,1701,396,255,224,0.051,0.0448,21146.13516235352,6,1,0.5
t025_j075,25% throughput + 75% Jain fairness,stochastic,1701,397,281,253,0.0562,0.0506,859523.5848999023,17,15,1.0
t025_j075,25% throughput + 75% Jain fairness,stochastic,1701,398,299,268,0.0598,0.0536,741768.7756347656,8,13,1.0
t025_j075,25% throughput + 75% Jain fairness,stochastic,1701,399,277,251,0.0554,0.0502,185168.73962402344,45,6,1.0
t025_j075,25% throughput + 75% Jain fairness,stochastic,1701,400,269,246,0.0538,0.0492,413438.7824707031,36,10,1.0
t025_j075,25% throughput + 75% Jain fairness,stochastic,1701,401,253,227,0.0506,0.0454,455525.58950805664,11,11,0.5
t025_j075,25% throughput + 75% Jain fairness,stochastic,1701,402,310,281,0.062,0.0562,963854.1787719728,3,15,2.0
t025_j075,25% throughput + 75% Jain fairness,stochastic,1701,403,268,245,0.0536,0.049,404759.7240600586,8,10,1.0
t025_j075,25% throughput + 75% Jain fairness,stochastic,1701,404,230,203,0.046,0.0406,75532.76237487793,11,4,0.5
t025_j075,25% throughput + 75% Jain fairness,stochastic,1701,405,284,252,0.0568,0.0504,504966.1961669922,9,11,0.5
t025_j075,25% throughput + 75% Jain fairness,stochastic,1701,406,251,230,0.0502,0.046,173956.6875,8,6,0.5
t025_j075,25% throughput + 75% Jain fairness,stochastic,1701,407,269,252,0.0538,0.0504,229766.2886352539,22,7,2.0
t025_j075,25% throughput + 75% Jain fairness,stochastic,1701,408,237,209,0.0474,0.0418,151702.46282958984,97,6,1.0
t025_j075,25% throughput + 75% Jain fairness,stochastic,1701,409,268,246,0.0536,0.0492,414227.7877807617,1,10,0.5
t025_j075,25% throughput + 75% Jain fairness,stochastic,1701,410,291,270,0.0582,0.054,543366.6673583984,27,11,1.0
t025_j075,25% throughput + 75% Jain fairness,stochastic,1701,411,265,239,0.053,0.0478,654194.3122558594,7,13,0.5
t025_j075,25% throughput + 75% Jain fairness,stochastic,1701,412,254,224,0.0508,0.0448,459365.63662719727,7,11,0.5
t025_j075,25% throughput + 75% Jain fairness,stochastic,1701,413,244,218,0.0488,0.0436,114925.02806854248,7,5,1.0
t025_j075,25% throughput + 75% Jain fairness,stochastic,1701,414,277,242,0.0554,0.0484,288993.9080810547,18,8,2.0
t025_j075,25% throughput + 75% Jain fairness,stochastic,1701,415,280,250,0.056,0.05,869154.1012573242,1,15,1.0
t025_j075,25% throughput + 75% Jain fairness,stochastic,1701,416,275,237,0.055,0.0474,213125.833190918,14,7,1.0
t025_j075,25% throughput + 75% Jain fairness,stochastic,1701,417,295,266,0.059,0.0532,830685.6003417969,2,14,0.5
t025_j075,25% throughput + 75% Jain fairness,stochastic,1701,418,285,249,0.057,0.0498,770823.0259399414,1,14,1.0
t025_j075,25% throughput + 75% Jain fairness,stochastic,1701,419,302,270,0.0604,0.054,932555.0006103516,12,15,0.5
t025_j075,25% throughput + 75% Jain fairness,stochastic,1701,420,268,235,0.0536,0.047,350791.22232055664,14,9,0.5
t025_j075,25% throughput + 75% Jain fairness,stochastic,1701,421,256,234,0.0512,0.0468,281250.53063964844,12,8,0.5
t025_j075,25% throughput + 75% Jain fairness,stochastic,1701,422,269,241,0.0538,0.0482,357744.46755981445,15,9,0.5
t025_j075,25% throughput + 75% Jain fairness,stochastic,1701,423,280,246,0.056,0.0492,507846.23150634766,11,11,1.0
t025_j075,25% throughput + 75% Jain fairness,stochastic,1701,424,266,244,0.0532,0.0488,23830.660125732426,1,1,1.0
t025_j075,25% throughput + 75% Jain fairness,stochastic,1701,425,258,227,0.0516,0.0454,377539.0408630371,8,10,0.5
t025_j075,25% throughput + 75% Jain fairness,stochastic,1701,426,247,223,0.0494,0.0446,264657.5789794922,73,8,1.0
t025_j075,25% throughput + 75% Jain fairness,stochastic,1701,427,244,223,0.0488,0.0446,32443.735061645508,18,2,0.5
t025_j075,25% throughput + 75% Jain fairness,stochastic,1701,428,288,256,0.0576,0.0512,302268.2694091797,7,8,0.5
t025_j075,25% throughput + 75% Jain fairness,stochastic,1701,429,246,213,0.0492,0.0426,151702.46282958984,32,6,0.5
t025_j075,25% throughput + 75% Jain fairness,stochastic,1701,430,276,257,0.0552,0.0514,298949.67907714844,2,8,1.0
t025_j075,25% throughput + 75% Jain fairness,stochastic,1701,431,268,244,0.0536,0.0488,499686.1313781738,7,11,0.5
t025_j075,25% throughput + 75% Jain fairness,stochastic,1701,432,274,248,0.0548,0.0496,422906.8461914063,6,10,0.5
t025_j075,25% throughput + 75% Jain fairness,stochastic,1701,433,243,214,0.0486,0.0428,117332.498336792,8,5,0.5
t025_j075,25% throughput + 75% Jain fairness,stochastic,1701,434,273,250,0.0546,0.05,367479.0108947754,5,9,0.5
t025_j075,25% throughput + 75% Jain fairness,stochastic,1701,435,279,256,0.0558,0.0512,141153.78309631348,3,5,1.0
t025_j075,25% throughput + 75% Jain fairness,stochastic,1701,436,274,243,0.0548,0.0486,501606.15493774414,43,11,2.0
t025_j075,25% throughput + 75% Jain fairness,stochastic,1701,437,263,239,0.0526,0.0478,88396.80015563965,22,4,2.0
t025_j075,25% throughput + 75% Jain fairness,stochastic,1701,438,239,221,0.0478,0.0442,20574.02328491211,21,1,0.5
t025_j075,25% throughput + 75% Jain fairness,stochastic,1701,439,284,266,0.0568,0.0532,444604.4922180176,127,10,0.5
t025_j075,25% throughput + 75% Jain fairness,stochastic,1701,440,258,231,0.0516,0.0462,211632.458984375,19,7,0.5
t025_j075,25% throughput + 75% Jain fairness,stochastic,1701,441,250,219,0.05,0.0438,201605.5178833008,11,7,0.5
t025_j075,25% throughput + 75% Jain fairness,stochastic,1701,442,257,235,0.0514,0.047,279314.6862792969,25,8,0.5
t025_j075,25% throughput + 75% Jain fairness,stochastic,1701,443,284,263,0.0568,0.0526,37557.51793670654,46,2,2.0
t025_j075,25% throughput + 75% Jain fairness,stochastic,1701,444,277,256,0.0554,0.0512,303927.5645751953,2,8,1.0
t025_j075,25% throughput + 75% Jain fairness,stochastic,1701,445,264,241,0.0528,0.0482,34949.82733154297,16,2,1.0
t025_j075,25% throughput + 75% Jain fairness,stochastic,1701,446,246,223,0.0492,0.0446,330626.811126709,1,9,0.5
t025_j075,25% throughput + 75% Jain fairness,stochastic,1701,447,253,234,0.0506,0.0468,22004.302978515625,1,1,0.5
t025_j075,25% throughput + 75% Jain fairness,stochastic,1701,448,270,247,0.054,0.0494,506886.2197265625,20,11,1.0
t025_j075,25% throughput + 75% Jain fairness,stochastic,1701,449,229,210,0.0458,0.042,30885.89392089844,21,2,0.5
t025_j075,25% throughput + 75% Jain fairness,stochastic,1701,450,276,246,0.0552,0.0492,679028.8615722656,68,13,0.5
t025_j075,25% throughput + 75% Jain fairness,stochastic,1701,451,287,266,0.0574,0.0532,540006.6261291504,8,11,1.0
t025_j075,25% throughput + 75% Jain fairness,stochastic,1701,452,264,243,0.0528,0.0486,175995.24243164062,1,6,0.5
t025_j075,25% throughput + 75% Jain fairness,stochastic,1701,453,262,240,0.0524,0.048,394108.1523742676,13,10,0.5
t025_j075,25% throughput + 75% Jain fairness,stochastic,1701,454,278,261,0.0556,0.0522,37625.250160217285,11,2,2.0
t025_j075,25% throughput + 75% Jain fairness,stochastic,1701,455,245,221,0.049,0.0442,50383.79135131836,0,3,0.5
t025_j075,25% throughput + 75% Jain fairness,stochastic,1701,456,286,251,0.0572,0.0502,698635.0847167969,6,13,0.5
t025_j075,25% throughput + 75% Jain fairness,stochastic,1701,457,305,286,0.061,0.0572,983917.7545166016,13,15,1.0
t025_j075,25% throughput + 75% Jain fairness,stochastic,1701,458,278,250,0.0556,0.05,869154.1012573242,12,15,0.5
t025_j075,25% throughput + 75% Jain fairness,stochastic,1701,459,244,221,0.0488,0.0442,20706.049102783203,15,1,0.5
t025_j075,25% throughput + 75% Jain fairness,stochastic,1701,460,291,260,0.0582,0.052,718894.8486328125,24,13,0.5
t025_j075,25% throughput + 75% Jain fairness,stochastic,1701,461,276,251,0.0552,0.0502,369564.98446655273,0,9,0.5
t025_j075,25% throughput + 75% Jain fairness,stochastic,1701,462,268,244,0.0536,0.0488,132917.7005996704,1,5,1.0
t025_j075,25% throughput + 75% Jain fairness,stochastic,1701,463,283,257,0.0566,0.0514,235099.76794433597,5,7,2.0
t025_j075,25% throughput + 75% Jain fairness,stochastic,1701,464,298,270,0.0596,0.054,910886.3388061523,27,15,2.0
t025_j075,25% throughput + 75% Jain fairness,stochastic,1701,465,257,234,0.0514,0.0468,84311.59896850586,8,4,1.0
t025_j075,25% throughput + 75% Jain fairness,stochastic,1701,466,262,234,0.0524,0.0468,214619.2073974609,5,7,0.5
t025_j075,25% throughput + 75% Jain fairness,stochastic,1701,467,268,242,0.0536,0.0484,477605.8604431152,10,11,1.0
t025_j075,25% throughput + 75% Jain fairness,stochastic,1701,468,278,251,0.0556,0.0502,513126.296295166,3,11,2.0
t025_j075,25% throughput + 75% Jain fairness,stochastic,1701,469,259,237,0.0518,0.0474,280973.9814453125,47,8,0.5
t025_j075,25% throughput + 75% Jain fairness,stochastic,1701,470,269,245,0.0538,0.049,36169.00735473633,32,2,1.0
t025_j075,25% throughput + 75% Jain fairness,stochastic,1701,471,269,245,0.0538,0.049,56920.066986083984,6,3,1.0
t025_j075,25% throughput + 75% Jain fairness,stochastic,1701,472,307,267,0.0614,0.0534,451311.0373535156,19,10,0.5
t025_j075,25% throughput + 75% Jain fairness,stochastic,1701,473,303,274,0.0606,0.0548,852856.9241943359,17,14,2.0
t025_j075,25% throughput + 75% Jain fairness,stochastic,1701,474,298,274,0.0596,0.0548,924529.5703125,13,15,1.0
t025_j075,25% throughput + 75% Jain fairness,stochastic,1701,475,249,230,0.0498,0.046,33121.05729675293,4,2,0.5
t025_j075,25% throughput + 75% Jain fairness,stochastic,1701,476,249,231,0.0498,0.0462,88222.96180725098,24,4,0.5
t025_j075,25% throughput + 75% Jain fairness,stochastic,1701,477,276,245,0.0552,0.049,414227.7877807617,76,10,0.5
t025_j075,25% throughput + 75% Jain fairness,stochastic,1701,478,263,230,0.0526,0.046,343490.31481933594,2,9,1.0
t025_j075,25% throughput + 75% Jain fairness,stochastic,1701,479,286,263,0.0572,0.0526,62203.55645751953,12,3,1.0
t025_j075,25% throughput + 75% Jain fairness,stochastic,1701,480,265,248,0.053,0.0496,292865.5968017578,1,8,0.5
t025_j075,25% throughput + 75% Jain fairness,stochastic,1701,481,231,201,0.0462,0.0402,18549.627410888672,1,1,0.5
t025_j075,25% throughput + 75% Jain fairness,stochastic,1701,482,278,243,0.0556,0.0486,495366.0783691406,4,11,0.5
t025_j075,25% throughput + 75% Jain fairness,stochastic,1701,483,280,255,0.056,0.051,718241.3078613281,9,13,1.0
t025_j075,25% throughput + 75% Jain fairness,stochastic,1701,484,288,255,0.0576,0.051,604961.9712524414,59,12,1.0
t025_j075,25% throughput + 75% Jain fairness,stochastic,1701,485,265,239,0.053,0.0478,166142.22692871094,1,6,2.0
t025_j075,25% throughput + 75% Jain fairness,stochastic,1701,486,263,245,0.0526,0.049,226352.8618774414,1,7,0.5
t025_j075,25% throughput + 75% Jain fairness,stochastic,1701,487,295,267,0.059,0.0534,97436.3942718506,8,4,1.0
t025_j075,25% throughput + 75% Jain fairness,stochastic,1701,488,300,265,0.06,0.053,834380.8209838867,3,14,1.0
t025_j075,25% throughput + 75% Jain fairness,stochastic,1701,489,225,203,0.045,0.0406,46843.30871582031,9,3,0.5
t025_j075,25% throughput + 75% Jain fairness,stochastic,1701,490,268,247,0.0536,0.0494,360525.7656555176,21,9,0.5
t025_j075,25% throughput + 75% Jain fairness,stochastic,1701,491,244,222,0.0488,0.0444,459365.63662719727,18,11,1.0
t025_j075,25% throughput + 75% Jain fairness,stochastic,1701,492,263,240,0.0526,0.048,35017.55955505371,10,2,0.5
t025_j075,25% throughput + 75% Jain fairness,stochastic,1701,493,262,233,0.0524,0.0466,167501.2635498047,13,6,1.0
t025_j075,25% throughput + 75% Jain fairness,stochastic,1701,494,321,286,0.0642,0.0572,331582.48400878906,16,8,2.0
t025_j075,25% throughput + 75% Jain fairness,stochastic,1701,495,293,267,0.0586,0.0534,642173.0524291992,23,12,2.0
t025_j075,25% throughput + 75% Jain fairness,stochastic,1701,496,260,234,0.052,0.0468,126582.2525253296,30,5,1.0
t025_j075,25% throughput + 75% Jain fairness,stochastic,1701,497,251,228,0.0502,0.0456,33459.71841430664,32,2,2.0
t025_j075,25% throughput + 75% Jain fairness,stochastic,1701,498,279,249,0.0558,0.0498,293695.2443847656,1,8,0.5
t025_j075,25% throughput + 75% Jain fairness,stochastic,1701,499,270,242,0.054,0.0484,35491.685119628906,4,2,2.0
t025_j075,25% throughput + 75% Jain fairness,stochastic,1701,500,285,259,0.057,0.0518,37422.05348968506,5,2,2.0
t025_j075,25% throughput + 75% Jain fairness,stochastic,1701,501,247,219,0.0494,0.0438,761613.3352661133,0,15,0.5
t025_j075,25% throughput + 75% Jain fairness,stochastic,1701,502,286,257,0.0572,0.0514,786342.9526367188,5,14,0.5
t025_j075,25% throughput + 75% Jain fairness,stochastic,1701,503,249,219,0.0498,0.0438,155949.4522705078,59,6,0.5
t025_j075,25% throughput + 75% Jain fairness,stochastic,1701,504,262,240,0.0524,0.048,662036.8015136719,4,13,0.5
t025_j075,25% throughput + 75% Jain fairness,stochastic,1701,505,289,261,0.0578,0.0522,824034.2031860352,4,14,1.0
t025_j075,25% throughput + 75% Jain fairness,stochastic,1701,506,270,240,0.054,0.048,34645.03232574463,16,2,1.0
t025_j075,25% throughput + 75% Jain fairness,stochastic,1701,507,297,267,0.0594,0.0534,551046.7615966797,67,11,1.0
t025_j075,25% throughput + 75% Jain fairness,stochastic,1701,508,250,227,0.05,0.0454,52344.67404174805,20,3,1.0
t025_j075,25% throughput + 75% Jain fairness,stochastic,1701,509,260,238,0.052,0.0476,281527.0798339844,44,8,0.5
t025_j075,25% throughput + 75% Jain fairness,stochastic,1701,510,241,217,0.0482,0.0434,158837.40509033203,9,6,0.5
t025_j075,25% throughput + 75% Jain fairness,stochastic,1701,511,271,245,0.0542,0.049,496326.0901489258,12,11,1.0
t025_j075,25% throughput + 75% Jain fairness,stochastic,1701,512,286,257,0.0572,0.0514,434741.9258422852,18,10,1.0
t025_j075,25% throughput + 75% Jain fairness,stochastic,1701,513,235,216,0.047,0.0432,81617.10456848145,20,4,0.5
t025_j075,25% throughput + 75% Jain fairness,stochastic,1701,514,272,247,0.0544,0.0494,35559.41734313965,2,2,0.5
t025_j075,25% throughput + 75% Jain fairness,stochastic,1701,515,253,234,0.0506,0.0468,34238.638984680176,27,2,0.5
t025_j075,25% throughput + 75% Jain fairness,stochastic,1701,516,252,232,0.0504,0.0464,21938.29006958008,13,1,1.0
t025_j075,25% throughput + 75% Jain fairness,stochastic,1701,517,275,256,0.055,0.0512,185848.2579345703,17,6,2.0
t025_j075,25% throughput + 75% Jain fairness,stochastic,1701,518,251,225,0.0502,0.045,83355.48805236816,21,4,0.5
t025_j075,25% throughput + 75% Jain fairness,stochastic,1701,519,266,238,0.0532,0.0476,492486.0430297852,8,11,1.0
t025_j075,25% throughput + 75% Jain fairness,stochastic,1701,520,239,218,0.0478,0.0436,674008.2451171875,32,14,0.5
t025_j075,25% throughput + 75% Jain fairness,stochastic,1701,521,224,205,0.0448,0.041,30039.24112701416,30,2,1.0
t025_j075,25% throughput + 75% Jain fairness,stochastic,1701,522,244,225,0.0488,0.045,32816.26229095459,18,2,1.0
t025_j075,25% throughput + 75% Jain fairness,stochastic,1701,523,277,242,0.0554,0.0484,571697.5198974609,45,12,2.0
t025_j075,25% throughput + 75% Jain fairness,stochastic,1701,524,309,283,0.0618,0.0566,203855.4931640625,22,6,2.0
t025_j075,25% throughput + 75% Jain fairness,stochastic,1701,525,283,247,0.0566,0.0494,804819.055847168,87,14,2.0
t025_j075,25% throughput + 75% Jain fairness,stochastic,1701,526,271,249,0.0542,0.0498,414227.7877807617,43,10,1.0
t025_j075,25% throughput + 75% Jain fairness,stochastic,1701,527,246,217,0.0492,0.0434,117585.91625976562,6,5,0.5
t025_j075,25% throughput + 75% Jain fairness,stochastic,1701,528,244,219,0.0488,0.0438,362547.9399719238,4,10,0.5
t025_j075,25% throughput + 75% Jain fairness,stochastic,1701,529,262,236,0.0524,0.0472,403181.7134399414,5,10,0.5
t025_j075,25% throughput + 75% Jain fairness,stochastic,1701,530,278,242,0.0556,0.0484,667918.6684570312,0,13,2.0
t025_j075,25% throughput + 75% Jain fairness,stochastic,1701,531,308,284,0.0616,0.0568,961446.5496826172,1,15,1.0
t025_j075,25% throughput + 75% Jain fairness,stochastic,1701,532,241,220,0.0482,0.044,81704.02374267578,17,4,1.0
t025_j075,25% throughput + 75% Jain fairness,stochastic,1701,533,269,232,0.0538,0.0464,33662.91508483887,86,2,0.5
t025_j075,25% throughput + 75% Jain fairness,stochastic,1701,534,290,261,0.058,0.0522,626950.3374023438,2,12,2.0
t025_j075,25% throughput + 75% Jain fairness,stochastic,1701,535,238,213,0.0476,0.0426,50002.50860595703,15,3,0.5
t025_j075,25% throughput + 75% Jain fairness,stochastic,1701,536,251,228,0.0502,0.0456,334451.0960083008,18,9,0.5
t025_j075,25% throughput + 75% Jain fairness,stochastic,1701,537,267,238,0.0534,0.0476,89352.91107177734,6,4,1.0
t025_j075,25% throughput + 75% Jain fairness,stochastic,1701,538,232,208,0.0464,0.0416,76836.54998779297,32,4,1.0
t025_j075,25% throughput + 75% Jain fairness,stochastic,1701,539,268,238,0.0536,0.0476,89265.99189758301,7,4,1.0
t025_j075,25% throughput + 75% Jain fairness,stochastic,1701,540,273,240,0.0546,0.048,477605.8604431152,28,11,0.5
t025_j075,25% throughput + 75% Jain fairness,stochastic,1701,541,291,260,0.0582,0.052,880389.7036743164,0,15,0.5
t025_j075,25% throughput + 75% Jain fairness,stochastic,1701,542,252,220,0.0504,0.044,369254.4851074219,11,10,1.0
t025_j075,25% throughput + 75% Jain fairness,stochastic,1701,543,253,231,0.0506,0.0462,33527.45063781738,14,2,1.0
t025_j075,25% throughput + 75% Jain fairness,stochastic,1701,544,262,231,0.0524,0.0462,554783.3920898438,82,12,1.0
t025_j075,25% throughput + 75% Jain fairness,stochastic,1701,545,305,277,0.061,0.0554,411979.7804260254,67,9,2.0
t025_j075,25% throughput + 75% Jain fairness,stochastic,1701,546,266,249,0.0532,0.0498,419356.3222961426,16,10,0.5
t025_j075,25% throughput + 75% Jain fairness,stochastic,1701,547,263,239,0.0526,0.0478,350791.22232055664,23,9,1.0
t025_j075,25% throughput + 75% Jain fairness,stochastic,1701,548,256,233,0.0512,0.0466,397264.173614502,57,10,2.0
t025_j075,25% throughput + 75% Jain fairness,stochastic,1701,549,267,241,0.0534,0.0482,288440.8096923828,24,8,1.0
t025_j075,25% throughput + 75% Jain fairness,stochastic,1701,550,274,244,0.0548,0.0488,772301.1141967773,1,14,1.0
t025_j075,25% throughput + 75% Jain fairness,stochastic,1701,551,253,228,0.0506,0.0456,379511.5541381836,14,10,0.5
t025_j075,25% throughput + 75% Jain fairness,stochastic,1701,552,257,241,0.0514,0.0482,177014.51989746094,10,6,1.0
t025_j075,25% throughput + 75% Jain fairness,stochastic,1701,553,294,258,0.0588,0.0516,814426.6295166016,66,14,2.0
t025_j075,25% throughput + 75% Jain fairness,stochastic,1701,554,265,235,0.053,0.047,272954.0548095703,0,8,1.0
t025_j075,25% throughput + 75% Jain fairness,stochastic,1701,555,231,216,0.0462,0.0432,31326.15337371826,29,2,1.0
t025_j075,25% throughput + 75% Jain fairness,stochastic,1701,556,304,270,0.0608,0.054,549126.7380371094,27,11,1.0
t025_j075,25% throughput + 75% Jain fairness,stochastic,1701,557,276,241,0.0552,0.0482,582409.8008422852,10,12,1.0
t025_j075,25% throughput + 75% Jain fairness,stochastic,1701,558,282,249,0.0564,0.0498,288717.35888671875,6,8,0.5
t025_j075,25% throughput + 75% Jain fairness,stochastic,1701,559,256,233,0.0512,0.0466,272677.5056152344,8,8,0.5
t025_j075,25% throughput + 75% Jain fairness,stochastic,1701,560,250,227,0.05,0.0454,54305.55673217773,4,3,0.5
t025_j075,25% throughput + 75% Jain fairness,stochastic,1701,561,241,225,0.0482,0.045,380300.5594482422,15,10,0.5
t025_j075,25% throughput + 75% Jain fairness,stochastic,1701,562,253,227,0.0506,0.0454,83790.08392333984,5,4,1.0
t025_j075,25% throughput + 75% Jain fairness,stochastic,1701,563,280,257,0.056,0.0514,615674.2521972656,11,12,1.0
t025_j075,25% throughput + 75% Jain fairness,stochastic,1701,564,249,227,0.0498,0.0454,21476.19970703125,7,1,1.0
t025_j075,25% throughput + 75% Jain fairness,stochastic,1701,565,266,241,0.0532,0.0482,498246.1137084961,2,11,0.5
t025_j075,25% throughput + 75% Jain fairness,stochastic,1701,566,274,244,0.0548,0.0488,495366.0783691406,24,11,0.5
t025_j075,25% throughput + 75% Jain fairness,stochastic,1701,567,280,254,0.056,0.0508,615674.2521972656,52,12,1.0
t025_j075,25% throughput + 75% Jain fairness,stochastic,1701,568,288,259,0.0576,0.0518,428035.3807067871,1,10,0.5
t025_j075,25% throughput + 75% Jain fairness,stochastic,1701,569,282,253,0.0564,0.0506,37049.52626037598,7,2,2.0
t025_j075,25% throughput + 75% Jain fairness,stochastic,1701,570,282,257,0.0564,0.0514,434347.4231872559,35,10,0.5
t025_j075,25% throughput + 75% Jain fairness,stochastic,1701,571,242,219,0.0484,0.0438,118092.75210571288,5,5,0.5
t025_j075,25% throughput + 75% Jain fairness,stochastic,1701,572,283,256,0.0566,0.0512,613982.8394165039,13,12,1.0
t025_j075,25% throughput + 75% Jain fairness,stochastic,1701,573,262,235,0.0524,0.047,54850.2463684082,74,3,1.0
t025_j075,25% throughput + 75% Jain fairness,stochastic,1701,574,269,234,0.0538,0.0468,276272.6451416016,69,8,1.0
t025_j075,25% throughput + 75% Jain fairness,stochastic,1701,575,284,257,0.0568,0.0514,883599.875793457,1,15,0.5
t025_j075,25% throughput + 75% Jain fairness,stochastic,1701,576,284,269,0.0568,0.0538,652885.3333740234,13,12,2.0
t025_j075,25% throughput + 75% Jain fairness,stochastic,1701,577,268,243,0.0536,0.0486,88657.55767822266,41,4,0.5
t025_j075,25% throughput + 75% Jain fairness,stochastic,1701,578,231,209,0.0462,0.0418,47769.28109741211,24,3,0.5
t025_j075,25% throughput + 75% Jain fairness,stochastic,1701,579,265,230,0.053,0.046,207365.67553710935,32,7,2.0
t025_j075,25% throughput + 75% Jain fairness,stochastic,1701,580,235,215,0.047,0.043,31089.090591430664,8,2,0.5
t025_j075,25% throughput + 75% Jain fairness,stochastic,1701,581,310,284,0.062,0.0568,786209.5480957031,54,13,2.0
t025_j075,25% throughput + 75% Jain fairness,stochastic,1701,582,247,223,0.0494,0.0446,258850.0458984375,61,8,1.0
t025_j075,25% throughput + 75% Jain fairness,stochastic,1701,583,290,261,0.058,0.0522,626950.3374023438,19,12,0.5
t025_j075,25% throughput + 75% Jain fairness,stochastic,1701,584,246,224,0.0492,0.0448,21388.182495117188,14,1,0.5
t025_j075,25% throughput + 75% Jain fairness,stochastic,1701,585,257,233,0.0514,0.0466,126328.83460235596,32,5,1.0
t025_j075,25% throughput + 75% Jain fairness,stochastic,1701,586,256,227,0.0512,0.0454,53924.273986816406,15,3,2.0
t025_j075,25% throughput + 75% Jain fairness,stochastic,1701,587,247,226,0.0494,0.0452,32816.26229095459,12,2,0.5
t025_j075,25% throughput + 75% Jain fairness,stochastic,1701,588,233,210,0.0466,0.042,50056.97756958008,30,3,0.5
t025_j075,25% throughput + 75% Jain fairness,stochastic,1701,589,265,238,0.053,0.0476,216965.93829345703,12,7,1.0
t025_j075,25% throughput + 75% Jain fairness,stochastic,1701,590,238,214,0.0476,0.0428,78227.25677490234,3,4,0.5
t025_j075,25% throughput + 75% Jain fairness,stochastic,1701,591,271,252,0.0542,0.0504,298673.1298828125,28,8,1.0
t025_j075,25% throughput + 75% Jain fairness,stochastic,1701,592,243,223,0.0486,0.0446,52562.54989624024,2,3,0.5
t025_j075,25% throughput + 75% Jain fairness,stochastic,1701,593,296,268,0.0592,0.0536,401202.2503051758,36,9,2.0
t025_j075,25% throughput + 75% Jain fairness,stochastic,1701,594,238,208,0.0476,0.0416,49022.06726074219,29,3,0.5
t025_j075,25% throughput + 75% Jain fairness,stochastic,1701,595,243,216,0.0486,0.0432,19979.907104492188,83,1,1.0
t025_j075,25% throughput + 75% Jain fairness,stochastic,1701,596,245,225,0.049,0.045,52943.83264160156,7,3,1.0
t025_j075,25% throughput + 75% Jain fairness,stochastic,1701,597,239,223,0.0478,0.0446,205232.28381347656,1,7,0.5
t025_j075,25% throughput + 75% Jain fairness,stochastic,1701,598,250,227,0.05,0.0454,623477.8959960938,20,13,0.5
t025_j075,25% throughput + 75% Jain fairness,stochastic,1701,599,270,243,0.054,0.0486,36033.54290771485,2,2,1.0
t025_j075,25% throughput + 75% Jain fairness,stochastic,1701,600,241,213,0.0482,0.0426,50056.97756958008,27,3,0.5
t025_j075,25% throughput + 75% Jain fairness,stochastic,1701,601,254,233,0.0508,0.0466,128482.88694763184,45,5,2.0
t025_j075,25% throughput + 75% Jain fairness,stochastic,1701,602,269,239,0.0538,0.0478,361221.09017944336,15,9,1.0
t025_j075,25% throughput + 75% Jain fairness,stochastic,1701,603,228,205,0.0456,0.041,19297.773712158203,15,1,0.5
t025_j075,25% throughput + 75% Jain fairness,stochastic,1701,604,230,206,0.046,0.0412,30005.37501525879,7,2,0.5
t025_j075,25% throughput + 75% Jain fairness,stochastic,1701,605,283,266,0.0566,0.0532,192133.8023071289,45,6,2.0
t025_j075,25% throughput + 75% Jain fairness,stochastic,1701,606,266,245,0.0532,0.049,176165.12200927734,1,6,1.0
t025_j075,25% throughput + 75% Jain fairness,stochastic,1701,607,258,227,0.0516,0.0454,336884.731842041,3,9,0.5
t025_j075,25% throughput + 75% Jain fairness,stochastic,1701,608,292,258,0.0584,0.0516,24380.767700195312,90,1,2.0
t025_j075,25% throughput + 75% Jain fairness,stochastic,1701,609,260,237,0.052,0.0474,571697.5198974609,0,12,0.5
t025_j075,25% throughput + 75% Jain fairness,stochastic,1701,610,277,255,0.0554,0.051,423301.3488464356,9,10,1.0
t025_j075,25% throughput + 75% Jain fairness,stochastic,1701,611,271,242,0.0542,0.0484,757520.231628418,0,14,1.0
t025_j075,25% throughput + 75% Jain fairness,stochastic,1701,612,271,241,0.0542,0.0482,358787.4543457031,61,9,0.5
t025_j075,25% throughput + 75% Jain fairness,stochastic,1701,613,266,239,0.0532,0.0478,88831.39602661133,40,4,1.0
t025_j075,25% throughput + 75% Jain fairness,stochastic,1701,614,223,198,0.0446,0.0396,145416.91845703125,20,6,1.0
t025_j075,25% throughput + 75% Jain fairness,stochastic,1701,615,263,234,0.0526,0.0468,213339.17236328125,10,7,1.0
t025_j075,25% throughput + 75% Jain fairness,stochastic,1701,616,240,221,0.048,0.0442,31969.609497070312,36,2,0.5
t025_j075,25% throughput + 75% Jain fairness,stochastic,1701,617,252,233,0.0504,0.0466,125061.7449874878,18,5,1.0
t025_j075,25% throughput + 75% Jain fairness,stochastic,1701,618,272,243,0.0544,0.0486,494886.0724792481,11,11,1.0
t025_j075,25% throughput + 75% Jain fairness,stochastic,1701,619,248,224,0.0496,0.0448,122020.7299118042,30,5,0.5
t025_j075,25% throughput + 75% Jain fairness,stochastic,1701,620,253,220,0.0506,0.044,524901.7662963867,2,12,1.0
t025_j075,25% throughput + 75% Jain fairness,stochastic,1701,621,268,235,0.0536,0.047,770441.30859375,6,15,0.5
t025_j075,25% throughput + 75% Jain fairness,stochastic,1701,622,250,225,0.05,0.045,164103.6719970703,12,6,0.5
t025_j075,25% throughput + 75% Jain fairness,stochastic,1701,623,283,262,0.0566,0.0524,433952.92053222656,5,10,0.5
t025_j075,25% throughput + 75% Jain fairness,stochastic,1701,624,269,248,0.0538,0.0496,58336.2600402832,24,3,1.0
t025_j075,25% throughput + 75% Jain fairness,stochastic,1701,625,243,222,0.0486,0.0444,258296.9475097656,14,8,0.5
t025_j075,25% throughput + 75% Jain fairness,stochastic,1701,626,250,228,0.05,0.0456,547453.936706543,10,12,0.5
t025_j075,25% throughput + 75% Jain fairness,stochastic,1701,627,306,274,0.0612,0.0548,328263.8936767578,35,8,2.0
t025_j075,25% throughput + 75% Jain fairness,stochastic,1701,628,305,275,0.061,0.055,926937.1994018556,10,15,2.0
t025_j075,25% throughput + 75% Jain fairness,stochastic,1701,629,263,236,0.0526,0.0472,171578.37341308594,6,6,0.5
t025_j075,25% throughput + 75% Jain fairness,stochastic,1701,630,228,208,0.0456,0.0416,154930.1748046875,1,6,0.5
t025_j075,25% throughput + 75% Jain fairness,stochastic,1701,631,280,250,0.056,0.05,294524.89196777344,10,8,1.0
t025_j075,25% throughput + 75% Jain fairness,stochastic,1701,632,281,253,0.0562,0.0506,421328.83557128906,5,10,2.0
t025_j075,25% throughput + 75% Jain fairness,stochastic,1701,633,241,215,0.0482,0.043,152212.1015625,7,6,0.5
t025_j075,25% throughput + 75% Jain fairness,stochastic,1701,634,226,212,0.0452,0.0424,195845.3602294922,10,7,0.5
t025_j075,25% throughput + 75% Jain fairness,stochastic,1701,635,254,223,0.0508,0.0446,328888.49981689453,0,9,1.0
t025_j075,25% throughput + 75% Jain fairness,stochastic,1701,636,271,241,0.0542,0.0482,56865.59802246094,22,3,1.0
t025_j075,25% throughput + 75% Jain fairness,stochastic,1701,637,267,250,0.0534,0.05,136972.38736724854,47,5,0.5
t025_j075,25% throughput + 75% Jain fairness,stochastic,1701,638,252,226,0.0504,0.0452,33121.05729675293,28,2,1.0
t025_j075,25% throughput + 75% Jain fairness,stochastic,1701,639,265,229,0.053,0.0458,387401.60723876953,9,10,0.5
t025_j075,25% throughput + 75% Jain fairness,stochastic,1701,640,275,249,0.055,0.0498,418172.8143310547,2,10,1.0
t025_j075,25% throughput + 75% Jain fairness,stochastic,1701,641,326,294,0.0652,0.0588,596167.315246582,5,11,2.0
t025_j075,25% throughput + 75% Jain fairness,stochastic,1701,642,247,215,0.0494,0.043,20353.980255126957,8,1,0.5
t025_j075,25% throughput + 75% Jain fairness,stochastic,1701,643,270,232,0.054,0.0464,348357.5864868164,53,9,0.5
t025_j075,25% throughput + 75% Jain fairness,stochastic,1701,644,243,219,0.0486,0.0438,322282.9168395996,40,9,0.5
t025_j075,25% throughput + 75% Jain fairness,stochastic,1701,645,263,231,0.0526,0.0462,712438.5397949219,53,14,1.0
t025_j075,25% throughput + 75% Jain fairness,stochastic,1701,646,275,246,0.055,0.0492,500166.1372680664,3,11,0.5
t025_j075,25% throughput + 75% Jain fairness,stochastic,1701,647,253,213,0.0506,0.0426,191151.8984375,12,7,1.0
t025_j075,25% throughput + 75% Jain fairness,stochastic,1701,648,254,235,0.0508,0.047,740522.2166748047,57,14,0.5
t025_j075,25% throughput + 75% Jain fairness,stochastic,1701,649,283,254,0.0566,0.0508,784125.8202514648,15,14,1.0
t025_j075,25% throughput + 75% Jain fairness,stochastic,1701,650,264,244,0.0528,0.0488,279867.78466796875,0,8,1.0
t025_j075,25% throughput + 75% Jain fairness,stochastic,1701,651,234,204,0.0468,0.0408,48531.846588134766,16,3,1.0
t025_j075,25% throughput + 75% Jain fairness,stochastic,1701,652,272,238,0.0544,0.0476,22312.363220214844,1,1,0.5
t025_j075,25% throughput + 75% Jain fairness,stochastic,1701,653,249,223,0.0498,0.0446,52072.32922363281,31,3,1.0
t025_j075,25% throughput + 75% Jain fairness,stochastic,1701,654,278,253,0.0556,0.0506,376170.56744384766,1,9,0.5
t025_j075,25% throughput + 75% Jain fairness,stochastic,1701,655,234,207,0.0468,0.0414,19627.838256835938,6,1,1.0
t025_j075,25% throughput + 75% Jain fairness,stochastic,1701,656,239,214,0.0478,0.0428,360180.92404174805,10,10,0.5
t025_j075,25% throughput + 75% Jain fairness,stochastic,1701,657,260,241,0.052,0.0482,57137.94284057617,37,3,0.5
t025_j075,25% throughput + 75% Jain fairness,stochastic,1701,658,265,247,0.053,0.0494,23434.58267211914,7,1,2.0
t025_j075,25% throughput + 75% Jain fairness,stochastic,1701,659,274,237,0.0548,0.0474,278761.587890625,2,8,1.0
t025_j075,25% throughput + 75% Jain fairness,stochastic,1701,660,263,233,0.0526,0.0466,215259.2249145508,20,7,1.0
t025_j075,25% throughput + 75% Jain fairness,stochastic,1701,661,289,254,0.0578,0.0508,517926.3551940918,58,11,2.0
t025_j075,25% throughput + 75% Jain fairness,stochastic,1701,662,285,255,0.057,0.051,429613.3913269043,9,10,1.0
t025_j075,25% throughput + 75% Jain fairness,stochastic,1701,663,278,248,0.0556,0.0496,677068.2392578125,0,13,1.0
t025_j075,25% throughput + 75% Jain fairness,stochastic,1701,664,262,231,0.0524,0.0462,169879.57763671875,0,6,0.5
t025_j075,25% throughput + 75% Jain fairness,stochastic,1701,665,270,249,0.054,0.0498,785603.9085083008,5,14,1.0
t025_j075,25% throughput + 75% Jain fairness,stochastic,1701,666,302,277,0.0604,0.0554,881679.6452026367,3,14,1.0
t025_j075,25% throughput + 75% Jain fairness,stochastic,1701,667,250,221,0.05,0.0442,697657.6572265625,28,14,0.5
t025_j075,25% throughput + 75% Jain fairness,stochastic,1701,668,264,239,0.0528,0.0478,353920.18267822266,101,9,0.5
t025_j075,25% throughput + 75% Jain fairness,stochastic,1701,669,245,219,0.049,0.0438,324021.22814941406,27,9,1.0
t025_j075,25% throughput + 75% Jain fairness,stochastic,1701,670,260,234,0.052,0.0468,558730.0219116211,29,12,1.0
t025_j075,25% throughput + 75% Jain fairness,stochastic,1701,671,249,226,0.0498,0.0452,84833.11401367188,32,4,0.5
t025_j075,25% throughput + 75% Jain fairness,stochastic,1701,672,295,268,0.059,0.0536,242353.2998046875,3,7,2.0
t025_j075,25% throughput + 75% Jain fairness,stochastic,1701,673,240,219,0.048,0.0438,328888.49981689453,3,9,1.0
t025_j075,25% throughput + 75% Jain fairness,stochastic,1701,674,281,261,0.0562,0.0522,530406.5083312988,2,11,1.0
t025_j075,25% throughput + 75% Jain fairness,stochastic,1701,675,277,253,0.0554,0.0506,702556.3293457031,41,13,2.0
t025_j075,25% throughput + 75% Jain fairness,stochastic,1701,676,265,242,0.053,0.0484,91178.2137298584,21,4,1.0
t025_j075,25% throughput + 75% Jain fairness,stochastic,1701,677,264,243,0.0528,0.0486,57355.81869506836,16,3,2.0
t025_j075,25% throughput + 75% Jain fairness,stochastic,1701,678,282,251,0.0564,0.0502,416200.3010559082,57,10,1.0
t025_j075,25% throughput + 75% Jain fairness,stochastic,1701,679,273,251,0.0546,0.0502,505446.2020568848,21,11,1.0
t025_j075,25% throughput + 75% Jain fairness,stochastic,1701,680,255,229,0.051,0.0458,21630.22982788086,17,1,2.0
t025_j075,25% throughput + 75% Jain fairness,stochastic,1701,681,272,241,0.0544,0.0482,767866.8494262695,4,14,0.5
t025_j075,25% throughput + 75% Jain fairness,stochastic,1701,682,297,276,0.0594,0.0552,934962.629699707,24,15,2.0
t025_j075,25% throughput + 75% Jain fairness,stochastic,1701,683,264,230,0.0528,0.046,387007.1045837402,21,10,0.5
t025_j075,25% throughput + 75% Jain fairness,stochastic,1701,684,308,283,0.0616,0.0566,481293.2391357422,7,10,2.0
t025_j075,25% throughput + 75% Jain fairness,stochastic,1701,685,295,273,0.059,0.0546,756800.2133789062,57,13,1.0
t025_j075,25% throughput + 75% Jain fairness,stochastic,1701,686,280,254,0.056,0.0508,37049.52626037598,2,2,1.0
t025_j075,25% throughput + 75% Jain fairness,stochastic,1701,687,279,256,0.0558,0.0512,186018.13751220703,26,6,0.5
t025_j075,25% throughput + 75% Jain fairness,stochastic,1701,688,271,246,0.0542,0.0492,225072.8268432617,2,7,1.0
t025_j075,25% throughput + 75% Jain fairness,stochastic,1701,689,259,228,0.0518,0.0456,32850.12840270996,11,2,1.0
t025_j075,25% throughput + 75% Jain fairness,stochastic,1701,690,302,275,0.0604,0.055,778367.0588378906,27,13,1.0
t025_j075,25% throughput + 75% Jain fairness,stochastic,1701,691,228,205,0.0456,0.041,19209.75650024414,23,1,1.0
t025_j075,25% throughput + 75% Jain fairness,stochastic,1701,692,250,231,0.05,0.0462,209285.7280883789,19,7,0.5
t025_j075,25% throughput + 75% Jain fairness,stochastic,1701,693,258,226,0.0516,0.0452,262168.63623046875,4,8,0.5
t025_j075,25% throughput + 75% Jain fairness,stochastic,1701,694,244,226,0.0488,0.0452,32409.868949890137,0,2,0.5
t025_j075,25% throughput + 75% Jain fairness,stochastic,1701,695,290,258,0.058,0.0516,614546.6436767578,89,12,0.5
t025_j075,25% throughput + 75% Jain fairness,stochastic,1701,696,239,218,0.0478,0.0436,364914.9559020996,34,10,0.5
t025_j075,25% throughput + 75% Jain fairness,stochastic,1701,697,254,226,0.0508,0.0452,455045.58361816406,5,11,1.0
t025_j075,25% throughput + 75% Jain fairness,stochastic,1701,698,247,220,0.0494,0.044,121640.60302734376,8,5,1.0
t025_j075,25% throughput + 75% Jain fairness,stochastic,1701,699,283,263,0.0566,0.0526,825512.2914428711,10,14,2.0
t025_j075,25% throughput + 75% Jain fairness,stochastic,1701,700,263,229,0.0526,0.0458,167671.1431274414,18,6,1.0
t025_j075,25% throughput + 75% Jain fairness,stochastic,1701,701,284,252,0.0568,0.0504,181771.14807128903,4,6,0.5
t025_j075,25% throughput + 75% Jain fairness,stochastic,1701,702,306,284,0.0612,0.0568,680511.7421264648,18,12,1.0
t025_j075,25% throughput + 75% Jain fairness,stochastic,1701,703,268,240,0.0536,0.048,89526.74942016602,11,4,1.0
t025_j075,25% throughput + 75% Jain fairness,stochastic,1701,704,315,282,0.063,0.0564,877245.3804321289,3,14,2.0
t025_j075,25% throughput + 75% Jain fairness,stochastic,1701,705,242,219,0.0484,0.0438,363336.9452819824,5,10,0.5
t025_j075,25% throughput + 75% Jain fairness,stochastic,1701,706,294,268,0.0588,0.0536,828468.467956543,0,14,1.0
t025_j075,25% throughput + 75% Jain fairness,stochastic,1701,707,231,203,0.0462,0.0406,29768.31223297119,64,2,0.5
t025_j075,25% throughput + 75% Jain fairness,stochastic,1701,708,268,239,0.0536,0.0478,172088.0121459961,1,6,1.0
t025_j075,25% throughput + 75% Jain fairness,stochastic,1701,709,246,227,0.0492,0.0454,384640.08865356445,4,10,1.0
t025_j075,25% throughput + 75% Jain fairness,stochastic,1701,710,268,250,0.0536,0.05,688178.4323730469,23,13,0.5
t025_j075,25% throughput + 75% Jain fairness,stochastic,1701,711,293,259,0.0586,0.0518,898045.6503295898,0,15,2.0
t025_j075,25% throughput + 75% Jain fairness,stochastic,1701,712,254,233,0.0508,0.0466,714655.6721801758,22,14,0.5
t025_j075,25% throughput + 75% Jain fairness,stochastic,1701,713,233,210,0.0466,0.042,78053.41842651367,67,4,1.0
t025_j075,25% throughput + 75% Jain fairness,stochastic,1701,714,259,228,0.0518,0.0456,780874.367980957,16,15,1.0
t025_j075,25% throughput + 75% Jain fairness,stochastic,1701,715,278,251,0.0556,0.0502,93090.4355621338,0,4,1.0
t025_j075,25% throughput + 75% Jain fairness,stochastic,1701,716,262,230,0.0524,0.046,269358.9152832031,2,8,0.5
t025_j075,25% throughput + 75% Jain fairness,stochastic,1701,717,296,265,0.0592,0.053,831424.6444702148,3,14,2.0
t025_j075,25% throughput + 75% Jain fairness,stochastic,1701,718,268,241,0.0536,0.0482,753825.0109863281,18,14,1.0
t025_j075,25% throughput + 75% Jain fairness,stochastic,1701,719,262,236,0.0524,0.0472,812173.5461425781,6,15,0.5
t025_j075,25% throughput + 75% Jain fairness,stochastic,1701,720,274,250,0.0548,0.05,685564.2692871094,20,13,0.5
t025_j075,25% throughput + 75% Jain fairness,stochastic,1701,721,242,229,0.0484,0.0458,33798.37953186035,32,2,0.5
t025_j075,25% throughput + 75% Jain fairness,stochastic,1701,722,243,222,0.0486,0.0444,373199.5116577149,15,10,1.0
t025_j075,25% throughput + 75% Jain fairness,stochastic,1701,723,240,220,0.048,0.044,520955.1364746094,22,12,0.5
t025_j075,25% throughput + 75% Jain fairness,stochastic,1701,724,303,270,0.0606,0.054,401202.2503051758,1,9,2.0
t025_j075,25% throughput + 75% Jain fairness,stochastic,1701,725,267,241,0.0534,0.0482,401998.2054748535,41,10,1.0
t025_j075,25% throughput + 75% Jain fairness,stochastic,1701,726,262,241,0.0524,0.0482,55340.467041015625,0,3,1.0
t025_j075,25% throughput + 75% Jain fairness,stochastic,1701,727,266,241,0.0532,0.0482,174126.56707763672,10,6,2.0
t025_j075,25% throughput + 75% Jain fairness,stochastic,1701,728,271,244,0.0542,0.0488,836249.8370361328,49,15,1.0
t025_j075,25% throughput + 75% Jain fairness,stochastic,1701,729,251,221,0.0502,0.0442,364520.4532470703,15,10,1.0
t025_j075,25% throughput + 75% Jain fairness,stochastic,1701,730,295,269,0.059,0.0538,395987.3163757324,1,9,1.0
t025_j075,25% throughput + 75% Jain fairness,stochastic,1701,731,287,267,0.0574,0.0534,822556.1149291992,31,14,0.5
t025_j075,25% throughput + 75% Jain fairness,stochastic,1701,732,263,241,0.0526,0.0482,56538.784240722656,30,3,1.0
t025_j075,25% throughput + 75% Jain fairness,stochastic,1701,733,282,256,0.0564,0.0512,511686.2786254883,9,11,0.5
t025_j075,25% throughput + 75% Jain fairness,stochastic,1701,734,250,218,0.05,0.0436,159007.28466796875,23,6,1.0
t025_j075,25% throughput + 75% Jain fairness,stochastic,1701,735,239,207,0.0478,0.0414,29869.910568237305,8,2,0.5
t025_j075,25% throughput + 75% Jain fairness,stochastic,1701,736,243,221,0.0486,0.0442,52290.205078125,19,3,0.5
t025_j075,25% throughput + 75% Jain fairness,stochastic,1701,737,243,218,0.0486,0.0436,199258.7869873047,24,7,1.0
t025_j075,25% throughput + 75% Jain fairness,stochastic,1701,738,270,243,0.054,0.0486,498246.1137084961,14,11,0.5
t025_j075,25% throughput + 75% Jain fairness,stochastic,1701,739,291,265,0.0582,0.053,845466.4829101562,16,14,1.0
t025_j075,25% throughput + 75% Jain fairness,stochastic,1701,740,285,260,0.057,0.052,531846.5260009766,1,11,1.0
t025_j075,25% throughput + 75% Jain fairness,stochastic,1701,741,258,232,0.0516,0.0464,650926.6083984375,10,13,0.5
t025_j075,25% throughput + 75% Jain fairness,stochastic,1701,742,274,245,0.0548,0.049,181261.5093383789,13,6,1.0
t025_j075,25% throughput + 75% Jain fairness,stochastic,1701,743,293,256,0.0586,0.0512,804819.055847168,6,14,1.0
t025_j075,25% throughput + 75% Jain fairness,stochastic,1701,744,265,243,0.053,0.0486,57846.03936767578,21,3,1.0
t025_j075,25% throughput + 75% Jain fairness,stochastic,1701,745,285,263,0.057,0.0526,898045.6503295898,4,15,0.5
t025_j075,25% throughput + 75% Jain fairness,stochastic,1701,746,251,228,0.0502,0.0456,390557.6284790039,22,10,0.5
t025_j075,25% throughput + 75% Jain fairness,stochastic,1701,747,285,246,0.057,0.0492,684257.1877441406,9,13,0.5
t025_j075,25% throughput + 75% Jain fairness,stochastic,1701,748,289,253,0.0578,0.0506,419750.8249511719,11,10,0.5
t025_j075,25% throughput + 75% Jain fairness,stochastic,1701,749,265,241,0.053,0.0482,88744.47685241699,5,4,2.0
t025_j075,25% throughput + 75% Jain fairness,stochastic,1701,750,268,237,0.0536,0.0474,567750.8900756836,49,12,2.0
t025_j075,25% throughput + 75% Jain fairness,stochastic,1701,751,251,228,0.0502,0.0456,168010.90228271484,5,6,0.5
t025_j075,25% throughput + 75% Jain fairness,stochastic,1701,752,243,211,0.0486,0.0422,510242.8555297852,14,12,1.0
t025_j075,25% throughput + 75% Jain fairness,stochastic,1701,753,297,271,0.0594,0.0542,863203.5419921875,70,14,1.0
t025_j075,25% throughput + 75% Jain fairness,stochastic,1701,754,259,232,0.0518,0.0464,125695.28979492188,20,5,0.5
t025_j075,25% throughput + 75% Jain fairness,stochastic,1701,755,290,267,0.058,0.0534,744382.9387207031,16,13,1.0
t025_j075,25% throughput + 75% Jain fairness,stochastic,1701,756,271,241,0.0542,0.0482,221019.38256835935,4,7,0.5
t025_j075,25% throughput + 75% Jain fairness,stochastic,1701,757,261,240,0.0522,0.048,220379.36505126956,41,7,1.0
t025_j075,25% throughput + 75% Jain fairness,stochastic,1701,758,284,259,0.0568,0.0518,437503.44442749023,13,10,0.5
t025_j075,25% throughput + 75% Jain fairness,stochastic,1701,759,283,263,0.0566,0.0526,737847.5310058594,10,13,0.5
t025_j075,25% throughput + 75% Jain fairness,stochastic,1701,760,263,235,0.0526,0.047,554783.3920898438,17,12,0.5
t025_j075,25% throughput + 75% Jain fairness,stochastic,1701,761,283,257,0.0566,0.0514,189075.969909668,4,6,1.0
t025_j075,25% throughput + 75% Jain fairness,stochastic,1701,762,237,213,0.0474,0.0426,115431.86391448976,29,5,1.0
t025_j075,25% throughput + 75% Jain fairness,stochastic,1701,763,293,258,0.0586,0.0516,308905.4500732422,21,8,1.0
t025_j075,25% throughput + 75% Jain fairness,stochastic,1701,764,261,237,0.0522,0.0474,393319.147064209,81,10,1.0
t025_j075,25% throughput + 75% Jain fairness,stochastic,1701,765,300,274,0.06,0.0548,555846.8204956055,12,11,2.0
t025_j075,25% throughput + 75% Jain fairness,stochastic,1701,766,264,237,0.0528,0.0474,279038.13708496094,11,8,1.0
t025_j075,25% throughput + 75% Jain fairness,stochastic,1701,767,267,237,0.0534,0.0474,173786.80792236328,53,6,1.0
t025_j075,25% throughput + 75% Jain fairness,stochastic,1701,768,306,272,0.0612,0.0544,404331.2106628418,23,9,2.0
t025_j075,25% throughput + 75% Jain fairness,stochastic,1701,769,259,237,0.0518,0.0474,280420.8830566406,29,8,1.0
t025_j075,25% throughput + 75% Jain fairness,stochastic,1701,770,296,265,0.0592,0.053,445788.0001831055,10,10,2.0
t025_j075,25% throughput + 75% Jain fairness,stochastic,1701,771,263,224,0.0526,0.0448,460325.6484069824,19,11,0.5
t025_j075,25% throughput + 75% Jain fairness,stochastic,1701,772,288,247,0.0576,0.0494,132537.57371520996,8,5,2.0
t025_j075,25% throughput + 75% Jain fairness,stochastic,1701,773,269,236,0.0538,0.0472,279314.6862792969,26,8,1.0
t025_j075,25% throughput + 75% Jain fairness,stochastic,1701,774,265,229,0.053,0.0458,340361.3544616699,22,9,0.5
t025_j075,25% throughput + 75% Jain fairness,stochastic,1701,775,257,237,0.0514,0.0474,281527.0798339844,4,8,0.5
t025_j075,25% throughput + 75% Jain fairness,stochastic,1701,776,280,250,0.056,0.05,93090.4355621338,8,4,1.0
t025_j075,25% throughput + 75% Jain fairness,stochastic,1701,777,248,228,0.0496,0.0456,84572.35649108887,7,4,1.0
t025_j075,25% throughput + 75% Jain fairness,stochastic,1701,778,225,194,0.045,0.0388,18725.6618347168,5,1,1.0
t025_j075,25% throughput + 75% Jain fairness,stochastic,1701,779,302,273,0.0604,0.0546,773792.2734375,8,13,0.5
t025_j075,25% throughput + 75% Jain fairness,stochastic,1701,780,255,227,0.051,0.0454,52780.42575073242,5,3,1.0
t025_j075,25% throughput + 75% Jain fairness,stochastic,1701,781,259,235,0.0518,0.047,387401.60723876953,65,10,1.0
t025_j075,25% throughput + 75% Jain fairness,stochastic,1701,782,304,271,0.0608,0.0542,461568.1063842773,9,10,2.0
t025_j075,25% throughput + 75% Jain fairness,stochastic,1701,783,296,264,0.0592,0.0528,902058.3654785156,35,15,1.0
t025_j075,25% throughput + 75% Jain fairness,stochastic,1701,784,271,241,0.0542,0.0482,223366.11346435547,23,7,0.5
t025_j075,25% throughput + 75% Jain fairness,stochastic,1701,785,260,233,0.052,0.0466,485285.9546813965,10,11,1.0
t025_j075,25% throughput + 75% Jain fairness,stochastic,1701,786,253,233,0.0506,0.0466,87266.85089111328,20,4,0.5
t025_j075,25% throughput + 75% Jain fairness,stochastic,1701,787,268,235,0.0536,0.047,279314.6862792969,0,8,1.0
t025_j075,25% throughput + 75% Jain fairness,stochastic,1701,788,243,216,0.0486,0.0432,31258.42115020752,6,2,0.5
t025_j075,25% throughput + 75% Jain fairness,stochastic,1701,789,231,210,0.0462,0.042,49185.47415161133,0,3,1.0
t025_j075,25% throughput + 75% Jain fairness,stochastic,1701,790,259,227,0.0518,0.0454,532231.2216796875,28,12,0.5
t025_j075,25% throughput + 75% Jain fairness,stochastic,1701,791,273,248,0.0546,0.0496,420145.3276062012,1,10,0.5
t025_j075,25% throughput + 75% Jain fairness,stochastic,1701,792,291,262,0.0582,0.0524,719548.3894042969,12,13,1.0
t025_j075,25% throughput + 75% Jain fairness,stochastic,1701,793,265,243,0.053,0.0486,352529.5336303711,0,9,0.5
t025_j075,25% throughput + 75% Jain fairness,stochastic,1701,794,297,263,0.0594,0.0526,890020.2200317383,45,15,2.0
t025_j075,25% throughput + 75% Jain fairness,stochastic,1701,795,280,256,0.056,0.0512,24512.793518066406,7,1,2.0
t025_j075,25% throughput + 75% Jain fairness,stochastic,1701,796,295,260,0.059,0.052,805558.0999755859,3,14,1.0
t025_j075,25% throughput + 75% Jain fairness,stochastic,1701,797,256,216,0.0512,0.0432,80834.83200073242,35,4,1.0
t025_j075,25% throughput + 75% Jain fairness,stochastic,1701,798,294,260,0.0588,0.052,532326.5318908691,4,11,2.0
t025_j075,25% throughput + 75% Jain fairness,stochastic,1701,799,259,235,0.0518,0.047,221446.06091308597,14,7,1.0
t025_j075,25% throughput + 75% Jain fairness,stochastic,1701,800,265,244,0.053,0.0488,23478.59127807617,4,1,1.0
t025_j075,25% throughput + 75% Jain fairness,stochastic,1701,801,302,284,0.0604,0.0568,676001.3080444336,2,12,2.0
t025_j075,25% throughput + 75% Jain fairness,stochastic,1701,802,287,264,0.0574,0.0528,439475.9577026367,0,10,2.0
t025_j075,25% throughput + 75% Jain fairness,stochastic,1701,803,279,247,0.0558,0.0494,853905.7836914062,70,15,1.0
t025_j075,25% throughput + 75% Jain fairness,stochastic,1701,804,253,233,0.0506,0.0466,214619.2073974609,30,7,0.5
t025_j075,25% throughput + 75% Jain fairness,stochastic,1701,805,250,223,0.05,0.0446,32206.67227935791,1,2,1.0
t025_j075,25% throughput + 75% Jain fairness,stochastic,1701,806,263,239,0.0526,0.0478,34780.49677276611,13,2,1.0
t025_j075,25% throughput + 75% Jain fairness,stochastic,1701,807,259,226,0.0518,0.0452,757600.6201171875,48,15,0.5
t025_j075,25% throughput + 75% Jain fairness,stochastic,1701,808,251,231,0.0502,0.0462,213125.833190918,19,7,0.5
t025_j075,25% throughput + 75% Jain fairness,stochastic,1701,809,283,262,0.0566,0.0524,24710.832244873047,29,1,2.0
t025_j075,25% throughput + 75% Jain fairness,stochastic,1701,810,273,241,0.0546,0.0482,359830.4411315918,54,9,0.5
t025_j075,25% throughput + 75% Jain fairness,stochastic,1701,811,300,264,0.06,0.0528,443420.9842529297,45,10,1.0
t025_j075,25% throughput + 75% Jain fairness,stochastic,1701,812,283,249,0.0566,0.0498,694713.8400878906,5,13,2.0
t025_j075,25% throughput + 75% Jain fairness,stochastic,1701,813,259,224,0.0518,0.0448,704309.0543823242,34,14,0.5
t025_j075,25% throughput + 75% Jain fairness,stochastic,1701,814,291,259,0.0582,0.0518,303651.0153808594,10,8,1.0
t025_j075,25% throughput + 75% Jain fairness,stochastic,1701,815,270,246,0.054,0.0492,418961.8196411133,45,10,2.0
t025_j075,25% throughput + 75% Jain fairness,stochastic,1701,816,258,234,0.0516,0.0468,87093.01254272461,39,4,0.5
t025_j075,25% throughput + 75% Jain fairness,stochastic,1701,817,245,219,0.049,0.0438,81443.26622009277,19,4,1.0
t025_j075,25% throughput + 75% Jain fairness,stochastic,1701,818,299,270,0.0598,0.054,397030.3031616211,6,9,2.0
t025_j075,25% throughput + 75% Jain fairness,stochastic,1701,819,286,256,0.0572,0.0512,297013.8347167969,7,8,0.5
t025_j075,25% throughput + 75% Jain fairness,stochastic,1701,820,258,237,0.0516,0.0474,172088.0121459961,9,6,1.0
t025_j075,25% throughput + 75% Jain fairness,stochastic,1701,821,284,264,0.0568,0.0528,432374.9099121094,8,10,0.5
t025_j075,25% throughput + 75% Jain fairness,stochastic,1701,822,262,236,0.0524,0.0472,34001.57620239258,11,2,1.0
t025_j075,25% throughput + 75% Jain fairness,stochastic,1701,823,287,267,0.0574,0.0534,646119.6822509766,0,12,1.0
t025_j075,25% throughput + 75% Jain fairness,stochastic,1701,824,238,207,0.0476,0.0414,299684.8698120117,31,9,0.5
t025_j075,25% throughput + 75% Jain fairness,stochastic,1701,825,302,267,0.0604,0.0534,899650.7363891602,13,15,1.0
t025_j075,25% throughput + 75% Jain fairness,stochastic,1701,826,232,206,0.0464,0.0412,19319.77801513672,15,1,0.5
t025_j075,25% throughput + 75% Jain fairness,stochastic,1701,827,254,231,0.0508,0.0462,273507.1531982422,30,8,1.0
t025_j075,25% throughput + 75% Jain fairness,stochastic,1701,828,293,259,0.0586,0.0518,237233.15966796875,10,7,2.0
t025_j075,25% throughput + 75% Jain fairness,stochastic,1701,829,265,246,0.053,0.0492,836249.8370361328,10,15,1.0
t025_j075,25% throughput + 75% Jain fairness,stochastic,1701,830,276,254,0.0552,0.0508,857918.498840332,7,15,1.0
t025_j075,25% throughput + 75% Jain fairness,stochastic,1701,831,257,225,0.0514,0.045,33019.45896148682,2,2,0.5
t025_j075,25% throughput + 75% Jain fairness,stochastic,1701,832,271,251,0.0542,0.0502,856313.4127807617,15,15,0.5
t025_j075,25% throughput + 75% Jain fairness,stochastic,1701,833,246,218,0.0492,0.0436,160536.20086669922,8,6,0.5
t025_j075,25% throughput + 75% Jain fairness,stochastic,1701,834,272,237,0.0544,0.0474,643737.6599121094,7,13,1.0
t025_j075,25% throughput + 75% Jain fairness,stochastic,1701,835,272,248,0.0544,0.0496,36033.54290771485,12,2,2.0
t025_j075,25% throughput + 75% Jain fairness,stochastic,1701,836,272,244,0.0544,0.0488,362264.076965332,16,9,1.0
t025_j075,25% throughput + 75% Jain fairness,stochastic,1701,837,280,256,0.056,0.0512,422512.34353637695,29,10,2.0
t025_j075,25% throughput + 75% Jain fairness,stochastic,1701,838,289,261,0.0578,0.0522,435925.43380737305,21,10,2.0
t025_j075,25% throughput + 75% Jain fairness,stochastic,1701,839,281,245,0.0562,0.049,675107.6169433594,46,13,0.5
t025_j075,25% throughput + 75% Jain fairness,stochastic,1701,840,251,225,0.0502,0.045,270188.56286621094,2,8,0.5
t025_j075,25% throughput + 75% Jain fairness,stochastic,1701,841,250,231,0.05,0.0462,168350.66143798828,36,6,1.0
t025_j075,25% throughput + 75% Jain fairness,stochastic,1701,842,285,252,0.057,0.0504,611163.8181152344,25,12,1.0
t025_j075,25% throughput + 75% Jain fairness,stochastic,1701,843,316,284,0.0632,0.0568,975892.32421875,4,15,2.0
t025_j075,25% throughput + 75% Jain fairness,stochastic,1701,844,248,230,0.0496,0.046,54196.61880493164,18,3,0.5
t025_j075,25% throughput + 75% Jain fairness,stochastic,1701,845,253,222,0.0506,0.0444,748772.6467895508,7,15,0.5
t025_j075,25% throughput + 75% Jain fairness,stochastic,1701,846,273,245,0.0546,0.049,290653.2032470703,14,8,0.5
t025_j075,25% throughput + 75% Jain fairness,stochastic,1701,847,288,256,0.0576,0.0512,138873.02178955078,17,5,1.0
t025_j075,25% throughput + 75% Jain fairness,stochastic,1701,848,286,257,0.0572,0.0514,711705.9001464844,37,13,0.5
t025_j075,25% throughput + 75% Jain fairness,stochastic,1701,849,246,214,0.0492,0.0428,194778.66436767575,13,7,1.0
t025_j075,25% throughput + 75% Jain fairness,stochastic,1701,850,247,220,0.0494,0.044,201818.8570556641,49,7,0.5
t025_j075,25% throughput + 75% Jain fairness,stochastic,1701,851,239,219,0.0478,0.0438,201392.1787109375,26,7,1.0
t025_j075,25% throughput + 75% Jain fairness,stochastic,1701,852,226,208,0.0452,0.0416,48368.439697265625,3,3,1.0
t025_j075,25% throughput + 75% Jain fairness,stochastic,1701,853,261,225,0.0522,0.045,785689.626159668,14,15,0.5
t025_j075,25% throughput + 75% Jain fairness,stochastic,1701,854,237,225,0.0474,0.045,165122.94946289062,18,6,0.5
t025_j075,25% throughput + 75% Jain fairness,stochastic,1701,855,312,286,0.0624,0.0572,569286.9854125977,18,11,2.0
t025_j075,25% throughput + 75% Jain fairness,stochastic,1701,856,236,212,0.0472,0.0424,19649.842559814453,10,1,1.0
t025_j075,25% throughput + 75% Jain fairness,stochastic,1701,857,242,215,0.0484,0.043,81530.18539428711,2,4,1.0
t025_j075,25% throughput + 75% Jain fairness,stochastic,1701,858,257,235,0.0514,0.047,279591.2354736328,10,8,0.5
t025_j075,25% throughput + 75% Jain fairness,stochastic,1701,859,274,248,0.0548,0.0496,229126.2711181641,23,7,1.0
t025_j075,25% throughput + 75% Jain fairness,stochastic,1701,860,253,238,0.0506,0.0476,170389.2163696289,1,6,0.5
t025_j075,25% throughput + 75% Jain fairness,stochastic,1701,861,299,270,0.0598,0.054,550566.7557067871,5,11,1.0
t025_j075,25% throughput + 75% Jain fairness,stochastic,1701,862,253,233,0.0506,0.0466,396475.16830444336,0,10,1.0
t025_j075,25% throughput + 75% Jain fairness,stochastic,1701,863,273,247,0.0546,0.0494,365740.69958496094,25,9,0.5
t025_j075,25% throughput + 75% Jain fairness,stochastic,1701,864,278,246,0.0556,0.0492,58281.79107666016,1,3,1.0
t025_j075,25% throughput + 75% Jain fairness,stochastic,1701,865,251,227,0.0502,0.0454,337232.3941040039,103,9,1.0
t025_j075,25% throughput + 75% Jain fairness,stochastic,1701,866,255,224,0.051,0.0448,32443.735061645508,31,2,2.0
t025_j075,25% throughput + 75% Jain fairness,stochastic,1701,867,243,208,0.0486,0.0416,48096.09487915039,29,3,0.5
t025_j075,25% throughput + 75% Jain fairness,stochastic,1701,868,280,252,0.056,0.0504,58935.41864013672,46,3,2.0
t025_j075,25% throughput + 75% Jain fairness,stochastic,1701,869,235,216,0.047,0.0432,20882.083526611328,9,1,0.5
t025_j075,25% throughput + 75% Jain fairness,stochastic,1701,870,283,261,0.0566,0.0522,25018.892486572266,12,1,2.0
t025_j075,25% throughput + 75% Jain fairness,stochastic,1701,871,262,225,0.0524,0.045,263551.38220214844,2,8,0.5
t025_j075,25% throughput + 75% Jain fairness,stochastic,1701,872,248,216,0.0496,0.0432,155609.69311523438,24,6,0.5
t025_j075,25% throughput + 75% Jain fairness,stochastic,1701,873,299,274,0.0598,0.0548,199778.38330078125,28,6,2.0
t025_j075,25% throughput + 75% Jain fairness,stochastic,1701,874,230,207,0.046,0.0414,19671.84686279297,2,1,0.5
t025_j075,25% throughput + 75% Jain fairness,stochastic,1701,875,261,237,0.0522,0.0474,87614.52758789062,24,4,0.5
t025_j075,25% throughput + 75% Jain fairness,stochastic,1701,876,273,247,0.0546,0.0494,764910.6729125977,17,14,1.0
t025_j075,25% throughput + 75% Jain fairness,stochastic,1701,877,250,218,0.05,0.0436,196912.0560913086,8,7,1.0
t025_j075,25% throughput + 75% Jain fairness,stochastic,1701,878,305,272,0.061,0.0544,926134.6563720704,52,15,1.0
t025_j075,25% throughput + 75% Jain fairness,stochastic,1701,879,256,231,0.0512,0.0462,207365.67553710935,5,7,1.0
t025_j075,25% throughput + 75% Jain fairness,stochastic,1701,880,276,248,0.0552,0.0496,782647.7319946289,8,14,0.5
t025_j075,25% throughput + 75% Jain fairness,stochastic,1701,881,273,244,0.0546,0.0488,221019.38256835935,29,7,2.0
t025_j075,25% throughput + 75% Jain fairness,stochastic,1701,882,249,227,0.0498,0.0454,368465.4797973633,39,10,1.0
t025_j075,25% throughput + 75% Jain fairness,stochastic,1701,883,237,208,0.0474,0.0416,189658.52423095703,23,7,0.5
t025_j075,25% throughput + 75% Jain fairness,stochastic,1701,884,260,236,0.052,0.0472,214832.54656982425,23,7,0.5
t025_j075,25% throughput + 75% Jain fairness,stochastic,1701,885,245,221,0.049,0.0442,445445.4658203125,38,11,0.5
t025_j075,25% throughput + 75% Jain fairness,stochastic,1701,886,292,269,0.0584,0.0538,444209.9895629883,9,10,2.0
t025_j075,25% throughput + 75% Jain fairness,stochastic,1701,887,278,256,0.0556,0.0512,885204.9618530273,12,15,0.5
t025_j075,25% throughput + 75% Jain fairness,stochastic,1701,888,268,238,0.0536,0.0476,55231.52911376953,41,3,1.0
t025_j075,25% throughput + 75% Jain fairness,stochastic,1701,889,294,263,0.0588,0.0526,389034.0711364746,50,9,2.0
t025_j075,25% throughput + 75% Jain fairness,stochastic,1701,890,267,245,0.0534,0.049,492486.0430297852,3,11,0.5
t025_j075,25% throughput + 75% Jain fairness,stochastic,1701,891,267,231,0.0534,0.0462,558166.2176513672,4,12,1.0
t025_j075,25% throughput + 75% Jain fairness,stochastic,1701,892,256,229,0.0512,0.0458,21608.225524902344,101,1,0.5
t025_j075,25% throughput + 75% Jain fairness,stochastic,1701,893,281,254,0.0562,0.0508,300055.8758544922,51,8,0.5
t025_j075,25% throughput + 75% Jain fairness,stochastic,1701,894,237,204,0.0474,0.0408,110110.08753204346,40,5,1.0
t025_j075,25% throughput + 75% Jain fairness,stochastic,1701,895,283,256,0.0566,0.0512,432769.4125671387,37,10,2.0
t025_j075,25% throughput + 75% Jain fairness,stochastic,1701,896,263,247,0.0526,0.0494,133677.9543685913,17,5,0.5
t025_j075,25% throughput + 75% Jain fairness,stochastic,1701,897,284,262,0.0568,0.0524,238726.5338745117,49,7,2.0
t025_j075,25% throughput + 75% Jain fairness,stochastic,1701,898,243,215,0.0486,0.043,117205.78937530518,80,5,0.5
t025_j075,25% throughput + 75% Jain fairness,stochastic,1701,899,287,262,0.0574,0.0524,310841.2944335937,36,8,2.0
t025_j075,25% throughput + 75% Jain fairness,stochastic,1701,900,282,255,0.0564,0.051,865943.9291381836,26,15,1.0
t025_j075,25% throughput + 75% Jain fairness,stochastic,1701,901,270,244,0.054,0.0488,57192.41180419922,14,3,1.0
t025_j075,25% throughput + 75% Jain fairness,stochastic,1701,902,273,251,0.0546,0.0502,35999.67679595947,16,2,2.0
t025_j075,25% throughput + 75% Jain fairness,stochastic,1701,903,257,234,0.0514,0.0468,564368.0645141602,13,12,0.5
t025_j075,25% throughput + 75% Jain fairness,stochastic,1701,904,274,247,0.0548,0.0494,412255.2745056152,9,10,1.0
t025_j075,25% throughput + 75% Jain fairness,stochastic,1701,905,309,278,0.0618,0.0556,576967.0796508789,5,11,2.0
t025_j075,25% throughput + 75% Jain fairness,stochastic,1701,906,265,243,0.053,0.0486,34746.63066101074,0,2,2.0
t025_j075,25% throughput + 75% Jain fairness,stochastic,1701,907,269,238,0.0538,0.0476,351486.5468444824,27,9,0.5
t025_j075,25% throughput + 75% Jain fairness,stochastic,1701,908,311,286,0.0622,0.0572,886852.9541015625,8,14,0.5
t025_j075,25% throughput + 75% Jain fairness,stochastic,1701,909,273,239,0.0546,0.0478,87701.44676208496,20,4,1.0
t025_j075,25% throughput + 75% Jain fairness,stochastic,1701,910,265,237,0.053,0.0474,273507.1531982422,15,8,0.5
t025_j075,25% throughput + 75% Jain fairness,stochastic,1701,911,256,227,0.0512,0.0454,459365.63662719727,18,11,0.5
t025_j075,25% throughput + 75% Jain fairness,stochastic,1701,912,275,245,0.055,0.049,132410.86475372314,11,5,2.0
t025_j075,25% throughput + 75% Jain fairness,stochastic,1701,913,264,235,0.0528,0.047,563804.2602539062,4,12,0.5
t025_j075,25% throughput + 75% Jain fairness,stochastic,1701,914,253,226,0.0506,0.0452,632627.466796875,58,13,0.5
t025_j075,25% throughput + 75% Jain fairness,stochastic,1701,915,275,258,0.055,0.0516,25084.90539550781,8,1,2.0
t025_j075,25% throughput + 75% Jain fairness,stochastic,1701,916,251,215,0.0502,0.043,194778.66436767575,1,7,1.0
t025_j075,25% throughput + 75% Jain fairness,stochastic,1701,917,258,234,0.0516,0.0468,33899.977867126465,4,2,0.5
t025_j075,25% throughput + 75% Jain fairness,stochastic,1701,918,233,211,0.0466,0.0422,30919.76003265381,41,2,0.5
t025_j075,25% throughput + 75% Jain fairness,stochastic,1701,919,229,204,0.0458,0.0408,111250.4681854248,6,5,0.5
t025_j075,25% throughput + 75% Jain fairness,stochastic,1701,920,227,209,0.0454,0.0418,192645.27264404297,1,7,0.5
t025_j075,25% throughput + 75% Jain fairness,stochastic,1701,921,304,267,0.0608,0.0534,903663.451538086,7,15,2.0
t025_j075,25% throughput + 75% Jain fairness,stochastic,1701,922,306,278,0.0612,0.0556,852117.880065918,19,14,1.0
t025_j075,25% throughput + 75% Jain fairness,stochastic,1701,923,274,253,0.0548,0.0506,134438.2081375122,34,5,0.5
t025_j075,25% throughput + 75% Jain fairness,stochastic,1701,924,271,244,0.0542,0.0488,225286.166015625,2,7,1.0
t025_j075,25% throughput + 75% Jain fairness,stochastic,1701,925,236,216,0.0472,0.0432,50383.79135131836,0,3,0.5
t025_j075,25% throughput + 75% Jain fairness,stochastic,1701,926,259,239,0.0518,0.0478,130636.93929290771,12,5,1.0
t025_j075,25% throughput + 75% Jain fairness,stochastic,1701,927,263,244,0.0526,0.0488,351834.2091064453,19,9,0.5
t025_j075,25% throughput + 75% Jain fairness,stochastic,1701,928,272,246,0.0544,0.0492,296737.28552246094,3,8,0.5
t025_j075,25% throughput + 75% Jain fairness,stochastic,1701,929,261,235,0.0522,0.047,279314.6862792969,3,8,1.0
t025_j075,25% throughput + 75% Jain fairness,stochastic,1701,930,268,246,0.0536,0.0492,177524.1586303711,5,6,2.0
t025_j075,25% throughput + 75% Jain fairness,stochastic,1701,931,256,232,0.0512,0.0464,54686.83947753906,50,3,0.5
t025_j075,25% throughput + 75% Jain fairness,stochastic,1701,932,280,258,0.056,0.0516,187716.93328857425,16,6,1.0
t025_j075,25% throughput + 75% Jain fairness,stochastic,1701,933,291,268,0.0582,0.0536,242566.6389770508,5,7,2.0
t025_j075,25% throughput + 75% Jain fairness,stochastic,1701,934,242,217,0.0484,0.0434,80921.75117492676,52,4,0.5
t025_j075,25% throughput + 75% Jain fairness,stochastic,1701,935,259,230,0.0518,0.046,541252.08984375,29,12,2.0
t025_j075,25% throughput + 75% Jain fairness,stochastic,1701,936,273,245,0.0546,0.049,487685.9841308594,4,11,0.5
t025_j075,25% throughput + 75% Jain fairness,stochastic,1701,937,339,313,0.0678,0.0626,1062566.9714355469,13,15,2.0
t025_j075,25% throughput + 75% Jain fairness,stochastic,1701,938,267,251,0.0534,0.0502,138239.4769821167,40,5,1.0
t025_j075,25% throughput + 75% Jain fairness,stochastic,1701,939,289,257,0.0578,0.0514,378604.2032775879,29,9,0.5
t025_j075,25% throughput + 75% Jain fairness,stochastic,1701,940,233,207,0.0466,0.0414,491637.3149414063,2,12,0.5
t025_j075,25% throughput + 75% Jain fairness,stochastic,1701,941,225,204,0.045,0.0408,29802.17834472656,40,2,0.5
t025_j075,25% throughput + 75% Jain fairness,stochastic,1701,942,267,242,0.0534,0.0484,131523.90202331543,0,5,1.0
t025_j075,25% throughput + 75% Jain fairness,stochastic,1701,943,261,223,0.0522,0.0446,375172.0249328613,9,10,0.5
t025_j075,25% throughput + 75% Jain fairness,stochastic,1701,944,269,243,0.0538,0.0486,358092.12982177734,55,9,1.0
t025_j075,25% throughput + 75% Jain fairness,stochastic,1701,945,251,225,0.0502,0.045,85528.46740722656,9,4,0.5
t025_j075,25% throughput + 75% Jain fairness,stochastic,1701,946,304,278,0.0608,0.0556,784248.92578125,0,13,2.0
t025_j075,25% throughput + 75% Jain fairness,stochastic,1701,947,315,284,0.063,0.0568,474981.19665527344,1,10,2.0
t025_j075,25% throughput + 75% Jain fairness,stochastic,1701,948,304,274,0.0608,0.0548,455650.5665588379,0,10,1.0
t025_j075,25% throughput + 75% Jain fairness,stochastic,1701,949,258,226,0.0516,0.0452,85093.87153625488,33,4,1.0
t025_j075,25% throughput + 75% Jain fairness,stochastic,1701,950,279,246,0.0558,0.0492,292312.49841308594,16,8,1.0
t025_j075,25% throughput + 75% Jain fairness,stochastic,1701,951,296,264,0.0592,0.0528,886810.0479125977,8,15,2.0
t025_j075,25% throughput + 75% Jain fairness,stochastic,1701,952,300,270,0.06,0.054,849900.7476806641,45,14,2.0
t025_j075,25% throughput + 75% Jain fairness,stochastic,1701,953,287,255,0.0574,0.051,876376.9885253906,13,15,1.0
t025_j075,25% throughput + 75% Jain fairness,stochastic,1701,954,229,205,0.0458,0.041,19055.72637939453,25,1,0.5
t025_j075,25% throughput + 75% Jain fairness,stochastic,1701,955,231,206,0.0462,0.0412,29632.847785949707,17,2,1.0
t025_j075,25% throughput + 75% Jain fairness,stochastic,1701,956,282,258,0.0564,0.0516,186697.6558227539,30,6,0.5
t025_j075,25% throughput + 75% Jain fairness,stochastic,1701,957,267,238,0.0534,0.0476,54850.2463684082,6,3,2.0
t025_j075,25% throughput + 75% Jain fairness,stochastic,1701,958,239,214,0.0478,0.0428,31190.688926696777,43,2,2.0
t025_j075,25% throughput + 75% Jain fairness,stochastic,1701,959,267,244,0.0534,0.0488,22994.496612548828,20,1,1.0
t025_j075,25% throughput + 75% Jain fairness,stochastic,1701,960,313,278,0.0626,0.0556,851378.8359375,6,14,2.0
t025_j075,25% throughput + 75% Jain fairness,stochastic,1701,961,236,210,0.0472,0.042,192218.5942993164,6,7,0.5
t025_j075,25% throughput + 75% Jain fairness,stochastic,1701,962,263,238,0.0526,0.0476,218459.3125,17,7,1.0
t025_j075,25% throughput + 75% Jain fairness,stochastic,1701,963,261,235,0.0522,0.047,129243.14071655272,0,5,1.0
t025_j075,25% throughput + 75% Jain fairness,stochastic,1701,964,290,256,0.058,0.0512,236806.4813232422,20,7,2.0
t025_j075,25% throughput + 75% Jain fairness,stochastic,1701,965,257,235,0.0514,0.047,34475.70176696777,10,2,0.5
t025_j075,25% throughput + 75% Jain fairness,stochastic,1701,966,250,224,0.05,0.0448,747167.5607299805,5,15,0.5
t025_j075,25% throughput + 75% Jain fairness,stochastic,1701,967,270,246,0.054,0.0492,179053.07482910156,5,6,1.0
t025_j075,25% throughput + 75% Jain fairness,stochastic,1701,968,275,243,0.055,0.0486,286228.4161376953,3,8,0.5
t025_j075,25% throughput + 75% Jain fairness,stochastic,1701,969,255,237,0.051,0.0474,172937.4100341797,1,6,2.0
t025_j075,25% throughput + 75% Jain fairness,stochastic,1701,970,259,237,0.0518,0.0474,129623.26760101318,51,5,1.0
t025_j075,25% throughput + 75% Jain fairness,stochastic,1701,971,274,247,0.0548,0.0494,580154.5838012695,11,12,0.5
t025_j075,25% throughput + 75% Jain fairness,stochastic,1701,972,256,236,0.0512,0.0472,350095.89779663086,40,9,0.5
t025_j075,25% throughput + 75% Jain fairness,stochastic,1701,973,279,253,0.0558,0.0506,849893.0685424805,18,15,0.5
t025_j075,25% throughput + 75% Jain fairness,stochastic,1701,974,255,233,0.051,0.0466,388979.6178588867,23,10,1.0
t025_j075,25% throughput + 75% Jain fairness,stochastic,1701,975,264,245,0.0528,0.049,495366.0783691406,19,11,1.0
t025_j075,25% throughput + 75% Jain fairness,stochastic,1701,976,270,250,0.054,0.05,852300.6976318359,21,15,0.5
t025_j075,25% throughput + 75% Jain fairness,stochastic,1701,977,246,221,0.0492,0.0442,205018.94464111328,6,7,0.5
t025_j075,25% throughput + 75% Jain fairness,stochastic,1701,978,264,236,0.0528,0.0472,34306.37120819092,10,2,1.0
t025_j075,25% throughput + 75% Jain fairness,stochastic,1701,979,249,219,0.0498,0.0438,450245.5247192383,37,11,1.0
t025_j075,25% throughput + 75% Jain fairness,stochastic,1701,980,282,247,0.0564,0.0494,89700.58776855469,47,4,2.0
t025_j075,25% throughput + 75% Jain fairness,stochastic,1701,981,281,255,0.0562,0.051,232326.35870361328,3,7,1.0
t025_j075,25% throughput + 75% Jain fairness,stochastic,1701,982,273,240,0.0546,0.048,398447.6815795898,3,10,1.0
t025_j075,25% throughput + 75% Jain fairness,stochastic,1701,983,249,225,0.0498,0.045,124174.78225708008,34,5,1.0
t025_j075,25% throughput + 75% Jain fairness,stochastic,1701,984,278,255,0.0556,0.051,515526.3257446289,50,11,2.0
t025_j075,25% throughput + 75% Jain fairness,stochastic,1701,985,248,221,0.0496,0.0442,31698.680603027344,51,2,0.5
t025_j075,25% throughput + 75% Jain fairness,stochastic,1701,986,266,238,0.0532,0.0476,218459.3125,22,7,1.0
t025_j075,25% throughput + 75% Jain fairness,stochastic,1701,987,273,249,0.0546,0.0498,297566.93310546875,6,8,0.5
t025_j075,25% throughput + 75% Jain fairness,stochastic,1701,988,255,222,0.051,0.0444,364125.950592041,6,10,0.5
t025_j075,25% throughput + 75% Jain fairness,stochastic,1701,989,300,266,0.06,0.0532,831424.6444702148,0,14,1.0
t025_j075,25% throughput + 75% Jain fairness,stochastic,1701,990,285,243,0.057,0.0486,23236.5439453125,6,1,2.0
t025_j075,25% throughput + 75% Jain fairness,stochastic,1701,991,249,224,0.0498,0.0448,262998.28381347656,3,8,0.5
t025_j075,25% throughput + 75% Jain fairness,stochastic,1701,992,300,266,0.06,0.0532,910083.7957763672,10,15,2.0
t025_j075,25% throughput + 75% Jain fairness,stochastic,1701,993,262,233,0.0524,0.0466,272124.4072265625,12,8,1.0
t025_j075,25% throughput + 75% Jain fairness,stochastic,1701,994,253,232,0.0506,0.0464,209499.0672607422,7,7,0.5
t025_j075,25% throughput + 75% Jain fairness,stochastic,1701,995,270,243,0.054,0.0486,494406.06658935547,15,11,1.0
t025_j075,25% throughput + 75% Jain fairness,stochastic,1701,996,240,219,0.048,0.0438,157818.12762451172,0,6,0.5
t025_j075,25% throughput + 75% Jain fairness,stochastic,1701,997,266,239,0.0532,0.0478,650273.0676269531,15,13,1.0
t025_j075,25% throughput + 75% Jain fairness,stochastic,1701,998,241,219,0.0482,0.0438,32613.065620422363,35,2,0.5
t025_j075,25% throughput + 75% Jain fairness,stochastic,1701,999,226,204,0.0452,0.0408,19187.752197265625,4,1,0.5
t025_j075,25% throughput + 75% Jain fairness,stochastic,1701,1000,279,258,0.0558,0.0516,240219.9080810547,14,7,1.0
t025_j075,25% throughput + 75% Jain fairness,stochastic,1701,1001,274,241,0.0548,0.0482,280973.9814453125,14,8,1.0
t025_j075,25% throughput + 75% Jain fairness,stochastic,1701,1002,258,232,0.0516,0.0464,33764.51342010498,63,2,0.5
t025_j075,25% throughput + 75% Jain fairness,stochastic,1701,1003,286,253,0.0572,0.0506,515046.3198547363,42,11,0.5
t025_j075,25% throughput + 75% Jain fairness,stochastic,1701,1004,223,197,0.0446,0.0394,28582.998321533203,4,2,0.5
t025_j075,25% throughput + 75% Jain fairness,stochastic,1701,1005,299,280,0.0598,0.056,927739.7424316406,3,15,2.0
t025_j075,25% throughput + 75% Jain fairness,stochastic,1701,1006,257,234,0.0514,0.0468,170049.45721435547,20,6,1.0
t025_j075,25% throughput + 75% Jain fairness,stochastic,1701,1007,288,264,0.0576,0.0528,535206.5672302246,25,11,0.5
t025_j075,25% throughput + 75% Jain fairness,stochastic,1701,1008,275,254,0.055,0.0508,303651.0153808594,20,8,1.0
t025_j075,25% throughput + 75% Jain fairness,stochastic,1701,1009,251,226,0.0502,0.0452,626092.0590820312,25,13,1.0
t025_j075,25% throughput + 75% Jain fairness,stochastic,1701,1010,270,238,0.054,0.0476,127595.92421722412,19,5,2.0
t025_j075,25% throughput + 75% Jain fairness,stochastic,1701,1011,278,251,0.0556,0.0502,797428.6145629883,3,14,1.0
t025_j075,25% throughput + 75% Jain fairness,stochastic,1701,1012,262,238,0.0524,0.0476,55449.40496826172,1,3,1.0
t025_j075,25% throughput + 75% Jain fairness,stochastic,1701,1013,270,246,0.054,0.0492,22994.496612548828,14,1,2.0
t025_j075,25% throughput + 75% Jain fairness,stochastic,1701,1014,263,228,0.0526,0.0456,769638.7655639648,5,15,1.0
t025_j075,25% throughput + 75% Jain fairness,stochastic,1701,1015,287,256,0.0574,0.0512,815904.7177734375,5,14,2.0
t025_j075,25% throughput + 75% Jain fairness,stochastic,1701,1016,258,238,0.0516,0.0476,87527.60841369629,21,4,1.0
t025_j075,25% throughput + 75% Jain fairness,stochastic,1701,1017,262,234,0.0524,0.0468,551964.3707885742,1,12,0.5
t025_j075,25% throughput + 75% Jain fairness,stochastic,1701,1018,265,239,0.053,0.0478,351138.88458251953,0,9,1.0
t025_j075,25% throughput + 75% Jain fairness,stochastic,1701,1019,264,241,0.0528,0.0482,354615.50720214844,3,9,0.5
t025_j075,25% throughput + 75% Jain fairness,stochastic,1701,1020,250,225,0.05,0.045,618249.5698242188,9,13,0.5
t025_j075,25% throughput + 75% Jain fairness,stochastic,1701,1021,300,266,0.06,0.0532,906071.0806274414,9,15,1.0
t025_j075,25% throughput + 75% Jain fairness,stochastic,1701,1022,286,264,0.0572,0.0528,240646.58642578125,29,7,0.5
t025_j075,25% throughput + 75% Jain fairness,stochastic,1701,1023,272,246,0.0544,0.0492,289270.4572753906,17,8,1.0
t025_j075,25% throughput + 75% Jain fairness,stochastic,1701,1024,257,223,0.0514,0.0446,328193.17529296875,4,9,0.5
t025_j075,25% throughput + 75% Jain fairness,stochastic,1701,1025,265,241,0.053,0.0482,35119.157890319824,4,2,2.0
t025_j075,25% throughput + 75% Jain fairness,stochastic,1701,1026,244,211,0.0488,0.0422,113151.10260772704,45,5,0.5
t025_j075,25% throughput + 75% Jain fairness,stochastic,1701,1027,247,221,0.0494,0.0442,331322.1356506348,24,9,0.5
t025_j075,25% throughput + 75% Jain fairness,stochastic,1701,1028,283,259,0.0566,0.0518,386600.4353027344,20,9,0.5
t025_j075,25% throughput + 75% Jain fairness,stochastic,1701,1029,281,251,0.0562,0.0502,229766.2886352539,14,7,2.0
t025_j075,25% throughput + 75% Jain fairness,stochastic,1701,1030,327,302,0.0654,0.0604,727307.4957275391,1,12,2.0
t025_j075,25% throughput + 75% Jain fairness,stochastic,1701,1031,287,260,0.0574,0.052,37218.85681915283,11,2,1.0
t025_j075,25% throughput + 75% Jain fairness,stochastic,1701,1032,265,231,0.053,0.0462,164953.0698852539,0,6,0.5
t025_j075,25% throughput + 75% Jain fairness,stochastic,1701,1033,226,201,0.0452,0.0402,75880.43907165527,53,4,0.5
t025_j075,25% throughput + 75% Jain fairness,stochastic,1701,1034,279,257,0.0558,0.0514,888415.133972168,35,15,1.0
t025_j075,25% throughput + 75% Jain fairness,stochastic,1701,1035,260,229,0.052,0.0458,126075.41667938232,13,5,1.0
t025_j075,25% throughput + 75% Jain fairness,stochastic,1701,1036,263,240,0.0526,0.048,218672.65167236328,0,7,1.0
t025_j075,25% throughput + 75% Jain fairness,stochastic,1701,1037,278,255,0.0556,0.051,702556.3293457031,7,13,2.0
t025_j075,25% throughput + 75% Jain fairness,stochastic,1701,1038,258,231,0.0516,0.0462,273507.1531982422,75,8,0.5
t025_j075,25% throughput + 75% Jain fairness,stochastic,1701,1039,233,207,0.0466,0.0414,19539.821044921875,11,1,0.5
t025_j075,25% throughput + 75% Jain fairness,stochastic,1701,1040,252,231,0.0504,0.0462,33324.25396728516,13,2,0.5
t025_j075,25% throughput + 75% Jain fairness,stochastic,1701,1041,289,258,0.0578,0.0516,235526.4462890625,19,7,1.0
t025_j075,25% throughput + 75% Jain fairness,stochastic,1701,1042,269,241,0.0538,0.0482,812173.5461425781,22,15,1.0
t025_j075,25% throughput + 75% Jain fairness,stochastic,1701,1043,275,249,0.055,0.0498,228059.57525634769,31,7,1.0
t025_j075,25% throughput + 75% Jain fairness,stochastic,1701,1044,306,276,0.0612,0.0552,861725.4537353516,0,14,2.0
t025_j075,25% throughput + 75% Jain fairness,stochastic,1701,1045,255,231,0.051,0.0462,381878.5700683594,22,10,0.5
t025_j075,25% throughput + 75% Jain fairness,stochastic,1701,1046,280,250,0.056,0.05,226779.540222168,15,7,0.5
t025_j075,25% throughput + 75% Jain fairness,stochastic,1701,1047,265,236,0.053,0.0472,559293.826171875,12,12,1.0
t025_j075,25% throughput + 75% Jain fairness,stochastic,1701,1048,262,246,0.0524,0.0492,35661.01567840576,20,2,0.5
t025_j075,25% throughput + 75% Jain fairness,stochastic,1701,1049,259,239,0.0518,0.0478,173786.80792236328,29,6,1.0
t025_j075,25% throughput + 75% Jain fairness,stochastic,1701,1050,278,244,0.0556,0.0488,176844.64031982422,1,6,1.0
t025_j075,25% throughput + 75% Jain fairness,stochastic,1701,1051,239,212,0.0478,0.0424,78488.01429748535,6,4,0.5
t025_j075,25% throughput + 75% Jain fairness,stochastic,1701,1052,279,251,0.0558,0.0502,226352.8618774414,17,7,1.0
t025_j075,25% throughput + 75% Jain fairness,stochastic,1701,1053,264,232,0.0528,0.0464,645698.2822265625,4,13,1.0
t025_j075,25% throughput + 75% Jain fairness,stochastic,1701,1054,254,228,0.0508,0.0456,125695.28979492188,27,5,0.5
t025_j075,25% throughput + 75% Jain fairness,stochastic,1701,1055,235,212,0.047,0.0424,248341.17651367188,62,8,1.0
t025_j075,25% throughput + 75% Jain fairness,stochastic,1701,1056,262,238,0.0524,0.0476,787294.7122192383,3,15,0.5
t025_j075,25% throughput + 75% Jain fairness,stochastic,1701,1057,253,226,0.0506,0.0452,375961.0302429199,12,10,0.5
t025_j075,25% throughput + 75% Jain fairness,stochastic,1701,1058,241,218,0.0482,0.0436,200112.1436767578,24,7,0.5
t025_j075,25% throughput + 75% Jain fairness,stochastic,1701,1059,238,209,0.0476,0.0418,246681.88134765625,7,8,0.5
t025_j075,25% throughput + 75% Jain fairness,stochastic,1701,1060,251,226,0.0502,0.0452,457925.61895751953,38,11,1.0
t025_j075,25% throughput + 75% Jain fairness,stochastic,1701,1061,269,234,0.0538,0.0468,559857.6304321289,15,12,0.5
t025_j075,25% throughput + 75% Jain fairness,stochastic,1701,1062,256,229,0.0512,0.0458,544634.9154052734,4,12,0.5
t025_j075,25% throughput + 75% Jain fairness,stochastic,1701,1063,267,241,0.0534,0.0482,498246.1137084961,1,11,1.0
t025_j075,25% throughput + 75% Jain fairness,stochastic,1701,1064,295,264,0.059,0.0528,613982.8394165039,0,12,0.5
t025_j075,25% throughput + 75% Jain fairness,stochastic,1701,1065,264,241,0.0528,0.0482,354963.1694641113,13,9,0.5
t025_j075,25% throughput + 75% Jain fairness,stochastic,1701,1066,272,245,0.0544,0.049,765649.7170410156,1,14,2.0
t025_j075,25% throughput + 75% Jain fairness,stochastic,1701,1067,242,223,0.0484,0.0446,21366.178192138672,11,1,0.5
t025_j075,25% throughput + 75% Jain fairness,stochastic,1701,1068,243,215,0.0486,0.043,20530.01467895508,7,1,0.5
t025_j075,25% throughput + 75% Jain fairness,stochastic,1701,1069,246,220,0.0492,0.044,256914.20153808597,14,8,1.0
t025_j075,25% throughput + 75% Jain fairness,stochastic,1701,1070,283,256,0.0566,0.0512,431980.4072570801,41,10,1.0
t025_j075,25% throughput + 75% Jain fairness,stochastic,1701,1071,301,266,0.0602,0.0532,739154.6125488281,0,13,2.0
t025_j075,25% throughput + 75% Jain fairness,stochastic,1701,1072,268,236,0.0536,0.0472,216539.25994873047,56,7,2.0
t025_j075,25% throughput + 75% Jain fairness,stochastic,1701,1073,249,229,0.0498,0.0458,34306.37120819092,10,2,1.0
t025_j075,25% throughput + 75% Jain fairness,stochastic,1701,1074,302,271,0.0604,0.0542,558246.8499450684,16,11,1.0
t025_j075,25% throughput + 75% Jain fairness,stochastic,1701,1075,282,264,0.0564,0.0528,193492.83892822263,15,6,2.0
t025_j075,25% throughput + 75% Jain fairness,stochastic,1701,1076,249,226,0.0498,0.0452,21740.25134277344,3,1,1.0
t025_j075,25% throughput + 75% Jain fairness,stochastic,1701,1077,280,257,0.056,0.0514,871561.7303466797,34,15,0.5
t025_j075,25% throughput + 75% Jain fairness,stochastic,1701,1078,282,251,0.0564,0.0502,93090.4355621338,9,4,2.0
t025_j075,25% throughput + 75% Jain fairness,stochastic,1701,1079,257,222,0.0514,0.0444,119106.42379760742,12,5,1.0
t025_j075,25% throughput + 75% Jain fairness,stochastic,1701,1080,271,242,0.0542,0.0484,89700.58776855469,26,4,2.0
t025_j075,25% throughput + 75% Jain fairness,stochastic,1701,1081,295,265,0.059,0.053,639917.8353881836,17,12,0.5
t025_j075,25% throughput + 75% Jain fairness,stochastic,1701,1082,244,214,0.0488,0.0428,49839.10171508789,12,3,0.5
t025_j075,25% throughput + 75% Jain fairness,stochastic,1701,1083,252,233,0.0504,0.0466,169030.17974853516,13,6,1.0
t025_j075,25% throughput + 75% Jain fairness,stochastic,1701,1084,290,265,0.058,0.053,645555.8779907227,10,12,2.0
t025_j075,25% throughput + 75% Jain fairness,stochastic,1701,1085,249,224,0.0498,0.0448,328193.17529296875,4,9,1.0
t025_j075,25% throughput + 75% Jain fairness,stochastic,1701,1086,298,266,0.0596,0.0532,836597.9533691406,31,14,2.0
t025_j075,25% throughput + 75% Jain fairness,stochastic,1701,1087,227,200,0.0454,0.04,29124.85610961914,17,2,0.5
t025_j075,25% throughput + 75% Jain fairness,stochastic,1701,1088,250,218,0.05,0.0436,673269.2009887695,86,14,1.0
t025_j075,25% throughput + 75% Jain fairness,stochastic,1701,1089,271,233,0.0542,0.0466,385823.59661865234,22,10,2.0
t025_j075,25% throughput + 75% Jain fairness,stochastic,1701,1090,259,238,0.0518,0.0476,484805.9487915039,0,11,1.0
t025_j075,25% throughput + 75% Jain fairness,stochastic,1701,1091,268,237,0.0536,0.0474,657462.0161132812,6,13,1.0
t025_j075,25% throughput + 75% Jain fairness,stochastic,1701,1092,258,224,0.0516,0.0448,767231.1364746094,13,15,1.0
t025_j075,25% throughput + 75% Jain fairness,stochastic,1701,1093,312,284,0.0624,0.0568,888331.0423583984,60,14,2.0
t025_j075,25% throughput + 75% Jain fairness,stochastic,1701,1094,255,225,0.051,0.045,51854.45336914063,8,3,0.5
t025_j075,25% throughput + 75% Jain fairness,stochastic,1701,1095,238,222,0.0476,0.0444,32274.40450286865,35,2,1.0
t025_j075,25% throughput + 75% Jain fairness,stochastic,1701,1096,268,234,0.0536,0.0468,346619.27517700195,9,9,1.0
t025_j075,25% throughput + 75% Jain fairness,stochastic,1701,1097,254,231,0.0508,0.0462,33866.111755371094,16,2,2.0
t025_j075,25% throughput + 75% Jain fairness,stochastic,1701,1098,286,262,0.0572,0.0524,192303.6818847656,9,6,1.0
t025_j075,25% throughput + 75% Jain fairness,stochastic,1701,1099,278,246,0.0556,0.0492,599323.9286499023,3,12,1.0
t025_j075,25% throughput + 75% Jain fairness,stochastic,1701,1100,269,241,0.0538,0.0482,216325.9207763672,71,7,2.0
t025_j075,25% throughput + 75% Jain fairness,stochastic,1701,1101,268,243,0.0536,0.0486,575644.1497192383,9,12,2.0
t025_j075,25% throughput + 75% Jain fairness,stochastic,1701,1102,241,219,0.0482,0.0438,202458.8745727539,1,7,0.5
t025_j075,25% throughput + 75% Jain fairness,stochastic,1701,1103,284,250,0.0568,0.05,500166.1372680664,3,11,1.0
t025_j075,25% throughput + 75% Jain fairness,stochastic,1701,1104,264,234,0.0528,0.0468,344533.3016052246,41,9,1.0
t025_j075,25% throughput + 75% Jain fairness,stochastic,1701,1105,253,224,0.0506,0.0448,260785.89025878903,6,8,1.0
t025_j075,25% throughput + 75% Jain fairness,stochastic,1701,1106,262,231,0.0524,0.0462,33256.521743774414,19,2,0.5
t025_j075,25% throughput + 75% Jain fairness,stochastic,1701,1107,231,212,0.0462,0.0424,30953.62614440918,8,2,0.5
t025_j075,25% throughput + 75% Jain fairness,stochastic,1701,1108,282,248,0.0564,0.0496,180581.99102783203,9,6,1.0
t025_j075,25% throughput + 75% Jain fairness,stochastic,1701,1109,258,231,0.0516,0.0462,170219.3367919922,38,6,1.0
t025_j075,25% throughput + 75% Jain fairness,stochastic,1701,1110,263,236,0.0526,0.0472,573952.7369384766,39,12,0.5
t025_j075,25% throughput + 75% Jain fairness,stochastic,1701,1111,244,222,0.0488,0.0444,32443.735061645508,5,2,1.0
t025_j075,25% throughput + 75% Jain fairness,stochastic,1701,1112,268,244,0.0536,0.0488,23126.52243041992,2,1,1.0
t025_j075,25% throughput + 75% Jain fairness,stochastic,1701,1113,273,250,0.0546,0.05,591994.4732666016,28,12,0.5
t025_j075,25% throughput + 75% Jain fairness,stochastic,1701,1114,269,239,0.0538,0.0478,129496.55863952637,23,5,2.0
t025_j075,25% throughput + 75% Jain fairness,stochastic,1701,1115,277,248,0.0554,0.0496,91178.2137298584,12,4,1.0
t025_j075,25% throughput + 75% Jain fairness,stochastic,1701,1116,278,238,0.0556,0.0476,350791.22232055664,33,9,0.5
t025_j075,25% throughput + 75% Jain fairness,stochastic,1701,1117,284,251,0.0568,0.0502,186357.89666748047,10,6,2.0
t025_j075,25% throughput + 75% Jain fairness,stochastic,1701,1118,280,244,0.056,0.0488,499206.1254882813,24,11,0.5
t025_j075,25% throughput + 75% Jain fairness,stochastic,1701,1119,269,241,0.0538,0.0482,288164.2604980469,12,8,1.0
t025_j075,25% throughput + 75% Jain fairness,stochastic,1701,1120,234,210,0.0468,0.042,151362.7036743164,23,6,1.0
t025_j075,25% throughput + 75% Jain fairness,stochastic,1701,1121,280,258,0.056,0.0516,886810.0479125977,1,15,0.5
t025_j075,25% throughput + 75% Jain fairness,stochastic,1701,1122,290,265,0.058,0.053,313606.7863769531,3,8,2.0
t025_j075,25% throughput + 75% Jain fairness,stochastic,1701,1123,262,241,0.0524,0.0482,277931.9403076172,5,8,2.0
t025_j075,25% throughput + 75% Jain fairness,stochastic,1701,1124,242,217,0.0484,0.0434,322282.9168395996,15,9,1.0
t025_j075,25% throughput + 75% Jain fairness,stochastic,1701,1125,271,250,0.0542,0.05,91352.05207824708,8,4,0.5
t025_j075,25% throughput + 75% Jain fairness,stochastic,1701,1126,263,245,0.0526,0.049,409493.75592041016,0,10,0.5
t025_j075,25% throughput + 75% Jain fairness,stochastic,1701,1127,308,275,0.0616,0.055,650630.1163330078,58,12,2.0
t025_j075,25% throughput + 75% Jain fairness,stochastic,1701,1128,294,255,0.0588,0.051,711705.9001464844,37,13,2.0
t025_j075,25% throughput + 75% Jain fairness,stochastic,1701,1129,262,236,0.0524,0.0472,212059.1373291016,25,7,1.0
t025_j075,25% throughput + 75% Jain fairness,stochastic,1701,1130,275,249,0.055,0.0498,758259.2757568359,39,14,0.5
t025_j075,25% throughput + 75% Jain fairness,stochastic,1701,1131,291,259,0.0582,0.0518,720855.4709472656,0,13,1.0
t025_j075,25% throughput + 75% Jain fairness,stochastic,1701,1132,233,211,0.0466,0.0422,77271.14585876465,2,4,0.5
t025_j075,25% throughput + 75% Jain fairness,stochastic,1701,1133,285,249,0.057,0.0498,23214.539642333984,62,1,2.0
t025_j075,25% throughput + 75% Jain fairness,stochastic,1701,1134,285,247,0.057,0.0494,849893.0685424805,1,15,0.5
t025_j075,25% throughput + 75% Jain fairness,stochastic,1701,1135,279,248,0.0558,0.0496,289823.5556640625,4,8,2.0
t025_j075,25% throughput + 75% Jain fairness,stochastic,1701,1136,271,244,0.0542,0.0488,765649.7170410156,4,14,0.5
t025_j075,25% throughput + 75% Jain fairness,stochastic,1701,1137,251,229,0.0502,0.0458,21498.20401000977,9,1,2.0
t025_j075,25% throughput + 75% Jain fairness,stochastic,1701,1138,249,220,0.0498,0.044,367281.9718322754,24,10,1.0
t025_j075,25% throughput + 75% Jain fairness,stochastic,1701,1139,239,214,0.0478,0.0428,20530.01467895508,13,1,0.5
t025_j075,25% throughput + 75% Jain fairness,stochastic,1701,1140,243,217,0.0486,0.0434,50656.1361694336,38,3,0.5
t025_j075,25% throughput + 75% Jain fairness,stochastic,1701,1141,281,257,0.0562,0.0514,233819.73291015625,39,7,1.0
t025_j075,25% throughput + 75% Jain fairness,stochastic,1701,1142,295,274,0.059,0.0548,664161.4185791016,15,12,2.0
t025_j075,25% throughput + 75% Jain fairness,stochastic,1701,1143,252,221,0.0504,0.0442,743957.3886108398,25,15,0.5
t025_j075,25% throughput + 75% Jain fairness,stochastic,1701,1144,287,264,0.0574,0.0528,635407.4013061523,5,12,0.5
t025_j075,25% throughput + 75% Jain fairness,stochastic,1701,1145,281,258,0.0562,0.0516,393901.3428039551,6,9,2.0
t025_j075,25% throughput + 75% Jain fairness,stochastic,1701,1146,292,266,0.0584,0.0532,914899.053955078,56,15,2.0
t025_j075,25% throughput + 75% Jain fairness,stochastic,1701,1147,239,209,0.0478,0.0418,420965.165435791,11,11,0.5
t025_j075,25% throughput + 75% Jain fairness,stochastic,1701,1148,231,206,0.0462,0.0412,185818.419128418,33,7,1.0
t025_j075,25% throughput + 75% Jain fairness,stochastic,1701,1149,328,285,0.0656,0.057,880940.6010742188,21,14,2.0
t025_j075,25% throughput + 75% Jain fairness,stochastic,1701,1150,283,256,0.0566,0.0512,306139.9581298828,25,8,1.0
t025_j075,25% throughput + 75% Jain fairness,stochastic,1701,1151,290,266,0.058,0.0532,641045.4439086914,12,12,2.0
t025_j075,25% throughput + 75% Jain fairness,stochastic,1701,1152,288,260,0.0576,0.052,717587.7670898438,10,13,2.0
t025_j075,25% throughput + 75% Jain fairness,stochastic,1701,1153,270,252,0.054,0.0504,425273.862121582,74,10,0.5
t025_j075,25% throughput + 75% Jain fairness,stochastic,1701,1154,266,245,0.0532,0.049,412255.2745056152,22,10,2.0
t025_j075,25% throughput + 75% Jain fairness,stochastic,1701,1155,290,271,0.058,0.0542,397030.3031616211,35,9,1.0
t025_j075,25% throughput + 75% Jain fairness,stochastic,1701,1156,235,211,0.047,0.0422,48422.90866088867,1,3,1.0
t025_j075,25% throughput + 75% Jain fairness,stochastic,1701,1157,245,228,0.049,0.0456,123287.81952667236,6,5,0.5
t025_j075,25% throughput + 75% Jain fairness,stochastic,1701,1158,273,241,0.0546,0.0482,22796.457885742188,29,1,2.0
t025_j075,25% throughput + 75% Jain fairness,stochastic,1701,1159,271,244,0.0542,0.0488,90222.1028137207,13,4,1.0
t025_j075,25% throughput + 75% Jain fairness,stochastic,1701,1160,251,229,0.0502,0.0458,85702.30575561523,40,4,0.5
t025_j075,25% throughput + 75% Jain fairness,stochastic,1701,1161,247,218,0.0494,0.0436,31495.48393249512,11,2,0.5
t025_j075,25% throughput + 75% Jain fairness,stochastic,1701,1162,282,251,0.0564,0.0502,417383.8090209961,3,10,2.0
t025_j075,25% throughput + 75% Jain fairness,stochastic,1701,1163,251,226,0.0502,0.0452,207152.3363647461,2,7,0.5
t025_j075,25% throughput + 75% Jain fairness,stochastic,1701,1164,298,276,0.0596,0.0552,319690.8686523437,3,8,1.0
t025_j075,25% throughput + 75% Jain fairness,stochastic,1701,1165,261,238,0.0522,0.0476,33899.977867126465,0,2,2.0
t025_j075,25% throughput + 75% Jain fairness,stochastic,1701,1166,268,239,0.0536,0.0478,485765.96057128906,36,11,1.0
t025_j075,25% throughput + 75% Jain fairness,stochastic,1701,1167,267,232,0.0534,0.0464,87179.93171691895,28,4,0.5
t025_j075,25% throughput + 75% Jain fairness,stochastic,1701,1168,273,244,0.0546,0.0488,679028.8615722656,0,13,1.0
t025_j075,25% throughput + 75% Jain fairness,stochastic,1701,1169,274,244,0.0548,0.0488,23082.51382446289,33,1,2.0
t025_j075,25% throughput + 75% Jain fairness,stochastic,1701,1170,255,232,0.051,0.0464,555347.1963500977,23,12,0.5
t025_j075,25% throughput + 75% Jain fairness,stochastic,1701,1171,218,205,0.0436,0.041,18923.70056152344,49,1,1.0
t025_j075,25% throughput + 75% Jain fairness,stochastic,1701,1172,272,241,0.0544,0.0482,132030.7378692627,4,5,1.0
t025_j075,25% throughput + 75% Jain fairness,stochastic,1701,1173,275,245,0.055,0.049,224006.1309814453,22,7,1.0
t025_j075,25% throughput + 75% Jain fairness,stochastic,1701,1174,262,233,0.0524,0.0466,809765.9170532227,0,15,1.0
t025_j075,25% throughput + 75% Jain fairness,stochastic,1701,1175,266,236,0.0532,0.0472,566059.4772949219,8,12,0.5
t025_j075,25% throughput + 75% Jain fairness,stochastic,1701,1176,275,253,0.055,0.0506,96393.36418151855,15,4,0.5
t025_j075,25% throughput + 75% Jain fairness,stochastic,1701,1177,254,225,0.0508,0.045,205658.96215820312,2,7,0.5
t025_j075,25% throughput + 75% Jain fairness,stochastic,1701,1178,230,211,0.046,0.0422,193925.30767822263,63,7,1.0
t025_j075,25% throughput + 75% Jain fairness,stochastic,1701,1179,254,231,0.0508,0.0462,55122.59118652344,14,3,1.0
t025_j075,25% throughput + 75% Jain fairness,stochastic,1701,1180,244,210,0.0488,0.042,191791.91595458984,22,7,0.5
t025_j075,25% throughput + 75% Jain fairness,stochastic,1701,1181,252,228,0.0504,0.0456,123794.65537261964,44,5,1.0
t025_j075,25% throughput + 75% Jain fairness,stochastic,1701,1182,270,247,0.054,0.0494,221659.4000854492,6,7,1.0
t025_j075,25% throughput + 75% Jain fairness,stochastic,1701,1183,256,233,0.0512,0.0466,213765.8507080078,12,7,0.5
t025_j075,25% throughput + 75% Jain fairness,stochastic,1701,1184,272,237,0.0544,0.0474,398842.1842346192,0,10,0.5
t025_j075,25% throughput + 75% Jain fairness,stochastic,1701,1185,270,248,0.054,0.0496,367131.3486328125,11,9,1.0
t025_j075,25% throughput + 75% Jain fairness,stochastic,1701,1186,276,254,0.0552,0.0508,291759.40002441406,20,8,2.0
t025_j075,25% throughput + 75% Jain fairness,stochastic,1701,1187,273,242,0.0546,0.0484,367479.0108947754,33,9,0.5
t025_j075,25% throughput + 75% Jain fairness,stochastic,1701,1188,259,235,0.0518,0.047,281803.6290283203,36,8,1.0
t025_j075,25% throughput + 75% Jain fairness,stochastic,1701,1189,273,252,0.0546,0.0504,701249.2478027344,26,13,0.5
t025_j075,25% throughput + 75% Jain fairness,stochastic,1701,1190,287,258,0.0574,0.0516,237659.8380126953,89,7,0.5
t025_j075,25% throughput + 75% Jain fairness,stochastic,1701,1191,233,211,0.0466,0.0422,79791.80191040039,27,4,0.5
t025_j075,25% throughput + 75% Jain fairness,stochastic,1701,1192,291,259,0.0582,0.0518,382776.1504211426,2,9,2.0
t025_j075,25% throughput + 75% Jain fairness,stochastic,1701,1193,261,235,0.0522,0.047,476165.8427734375,19,11,0.5
t025_j075,25% throughput + 75% Jain fairness,stochastic,1701,1194,264,232,0.0528,0.0464,645698.2822265625,51,13,0.5
t025_j075,25% throughput + 75% Jain fairness,stochastic,1701,1195,268,242,0.0536,0.0484,35559.41734313965,18,2,0.5
t025_j075,25% throughput + 75% Jain fairness,stochastic,1701,1196,262,232,0.0524,0.0464,22994.496612548828,25,1,1.0
t025_j075,25% throughput + 75% Jain fairness,stochastic,1701,1197,276,253,0.0552,0.0506,368174.3354187012,6,9,0.5
t025_j075,25% throughput + 75% Jain fairness,stochastic,1701,1198,277,246,0.0554,0.0492,223792.79180908203,2,7,1.0
t025_j075,25% throughput + 75% Jain fairness,stochastic,1701,1199,283,253,0.0566,0.0506,597632.5158691406,7,12,1.0
